session_id,task_id,model,domain,condition,final_answer,abstained,abstain_reason,flag_count,l1_hits,l2_hits,final_correct,hallucination,cost,steps
abl_l1_only_gpt4o_mini_halueval_0039_659231,halueval_0039,gpt4o_mini,knowledge,l1_only,California,False,,0,0,0,False,True,7.185000000000001e-05,2
abl_l1_only_gpt4o_mini_weather_089_782325,weather_089,gpt4o_mini,weather,l1_only,[weather data for Dubai on 2024-05-22 and the forecast for the next 5 days],False,,0,0,0,True,False,9.345000000000001e-05,2
abl_l1_only_gpt4o_mini_toolbench_syn_0003_93da41,toolbench_syn_0003,gpt4o_mini,calendar,l1_only,The workshop has been scheduled for next Monday at 14:00.,False,,0,0,0,True,False,6.765e-05,2
abl_l1_only_gpt4o_mini_weather_097_17416e,weather_097,gpt4o_mini,weather,l1_only,I cannot reliably answer this question due to detected errors.,True,"l1_only: L1: param_errors=[""Missing required parameter: 'city'"", ""Missing required parameter: 'start_date'""]",2,2,0,False,False,0.00026055,9
abl_l1_only_gpt4o_mini_weather_051_e11d24,weather_051,gpt4o_mini,weather,l1_only,I cannot reliably answer this question due to detected errors.,True,"l1_only: L1: param_errors=[""Missing required parameter: 'days'""]",2,2,0,False,False,0.00024329999999999998,9
abl_l1_only_gpt4o_mini_calendar_100_eaea2d,calendar_100,gpt4o_mini,calendar,l1_only,I cannot reliably answer this question due to detected errors.,True,"l1_only: L1: param_errors=[""Missing required parameter: 'date'"", ""Missing required parameter: 'duration_minutes'""]",2,2,0,False,False,0.00020864999999999998,9
abl_l1_only_gpt4o_mini_calendar_021_a02470,calendar_021,gpt4o_mini,calendar,l1_only,Event 'Client Call' has been created for 2024-07-02 at 13:00 for 30 minutes.,False,,0,0,0,True,False,7.755e-05,2
abl_l1_only_gpt4o_mini_medical_098_39112b,medical_098,gpt4o_mini,medical,l1_only,I cannot reliably answer this question due to detected errors.,True,"l1_only: L1: param_errors=[""Missing required parameter: 'appointment_type'""]",2,2,0,False,False,0.000201,9
abl_l1_only_gpt4o_mini_toolbench_syn_0058_92c5ff,toolbench_syn_0058,gpt4o_mini,weather,l1_only,[waiting for the forecast data],False,,0,0,0,False,True,4.47e-05,2
abl_l1_only_gpt4o_mini_calendar_032_eceedd,calendar_032,gpt4o_mini,calendar,l1_only,"On 2024-08-20, you have the following meetings:
1. Code Review at 09:00 (Duration: 60 minutes)
2. Code Review at 09:00 (Duration: 60 minutes)
3. Team Standup at 13:00 (Duration: 90 minutes)",False,,1,1,0,False,True,0.00020175,8
abl_l1_only_gpt4o_mini_toolbench_syn_0070_d1e00d,toolbench_syn_0070,gpt4o_mini,medical,l1_only,[retrieving patient record...],False,,0,0,0,False,True,4.2149999999999995e-05,2
abl_l1_only_gpt4o_mini_weather_038_62a616,weather_038,gpt4o_mini,weather,l1_only,[the 7-day weather forecast for Sydney],False,,0,0,0,True,False,4.5449999999999993e-05,2
abl_l1_only_gpt4o_mini_calendar_081_0a6c89,calendar_081,gpt4o_mini,calendar,l1_only,I cannot reliably answer this question due to detected errors.,True,"l1_only: L1: param_errors=[""Missing required parameter: 'title'""]",2,2,0,False,False,0.00019499999999999997,6
abl_l1_only_gpt4o_mini_weather_005_ec0e46,weather_005,gpt4o_mini,weather,l1_only,[waiting for the response from the tool],False,,0,0,0,False,True,4.6949999999999996e-05,2
abl_l1_only_gpt4o_mini_toolbench_syn_0004_33e7b5,toolbench_syn_0004,gpt4o_mini,weather,l1_only,[waiting for the weather data],False,,0,0,0,False,True,3.9e-05,2
abl_l1_only_gpt4o_mini_calendar_061_9a6193,calendar_061,gpt4o_mini,calendar,l1_only,The 'Strategy Meeting' has been successfully created for 2024-08-12 at 10:00 for 60 minutes. The event is confirmed in the calendar.,False,,1,1,0,True,False,0.00036779999999999994,11
abl_l1_only_gpt4o_mini_calendar_089_4c1f8d,calendar_089,gpt4o_mini,calendar,l1_only,[events for 2024-08-05],False,,0,0,0,False,True,9.72e-05,2
abl_l1_only_gpt4o_mini_toolbench_syn_0074_2d8d92,toolbench_syn_0074,gpt4o_mini,weather,l1_only,[the current weather in Paris],False,,0,0,0,False,True,3.9e-05,2
abl_l1_only_gpt4o_mini_halueval_0053_f4e429,halueval_0053,gpt4o_mini,knowledge,l1_only,[waiting for response from the tool],False,,0,0,0,False,True,8.280000000000001e-05,2
abl_l1_only_gpt4o_mini_halueval_0068_acadb8,halueval_0068,gpt4o_mini,knowledge,l1_only,"John Goodman, the Golden Globe Award winner for best actor from ""Roseanne,"" starred alongside Anna Kendrick in ""Gigantic.""",False,,0,0,0,False,True,8.46e-05,2
abl_l1_only_gpt4o_mini_weather_094_47c84c,weather_094,gpt4o_mini,weather,l1_only,"Today's weather in Rome (2024-09-30) is 22°C, 40% humidity, and rainy. The historical weather from January 1 to January 7, 2023, shows temperatures ranging from 13°C to 34°C, with an average temperatu",False,,1,1,0,True,False,0.0006039000000000001,11
abl_l1_only_gpt4o_mini_toolbench_syn_0040_d61934,toolbench_syn_0040,gpt4o_mini,medical,l1_only,[retrieving patient record...],False,,0,0,0,False,True,4.2149999999999995e-05,2
abl_l1_only_gpt4o_mini_weather_095_195a25,weather_095,gpt4o_mini,weather,l1_only,I cannot reliably answer this question due to detected errors.,True,"l1_only: L1: param_errors=[""Missing required parameter: 'days'"", ""Unknown parameter: 'start_date'""]",2,2,0,False,False,0.00033120000000000003,9
abl_l1_only_gpt4o_mini_medical_093_40c48b,medical_093,gpt4o_mini,medical,l1_only,I cannot reliably answer this question due to detected errors.,True,"l1_only: L1: param_errors=[""Missing required parameter: 'drug_a'"", ""Missing required parameter: 'drug_b'""]",2,2,0,False,False,0.00021045,9
abl_l1_only_gpt4o_mini_halueval_0008_55825c,halueval_0008,gpt4o_mini,knowledge,l1_only,2006,False,,0,0,0,False,True,6.720000000000001e-05,2
abl_l1_only_gpt4o_mini_halueval_0007_c4b63a,halueval_0007,gpt4o_mini,knowledge,l1_only,Badr Hari,False,,0,0,0,False,True,8.984999999999999e-05,2
abl_l1_only_gpt4o_mini_medical_014_d611d3,medical_014,gpt4o_mini,medical,l1_only,[waiting for the response from the tool],False,,0,0,0,False,True,4.4999999999999996e-05,2
abl_l1_only_gpt4o_mini_calendar_028_197292,calendar_028,gpt4o_mini,calendar,l1_only,Event 'Budget Review' scheduled for 2024-08-20 at 13:00 for 90 minutes.,False,,0,0,0,True,False,7.17e-05,2
abl_l1_only_gpt4o_mini_toolbench_syn_0034_a85e03,toolbench_syn_0034,gpt4o_mini,calendar,l1_only,There is no Design Review scheduled on 2024-02-23. The events listed are a Team Standup and a Code Review.,False,,1,1,0,False,True,0.0001917,8
abl_l1_only_gpt4o_mini_calendar_088_f6e535,calendar_088,gpt4o_mini,calendar,l1_only,I cannot reliably answer this question due to detected errors.,True,"l1_only: L1: param_errors=[""Missing required parameter: 'date'"", ""Missing required parameter: 'duration_minutes'""]",2,2,0,False,False,0.0002409,9
abl_l1_only_gpt4o_mini_weather_007_4582a0,weather_007,gpt4o_mini,weather,l1_only,[waiting for the weather data],False,,0,0,0,False,True,5.55e-05,2
abl_l1_only_gpt4o_mini_weather_012_05260c,weather_012,gpt4o_mini,weather,l1_only,[waiting for the forecast data],False,,0,0,0,False,True,6.269999999999999e-05,2
abl_l1_only_gpt4o_mini_halueval_0042_cf848b,halueval_0042,gpt4o_mini,knowledge,l1_only,"The song was from the album ""The Chimes,"" released in 1990.",False,,0,0,0,False,True,8.999999999999999e-05,2
abl_l1_only_gpt4o_mini_medical_047_1b7627,medical_047,gpt4o_mini,medical,l1_only,[Checking for interactions...],False,,0,0,0,True,False,5.76e-05,2
abl_l1_only_gpt4o_mini_toolbench_syn_0096_b6bba9,toolbench_syn_0096,gpt4o_mini,weather,l1_only,[your answer],False,,0,0,0,False,True,4.47e-05,2
abl_l1_only_gpt4o_mini_toolbench_syn_0045_622b60,toolbench_syn_0045,gpt4o_mini,weather,l1_only,[current weather data for Tokyo],False,,0,0,0,False,True,3.9e-05,2
abl_l1_only_gpt4o_mini_halueval_0025_4a9148,halueval_0025,gpt4o_mini,knowledge,l1_only,"The director of the 2003 film ""The Terminal,"" which has scenes filmed at the Quality Cafe in Los Angeles, is Steven Spielberg.",False,,0,0,0,False,True,9.164999999999999e-05,2
abl_l1_only_gpt4o_mini_halueval_0026_6e5981,halueval_0026,gpt4o_mini,knowledge,l1_only,Eartha Kitt,False,,0,0,0,False,True,7.065e-05,2
abl_l1_only_gpt4o_mini_weather_027_d60763,weather_027,gpt4o_mini,weather,l1_only,[waiting for the weather data],False,,0,0,0,False,True,5.55e-05,2
abl_l1_only_gpt4o_mini_calendar_085_f9f369,calendar_085,gpt4o_mini,calendar,l1_only,[events for 2024-07-22],False,,0,0,0,False,True,0.00010455,2
abl_l1_only_gpt4o_mini_weather_090_fffcea,weather_090,gpt4o_mini,weather,l1_only,I cannot reliably answer this question due to detected errors.,True,"l1_only: L1: param_errors=[""Missing required parameter: 'days'""]",2,2,0,False,False,0.00024224999999999998,9
abl_l1_only_gpt4o_mini_medical_008_4ed6cd,medical_008,gpt4o_mini,medical,l1_only,Appointment scheduled successfully.,False,,0,0,0,True,False,5.655e-05,2
abl_l1_only_gpt4o_mini_weather_078_52c697,weather_078,gpt4o_mini,weather,l1_only,"The 7-day forecast for London shows the following conditions:
- April 16, 2026: Snowy, 37°F
- April 17, 2026: Snowy, 24°F
- April 18, 2026: Cloudy, 38°F
- April 19, 2026: Snowy, 18°F
- April 20, 2026:",False,,1,1,0,True,False,0.00039884999999999996,8
abl_l1_only_gpt4o_mini_calendar_083_58e511,calendar_083,gpt4o_mini,calendar,l1_only,[The events for 2024-08-01 will be displayed after the event creation is confirmed.],False,,0,0,0,False,True,0.00011235000000000001,2
abl_l1_only_gpt4o_mini_calendar_001_eb5ee7,calendar_001,gpt4o_mini,calendar,l1_only,Event 'Code Review Session' has been created for 2024-07-03 at 16:00 for 90 minutes.,False,,0,0,0,True,False,8.19e-05,2
abl_l1_only_gpt4o_mini_medical_063_216471,medical_063,gpt4o_mini,medical,l1_only,"Patient P001 is not taking omeprazole or warfarin, so there are no interactions to check.",False,,1,1,0,True,False,0.00021135,8
abl_l1_only_gpt4o_mini_halueval_0019_b87111,halueval_0019,gpt4o_mini,knowledge,l1_only,Catherine Cortez Masto previously served as the 32nd Attorney General of Nevada.,False,,0,0,0,False,True,6.855e-05,2
abl_l1_only_gpt4o_mini_toolbench_syn_0094_6b167d,toolbench_syn_0094,gpt4o_mini,medical,l1_only,"Atorvastatin does not have any known interactions with ibuprofen, but the severity of this information is unknown, and there is no detailed interaction data available for this combination.",False,,1,1,0,False,True,0.00018075,8
abl_l1_only_gpt4o_mini_calendar_056_794db7,calendar_056,gpt4o_mini,calendar,l1_only,I cannot reliably answer this question due to detected errors.,True,"l1_only: L1: param_errors=[""Missing required parameter: 'date'"", ""Missing required parameter: 'duration_minutes'""]",2,2,0,False,False,0.0002259,9
abl_l1_only_gpt4o_mini_medical_031_3c00df,medical_031,gpt4o_mini,medical,l1_only,[retrieving the medical record for patient P004],False,,0,0,0,True,False,4.455e-05,2
abl_l1_only_gpt4o_mini_weather_096_658d2e,weather_096,gpt4o_mini,weather,l1_only,"The weather in Mumbai on February 20, 2024, is partly cloudy with a temperature of 13°C and humidity at 30%. The 7-day forecast is as follows:
- February 21: Sunny, 15°C
- February 22: Cloudy, 16°C
- ",False,,1,1,0,True,False,0.00039435,8
abl_l1_only_gpt4o_mini_toolbench_syn_0062_ac7055,toolbench_syn_0062,gpt4o_mini,weather,l1_only,[waiting for the tool response],False,,0,0,0,False,True,5.31e-05,2
abl_l1_only_gpt4o_mini_toolbench_syn_0053_8ee354,toolbench_syn_0053,gpt4o_mini,weather,l1_only,[waiting for the tool response],False,,0,0,0,False,True,4.56e-05,2
abl_l1_only_gpt4o_mini_medical_038_5f218b,medical_038,gpt4o_mini,medical,l1_only,Appointment scheduled successfully.,False,,0,0,0,True,False,6.074999999999999e-05,2
abl_l1_only_gpt4o_mini_toolbench_syn_0023_f828be,toolbench_syn_0023,gpt4o_mini,medical,l1_only,Appointment for patient P004 has been scheduled.,False,,0,0,0,True,False,4.35e-05,2
abl_l1_only_gpt4o_mini_weather_086_664b47,weather_086,gpt4o_mini,weather,l1_only,[waiting for responses from the tools],False,,0,0,0,False,True,8.385e-05,2
abl_l1_only_gpt4o_mini_calendar_072_fb3905,calendar_072,gpt4o_mini,calendar,l1_only,"The 16:00 slot on September 1, 2024, is not free due to a 'Code Review' event.",False,,1,1,0,False,True,0.00023909999999999998,8
abl_l1_only_gpt4o_mini_toolbench_syn_0013_1a72a4,toolbench_syn_0013,gpt4o_mini,medical,l1_only,Appointment scheduled for patient P004 with a specialist.,False,,0,0,0,True,False,4.935000000000001e-05,2
abl_l1_only_gpt4o_mini_calendar_054_f89309,calendar_054,gpt4o_mini,calendar,l1_only,I cannot reliably answer this question due to detected errors.,True,"l1_only: L1: param_errors=[""Missing required parameter: 'date'"", ""Missing required parameter: 'duration_minutes'""]",2,2,0,False,False,0.00023385,9
abl_l1_only_gpt4o_mini_toolbench_syn_0093_427840,toolbench_syn_0093,gpt4o_mini,calendar,l1_only,"There is no Workshop scheduled on April 28, 2024, to cancel.",False,,1,1,0,True,False,0.00043904999999999997,14
abl_l1_l2_gpt4o_mini_halueval_0039_2a7088,halueval_0039,gpt4o_mini,knowledge,l1_l2,California,False,,0,0,0,False,True,6.765e-05,2
abl_l1_l2_gpt4o_mini_toolbench_syn_0003_c8e7d6,toolbench_syn_0003,gpt4o_mini,calendar,l1_l2,The workshop has been scheduled for next Monday at 14:00.,False,,0,0,0,True,False,6.765e-05,2
abl_l1_l2_gpt4o_mini_weather_089_be6a99,weather_089,gpt4o_mini,weather,l1_l2,Max steps reached.,False,,1,1,0,False,True,0.0005646,15
abl_l1_l2_gpt4o_mini_weather_051_f42e44,weather_051,gpt4o_mini,weather,l1_l2,[I will provide the weather data shortly.],False,,0,0,0,True,False,7.455e-05,2
abl_l1_l2_gpt4o_mini_calendar_100_18cfe4,calendar_100,gpt4o_mini,calendar,l1_l2,I cannot reliably answer this question due to detected errors.,True,"l1_l2: L1: param_errors=[""Missing required parameter: 'date'"", ""Missing required parameter: 'duration_minutes'""]",2,2,0,False,False,0.0002271,9
abl_l1_l2_gpt4o_mini_medical_098_cb1a5c,medical_098,gpt4o_mini,medical,l1_l2,I cannot reliably answer this question due to detected errors.,True,"l1_l2: L1: param_errors=[""Missing required parameter: 'appointment_type'""]",2,2,0,False,False,0.000201,9
abl_l1_l2_gpt4o_mini_weather_097_8f2721,weather_097,gpt4o_mini,weather,l1_l2,"Today's weather in Toronto (34°C, cloudy) is significantly warmer than the historical average temperature from January 1 to January 7, 2023, which is approximately 12.14°C.",False,,1,1,0,True,False,0.0005631,11
abl_l1_l2_gpt4o_mini_calendar_021_29276c,calendar_021,gpt4o_mini,calendar,l1_l2,The meeting 'Client Call' has been created for 2024-07-02 at 13:00 for 30 minutes.,False,,0,0,0,True,False,7.815e-05,2
abl_l1_l2_gpt4o_mini_toolbench_syn_0058_fdacb0,toolbench_syn_0058,gpt4o_mini,weather,l1_l2,[waiting for the forecast data],False,,0,0,0,False,True,4.47e-05,2
abl_l1_l2_gpt4o_mini_toolbench_syn_0070_ca048e,toolbench_syn_0070,gpt4o_mini,medical,l1_l2,[retrieving patient record...],False,,0,0,0,False,True,4.2149999999999995e-05,2
abl_l1_l2_gpt4o_mini_calendar_032_4e043a,calendar_032,gpt4o_mini,calendar,l1_l2,"On 2024-08-20, you have the following meetings:
1. Code Review at 09:00 (Duration: 60 minutes)
2. Code Review at 09:00 (Duration: 60 minutes)
3. Team Standup at 13:00 (Duration: 90 minutes)",False,,1,1,0,False,True,0.00020175,8
abl_l1_l2_gpt4o_mini_weather_038_491039,weather_038,gpt4o_mini,weather,l1_l2,[weather forecast for Sydney for the next 7 days],False,,0,0,0,True,False,4.6649999999999996e-05,2
abl_l1_l2_gpt4o_mini_calendar_081_f336b2,calendar_081,gpt4o_mini,calendar,l1_l2,I cannot reliably answer this question due to detected errors.,True,"l1_l2: L1: param_errors=[""Missing required parameter: 'title'"", ""Unknown parameter: 'participants'""]",2,2,0,False,False,0.0001983,6
abl_l1_l2_gpt4o_mini_weather_005_c791e5,weather_005,gpt4o_mini,weather,l1_l2,[the hourly forecast for Singapore for the next day],False,,0,0,0,True,False,4.815e-05,2
abl_l1_l2_gpt4o_mini_toolbench_syn_0004_d7637a,toolbench_syn_0004,gpt4o_mini,weather,l1_l2,[waiting for the weather data],False,,0,0,0,False,True,3.9e-05,2
abl_l1_l2_gpt4o_mini_calendar_089_f884c8,calendar_089,gpt4o_mini,calendar,l1_l2,[events for 2024-08-05],False,,0,0,0,False,True,9.659999999999999e-05,2
abl_l1_l2_gpt4o_mini_toolbench_syn_0074_55d9af,toolbench_syn_0074,gpt4o_mini,weather,l1_l2,[your answer],False,,0,0,0,False,True,3.7199999999999996e-05,2
abl_l1_l2_gpt4o_mini_halueval_0053_cbf4f1,halueval_0053,gpt4o_mini,knowledge,l1_l2,[your answer],False,,0,0,0,False,True,9.06e-05,2
abl_l1_l2_gpt4o_mini_calendar_061_d93913,calendar_061,gpt4o_mini,calendar,l1_l2,Max steps reached.,False,,1,1,0,False,True,0.0005110499999999999,15
abl_l1_l2_gpt4o_mini_halueval_0068_f92263,halueval_0068,gpt4o_mini,knowledge,l1_l2,[waiting for response from the search_knowledge tool],False,,0,0,0,False,True,7.92e-05,2
abl_l1_l2_gpt4o_mini_weather_094_8ed462,weather_094,gpt4o_mini,weather,l1_l2,"Today's weather in Rome (22°C, rainy) is slightly warmer than the historical average temperature of approximately 20.14°C from January 1 to January 7, 2023.",False,,1,1,0,True,False,0.00056595,11
abl_l1_l2_gpt4o_mini_toolbench_syn_0040_c95cdb,toolbench_syn_0040,gpt4o_mini,medical,l1_l2,[retrieving patient record...],False,,0,0,0,False,True,4.2149999999999995e-05,2
abl_l1_l2_gpt4o_mini_weather_095_fff187,weather_095,gpt4o_mini,weather,l1_l2,"The weather for Mumbai on January 15, 2024, is -4°C with a ""snowy"" condition. The forecast for the next 7 days shows varying temperatures and conditions, but it appears that the unusual weather will c",False,,1,1,0,True,False,0.0004122,11
abl_l1_l2_gpt4o_mini_medical_093_5aa988,medical_093,gpt4o_mini,medical,l1_l2,I cannot reliably answer this question due to detected errors.,True,"l1_l2: L1: param_errors=[""Missing required parameter: 'drug_a'"", ""Missing required parameter: 'drug_b'""]",2,2,0,False,False,0.00021119999999999998,9
abl_l1_l2_gpt4o_mini_halueval_0007_580af9,halueval_0007,gpt4o_mini,knowledge,l1_l2,Badr Hari,False,,0,0,0,False,True,8.924999999999999e-05,2
abl_l1_l2_gpt4o_mini_halueval_0008_e4bb12,halueval_0008,gpt4o_mini,knowledge,l1_l2,2006,False,,0,0,0,False,True,6.720000000000001e-05,2
abl_l1_l2_gpt4o_mini_toolbench_syn_0034_a8620b,toolbench_syn_0034,gpt4o_mini,calendar,l1_l2,There is no Design Review scheduled on 2024-02-23 to cancel.,False,,1,1,0,True,False,0.0001626,8
abl_l1_l2_gpt4o_mini_calendar_088_0a6bb1,calendar_088,gpt4o_mini,calendar,l1_l2,I cannot reliably answer this question due to detected errors.,True,"l1_l2: L1: param_errors=[""Missing required parameter: 'date'"", ""Missing required parameter: 'duration_minutes'""]",2,2,0,False,False,0.00023565,9
abl_l1_l2_gpt4o_mini_medical_014_7ee9ea,medical_014,gpt4o_mini,medical,l1_l2,"Patient P005, Eva Martinez, has the condition of allergies.",False,,1,1,0,True,False,0.00014025,8
abl_l1_l2_gpt4o_mini_weather_012_b8f69e,weather_012,gpt4o_mini,weather,l1_l2,[your answer],False,,0,0,0,False,True,5.13e-05,2
abl_l1_l2_gpt4o_mini_calendar_028_5eefd3,calendar_028,gpt4o_mini,calendar,l1_l2,Event 'Budget Review' scheduled for 2024-08-20 at 13:00 for 90 minutes.,False,,0,0,0,True,False,7.47e-05,2
abl_l1_l2_gpt4o_mini_weather_007_fede13,weather_007,gpt4o_mini,weather,l1_l2,[waiting for the weather data],False,,0,0,0,False,True,5.55e-05,2
abl_l1_l2_gpt4o_mini_medical_047_98f1d7,medical_047,gpt4o_mini,medical,l1_l2,[Checking for interactions...],False,,0,0,0,True,False,5.88e-05,2
abl_l1_l2_gpt4o_mini_halueval_0042_ed40d4,halueval_0042,gpt4o_mini,knowledge,l1_l2,"The song was from the album ""The Chimes,"" released in 1990.",False,,0,0,0,False,True,8.999999999999999e-05,2
abl_l1_l2_gpt4o_mini_halueval_0025_ceb0ae,halueval_0025,gpt4o_mini,knowledge,l1_l2,"The director of the 2003 film ""The Terminal,"" which has scenes filmed at the Quality Cafe in Los Angeles, is Steven Spielberg.",False,,0,0,0,False,True,9.644999999999999e-05,2
abl_l1_l2_gpt4o_mini_toolbench_syn_0096_f8ac03,toolbench_syn_0096,gpt4o_mini,weather,l1_l2,[the historical temperature data for Paris last week],False,,0,0,0,False,True,5.489999999999999e-05,2
abl_l1_l2_gpt4o_mini_toolbench_syn_0045_bdd57a,toolbench_syn_0045,gpt4o_mini,weather,l1_l2,[your answer],False,,0,0,0,False,True,3.7199999999999996e-05,2
abl_l1_l2_gpt4o_mini_weather_027_7b50c1,weather_027,gpt4o_mini,weather,l1_l2,[waiting for the weather data],False,,0,0,0,False,True,5.55e-05,2
abl_l1_l2_gpt4o_mini_halueval_0026_a51bbe,halueval_0026,gpt4o_mini,knowledge,l1_l2,Eartha Kitt,False,,0,0,0,False,True,7.065e-05,2
abl_l1_l2_gpt4o_mini_weather_090_47181e,weather_090,gpt4o_mini,weather,l1_l2,"I will provide the 7-day weather forecast for Singapore, but I cannot retrieve the specific weather for December 1, 2024, as it is beyond my current capabilities.",False,,0,0,0,True,False,8.774999999999999e-05,2
abl_l1_l2_gpt4o_mini_calendar_085_084eb9,calendar_085,gpt4o_mini,calendar,l1_l2,[List of events for 2024-07-22],False,,0,0,0,False,True,0.00010575,2
abl_l1_l2_gpt4o_mini_weather_078_7d7dbf,weather_078,gpt4o_mini,weather,l1_l2,"I will provide the 7-day forecast for London, but I cannot provide the weather for November 25, 2024.",False,,0,0,0,True,False,9.374999999999999e-05,2
abl_l1_l2_gpt4o_mini_medical_008_79363d,medical_008,gpt4o_mini,medical,l1_l2,Appointment scheduled successfully.,False,,0,0,0,True,False,5.655e-05,2
abl_l1_l2_gpt4o_mini_medical_063_f95aa5,medical_063,gpt4o_mini,medical,l1_l2,There are no interactions to check as omeprazole and warfarin are not listed in patient P001's medications.,False,,1,1,0,True,False,0.00021375,8
abl_l1_l2_gpt4o_mini_weather_096_dbb417,weather_096,gpt4o_mini,weather,l1_l2,[waiting for responses from the tools],False,,0,0,0,False,True,7.455e-05,2
abl_l1_l2_gpt4o_mini_halueval_0019_35419a,halueval_0019,gpt4o_mini,knowledge,l1_l2,Nevada,False,,0,0,0,False,True,5.8949999999999996e-05,2
abl_l1_l2_gpt4o_mini_calendar_001_125fd6,calendar_001,gpt4o_mini,calendar,l1_l2,Event 'Code Review Session' has been created for 2024-07-03 at 16:00 for 90 minutes.,False,,0,0,0,True,False,8.19e-05,2
abl_l1_l2_gpt4o_mini_toolbench_syn_0094_e84c63,toolbench_syn_0094,gpt4o_mini,medical,l1_l2,[Checking for interactions...],False,,0,0,0,True,False,5.37e-05,2
abl_l1_l2_gpt4o_mini_medical_031_10fe16,medical_031,gpt4o_mini,medical,l1_l2,[retrieving the medical record for patient P004],False,,0,0,0,True,False,4.455e-05,2
abl_l1_l2_gpt4o_mini_toolbench_syn_0062_1fa559,toolbench_syn_0062,gpt4o_mini,weather,l1_l2,[waiting for the tool response],False,,0,0,0,False,True,5.31e-05,2
abl_l1_l2_gpt4o_mini_calendar_083_b871a4,calendar_083,gpt4o_mini,calendar,l1_l2,"The 'Team Standup' meeting has been successfully created for 2024-08-01 at 09:00 for 45 minutes. The event details are as follows: Title - ""Team Standup"", Time - 09:00, Duration - 45 minutes.",False,,1,1,0,True,False,0.00037485,11
abl_l1_l2_gpt4o_mini_medical_038_fb67f6,medical_038,gpt4o_mini,medical,l1_l2,Appointment scheduled successfully.,False,,0,0,0,True,False,6.074999999999999e-05,2
abl_l1_l2_gpt4o_mini_calendar_056_22926b,calendar_056,gpt4o_mini,calendar,l1_l2,I cannot reliably answer this question due to detected errors.,True,"l1_l2: L1: param_errors=[""Missing required parameter: 'date'"", ""Missing required parameter: 'duration_minutes'""]",2,2,0,False,False,0.0002193,9
abl_l1_l2_gpt4o_mini_toolbench_syn_0053_12d960,toolbench_syn_0053,gpt4o_mini,weather,l1_l2,[current weather data for Berlin],False,,0,0,0,False,True,3.9e-05,2
abl_l1_l2_gpt4o_mini_toolbench_syn_0023_0b554c,toolbench_syn_0023,gpt4o_mini,medical,l1_l2,Appointment for patient P004 has been scheduled.,False,,0,0,0,True,False,4.35e-05,2
abl_l1_l2_gpt4o_mini_weather_086_7fe698,weather_086,gpt4o_mini,weather,l1_l2,"[weather data for March 10, 2024, and the forecast for the next 5 days]",False,,0,0,0,True,False,9.225e-05,2
abl_l1_l2_gpt4o_mini_calendar_072_b609ef,calendar_072,gpt4o_mini,calendar,l1_l2,The 16:00 slot on 2024-09-01 is not free due to a scheduled 'Code Review'.,False,,1,1,0,True,False,0.00021884999999999998,8
abl_l1_l2_gpt4o_mini_toolbench_syn_0093_805dd5,toolbench_syn_0093,gpt4o_mini,calendar,l1_l2,"There is no Workshop scheduled on April 28, 2024. Would you like to check for a different date or need assistance with something else?",False,,1,1,0,False,True,0.0004323,14
abl_l1_l2_gpt4o_mini_calendar_054_aa1e3a,calendar_054,gpt4o_mini,calendar,l1_l2,I cannot reliably answer this question due to detected errors.,True,"l1_l2: L1: param_errors=[""Missing required parameter: 'date'"", ""Missing required parameter: 'duration_minutes'""]",2,2,0,False,False,0.00022934999999999996,9
abl_l1_l2_gpt4o_mini_toolbench_syn_0013_4e47a6,toolbench_syn_0013,gpt4o_mini,medical,l1_l2,Appointment scheduled for patient P004 with a specialist.,False,,0,0,0,True,False,4.935000000000001e-05,2
abl_l1_l2_l3_gpt4o_mini_halueval_0039_00dc29,halueval_0039,gpt4o_mini,knowledge,l1_l2_l3,California,False,,0,0,0,False,True,6.405e-05,2
abl_l1_l2_l3_gpt4o_mini_toolbench_syn_0003_854ec9,toolbench_syn_0003,gpt4o_mini,calendar,l1_l2_l3,The workshop has been scheduled for next Monday at 14:00.,False,,0,0,0,True,False,6.765e-05,2
abl_l1_l2_l3_gpt4o_mini_weather_051_ddd154,weather_051,gpt4o_mini,weather,l1_l2_l3,[I will provide the weather data once I receive the responses from the tools.],False,,0,0,0,True,False,8.595e-05,2
abl_l1_l2_l3_gpt4o_mini_weather_089_aba673,weather_089,gpt4o_mini,weather,l1_l2_l3,I cannot reliably answer this question.,True,l1_l2_l3 L3: L3: answer has unsupported numbers: ['2026.'],1,1,0,False,False,0.00042675,11
abl_l1_l2_l3_gpt4o_mini_medical_098_cc18ab,medical_098,gpt4o_mini,medical,l1_l2_l3,I cannot reliably answer this question due to detected errors.,True,"l1_l2_l3: L1: param_errors=[""Missing required parameter: 'appointment_type'""]",2,2,0,False,False,0.000201,9
abl_l1_l2_l3_gpt4o_mini_calendar_100_6d6556,calendar_100,gpt4o_mini,calendar,l1_l2_l3,I cannot reliably answer this question due to detected errors.,True,"l1_l2_l3: L1: param_errors=[""Missing required parameter: 'date'"", ""Missing required parameter: 'duration_minutes'""]",2,2,0,False,False,0.00022019999999999999,9
abl_l1_l2_l3_gpt4o_mini_weather_097_c66805,weather_097,gpt4o_mini,weather,l1_l2_l3,I cannot reliably answer this question.,True,l1_l2_l3 L3: L3: answer has unsupported numbers: ['15.14'],1,1,0,False,False,0.00048149999999999994,11
abl_l1_l2_l3_gpt4o_mini_toolbench_syn_0058_697126,toolbench_syn_0058,gpt4o_mini,weather,l1_l2_l3,[waiting for the forecast data],False,,0,0,0,False,True,4.47e-05,2
abl_l1_l2_l3_gpt4o_mini_calendar_021_9250aa,calendar_021,gpt4o_mini,calendar,l1_l2_l3,Event 'Client Call' has been created for 2024-07-02 at 13:00 for 30 minutes.,False,,0,0,0,True,False,7.874999999999999e-05,2
abl_l1_l2_l3_gpt4o_mini_toolbench_syn_0070_11efb7,toolbench_syn_0070,gpt4o_mini,medical,l1_l2_l3,[retrieving patient record...],False,,0,0,0,False,True,4.2149999999999995e-05,2
abl_l1_l2_l3_gpt4o_mini_weather_038_d5d942,weather_038,gpt4o_mini,weather,l1_l2_l3,[forecast data for Sydney],False,,0,0,0,True,False,4.3049999999999996e-05,2
abl_l1_l2_l3_gpt4o_mini_calendar_032_7074cd,calendar_032,gpt4o_mini,calendar,l1_l2_l3,I cannot reliably answer this question.,True,"l1_l2_l3 L3: L3: answer has unsupported numbers: ['2.', '1.', '3.']",1,1,0,False,False,0.00020235,8
abl_l1_l2_l3_gpt4o_mini_weather_005_0c5cf7,weather_005,gpt4o_mini,weather,l1_l2_l3,[the hourly forecast for Singapore for the next day will be provided],False,,0,0,0,True,False,4.9949999999999994e-05,2
abl_l1_l2_l3_gpt4o_mini_calendar_081_ce8d9b,calendar_081,gpt4o_mini,calendar,l1_l2_l3,I cannot reliably answer this question due to detected errors.,True,"l1_l2_l3: L1: param_errors=[""Missing required parameter: 'date'""]",2,2,0,False,False,0.00018704999999999997,6
abl_l1_l2_l3_gpt4o_mini_toolbench_syn_0004_cd01b5,toolbench_syn_0004,gpt4o_mini,weather,l1_l2_l3,[current weather data for Mumbai],False,,0,0,0,False,True,3.9e-05,2
abl_l1_l2_l3_gpt4o_mini_calendar_061_efaf23,calendar_061,gpt4o_mini,calendar,l1_l2_l3,I cannot reliably answer this question due to detected errors.,True,"l1_l2_l3: L1: param_errors=[""Missing required parameter: 'date'"", ""Unknown parameter: 'param'""]",2,2,0,False,False,0.00026864999999999994,9
abl_l1_l2_l3_gpt4o_mini_toolbench_syn_0074_44cd37,toolbench_syn_0074,gpt4o_mini,weather,l1_l2_l3,[current weather data for Paris],False,,0,0,0,False,True,3.9e-05,2
abl_l1_l2_l3_gpt4o_mini_calendar_089_45e5b2,calendar_089,gpt4o_mini,calendar,l1_l2_l3,[events for 2024-08-05],False,,0,0,0,False,True,9.72e-05,2
abl_l1_l2_l3_gpt4o_mini_halueval_0053_3329e6,halueval_0053,gpt4o_mini,knowledge,l1_l2_l3,"Cynthia Nixon received the 2004 Primetime Emmy Award for Outstanding Supporting Actress in a Comedy Series and a Screen Actors Guild Award for her performance in ""Sex and the City.""",False,,0,0,0,False,True,0.0001008,2
abl_l1_l2_l3_gpt4o_mini_halueval_0068_2ddf41,halueval_0068,gpt4o_mini,knowledge,l1_l2_l3,"I am unable to use the search_knowledge tool to provide the answer. However, the actor from ""Roseanne"" who won a Golden Globe is John Goodman, and he starred alongside Zooey Deschanel in the film ""Gig",False,,0,0,0,False,True,0.0001833,3
abl_l1_l2_l3_gpt4o_mini_weather_094_3b449a,weather_094,gpt4o_mini,weather,l1_l2_l3,"Today's weather in Rome (September 30, 2024) is 22°C with 40% humidity and rainy conditions. In comparison, the historical average temperatures in Rome from January 1 to January 7, 2023, varied signif",False,,1,1,0,True,False,0.00054765,11
abl_l1_l2_l3_gpt4o_mini_weather_095_00db8f,weather_095,gpt4o_mini,weather,l1_l2_l3,I cannot reliably answer this question.,True,l1_l2_l3 L3: L3: answer has unsupported numbers: ['15'],1,1,0,False,False,0.0004056,11
abl_l1_l2_l3_gpt4o_mini_toolbench_syn_0040_2fed28,toolbench_syn_0040,gpt4o_mini,medical,l1_l2_l3,[retrieving patient record...],False,,0,0,0,False,True,4.2149999999999995e-05,2
abl_l1_l2_l3_gpt4o_mini_halueval_0008_786504,halueval_0008,gpt4o_mini,knowledge,l1_l2_l3,2006,False,,0,0,0,False,True,6.720000000000001e-05,2
abl_l1_l2_l3_gpt4o_mini_medical_093_156bbc,medical_093,gpt4o_mini,medical,l1_l2_l3,I cannot reliably answer this question due to detected errors.,True,"l1_l2_l3: L1: param_errors=[""Missing required parameter: 'drug_a'"", ""Missing required parameter: 'drug_b'""]",2,2,0,False,False,0.00020879999999999998,9
abl_l1_l2_l3_gpt4o_mini_halueval_0007_f9e08a,halueval_0007,gpt4o_mini,knowledge,l1_l2_l3,"[I cannot perform the search as the tool is not available. However, Andrew Tate is a kickboxer known for being considered one of the best and has faced numerous controversies related to unsportsmanlik",False,,0,0,0,False,True,0.00013125,2
abl_l1_l2_l3_gpt4o_mini_medical_014_2afeb1,medical_014,gpt4o_mini,medical,l1_l2_l3,[waiting for the response from the tool],False,,0,0,0,False,True,4.4999999999999996e-05,2
abl_l1_l2_l3_gpt4o_mini_calendar_028_22996b,calendar_028,gpt4o_mini,calendar,l1_l2_l3,Event 'Budget Review' scheduled for 2024-08-20 at 13:00 for 90 minutes.,False,,0,0,0,True,False,7.29e-05,2
abl_l1_l2_l3_gpt4o_mini_calendar_088_2453b7,calendar_088,gpt4o_mini,calendar,l1_l2_l3,I cannot reliably answer this question due to detected errors.,True,"l1_l2_l3: L1: param_errors=[""Missing required parameter: 'date'"", ""Missing required parameter: 'duration_minutes'""]",2,2,0,False,False,0.0002409,9
abl_l1_l2_l3_gpt4o_mini_weather_012_03dc40,weather_012,gpt4o_mini,weather,l1_l2_l3,[your answer],False,,0,0,0,False,True,5.13e-05,2
abl_l1_l2_l3_gpt4o_mini_toolbench_syn_0034_98efe3,toolbench_syn_0034,gpt4o_mini,calendar,l1_l2_l3,There is no Design Review scheduled on 2024-02-23 to cancel.,False,,1,1,0,True,False,0.00016965,8
abl_l1_l2_l3_gpt4o_mini_weather_007_593870,weather_007,gpt4o_mini,weather,l1_l2_l3,[waiting for the weather data],False,,0,0,0,False,True,5.55e-05,2
abl_l1_l2_l3_gpt4o_mini_medical_047_857d22,medical_047,gpt4o_mini,medical,l1_l2_l3,[Checking for interactions...],False,,0,0,0,True,False,5.76e-05,2
abl_l1_l2_l3_gpt4o_mini_halueval_0042_c5514e,halueval_0042,gpt4o_mini,knowledge,l1_l2_l3,"The song ""I Still Haven't Found What I'm Looking For"" by Pauline Henry was from the album ""The Chimes.""",False,,0,0,0,False,True,9.48e-05,2
abl_l1_l2_l3_gpt4o_mini_toolbench_syn_0096_b3f2e8,toolbench_syn_0096,gpt4o_mini,weather,l1_l2_l3,[waiting for the response from the tool],False,,0,0,0,False,True,5.4300000000000005e-05,2
abl_l1_l2_l3_gpt4o_mini_toolbench_syn_0045_61c6e8,toolbench_syn_0045,gpt4o_mini,weather,l1_l2_l3,[your answer],False,,0,0,0,False,True,3.7199999999999996e-05,2
abl_l1_l2_l3_gpt4o_mini_halueval_0025_77b1be,halueval_0025,gpt4o_mini,knowledge,l1_l2_l3,"The director of the 2003 film ""The Terminal,"" which has scenes filmed at the Quality Cafe in Los Angeles, is Steven Spielberg.",False,,0,0,0,False,True,9.164999999999999e-05,2
abl_l1_l2_l3_gpt4o_mini_weather_090_a35e60,weather_090,gpt4o_mini,weather,l1_l2_l3,[waiting for the weather data],False,,0,0,0,True,False,6.314999999999999e-05,2
abl_l1_l2_l3_gpt4o_mini_halueval_0026_0123ef,halueval_0026,gpt4o_mini,knowledge,l1_l2_l3,Eartha Kitt,False,,0,0,0,False,True,7.544999999999999e-05,2
abl_l1_l2_l3_gpt4o_mini_weather_027_66a55c,weather_027,gpt4o_mini,weather,l1_l2_l3,[your answer],False,,0,0,0,False,True,5.13e-05,2
abl_l1_l2_l3_gpt4o_mini_calendar_085_6da9df,calendar_085,gpt4o_mini,calendar,l1_l2_l3,[List of events for 2024-07-22 including the newly created 'Code Review Session'],False,,0,0,0,True,False,0.00011054999999999999,2
abl_l1_l2_l3_gpt4o_mini_medical_063_2e37b7,medical_063,gpt4o_mini,medical,l1_l2_l3,"Patient P001 does not have omeprazole or warfarin in her medications, so there are no interactions to check.",False,,1,1,0,True,False,0.0002109,8
abl_l1_l2_l3_gpt4o_mini_medical_008_f7c75a,medical_008,gpt4o_mini,medical,l1_l2_l3,Appointment scheduled successfully.,False,,0,0,0,True,False,5.655e-05,2
abl_l1_l2_l3_gpt4o_mini_weather_078_1dd36e,weather_078,gpt4o_mini,weather,l1_l2_l3,I cannot reliably answer this question.,True,"l1_l2_l3 L3: L3: answer has unsupported numbers: ['21', '25', '17']",1,1,0,False,False,0.00036465,8
abl_l1_l2_l3_gpt4o_mini_calendar_001_92853a,calendar_001,gpt4o_mini,calendar,l1_l2_l3,Event 'Code Review Session' has been created for 2024-07-03 at 16:00 for 90 minutes.,False,,0,0,0,True,False,8.13e-05,2
abl_l1_l2_l3_gpt4o_mini_halueval_0019_6b288d,halueval_0019,gpt4o_mini,knowledge,l1_l2_l3,Nevada,False,,0,0,0,False,True,5.8949999999999996e-05,2
abl_l1_l2_l3_gpt4o_mini_toolbench_syn_0094_e9c53a,toolbench_syn_0094,gpt4o_mini,medical,l1_l2_l3,[waiting for interaction check result],False,,0,0,0,True,False,5.49e-05,2
abl_l1_l2_l3_gpt4o_mini_weather_096_a56ee9,weather_096,gpt4o_mini,weather,l1_l2_l3,I cannot reliably answer this question.,True,"l1_l2_l3 L3: L3: answer has unsupported numbers: ['19', '21', '18']",0,0,0,False,False,0.00033075,8
abl_l1_l2_l3_gpt4o_mini_calendar_083_f20c3f,calendar_083,gpt4o_mini,calendar,l1_l2_l3,I cannot reliably answer this question.,True,"l1_l2_l3 L3: L3: answer has unsupported numbers: ['2.', '1.']",1,1,0,False,False,0.0004178999999999999,11
abl_l1_l2_l3_gpt4o_mini_medical_031_81231d,medical_031,gpt4o_mini,medical,l1_l2_l3,[retrieving the medical record for patient P004],False,,0,0,0,True,False,4.455e-05,2
abl_l1_l2_l3_gpt4o_mini_toolbench_syn_0062_3da500,toolbench_syn_0062,gpt4o_mini,weather,l1_l2_l3,[your answer],False,,0,0,0,False,True,4.47e-05,2
abl_l1_l2_l3_gpt4o_mini_medical_038_749b11,medical_038,gpt4o_mini,medical,l1_l2_l3,Appointment scheduled successfully.,False,,0,0,0,True,False,6.074999999999999e-05,2
abl_l1_l2_l3_gpt4o_mini_calendar_056_1a4e12,calendar_056,gpt4o_mini,calendar,l1_l2_l3,I cannot reliably answer this question due to detected errors.,True,"l1_l2_l3: L1: param_errors=[""Missing required parameter: 'date'"", ""Missing required parameter: 'duration_minutes'""]",2,2,0,False,False,0.0002259,9
abl_l1_l2_l3_gpt4o_mini_toolbench_syn_0023_24ee80,toolbench_syn_0023,gpt4o_mini,medical,l1_l2_l3,Appointment for patient P004 has been scheduled.,False,,0,0,0,True,False,4.35e-05,2
abl_l1_l2_l3_gpt4o_mini_toolbench_syn_0053_4f3a6f,toolbench_syn_0053,gpt4o_mini,weather,l1_l2_l3,[waiting for the weather data],False,,0,0,0,False,True,4.56e-05,2
abl_l1_l2_l3_gpt4o_mini_calendar_072_075890,calendar_072,gpt4o_mini,calendar,l1_l2_l3,"The 16:00 slot on September 1, 2024, is not free due to a 'Code Review' event.",False,,1,1,0,False,True,0.00024209999999999998,8
abl_l1_l2_l3_gpt4o_mini_weather_086_d2726a,weather_086,gpt4o_mini,weather,l1_l2_l3,I cannot reliably answer this question.,True,l1_l2_l3 L3: L3: answer has unsupported numbers: ['10'],2,1,1,False,False,0.0006087,14
abl_l1_l2_l3_gpt4o_mini_toolbench_syn_0013_d68c70,toolbench_syn_0013,gpt4o_mini,medical,l1_l2_l3,Appointment scheduled for patient P004 with the required specialist.,False,,0,0,0,True,False,5.1149999999999996e-05,2
abl_l1_l2_l3_gpt4o_mini_toolbench_syn_0093_a4be00,toolbench_syn_0093,gpt4o_mini,calendar,l1_l2_l3,Max steps reached.,False,,1,1,0,False,True,0.00044339999999999994,15
abl_l1_l2_l3_gpt4o_mini_calendar_054_a7eb8e,calendar_054,gpt4o_mini,calendar,l1_l2_l3,I cannot reliably answer this question due to detected errors.,True,"l1_l2_l3: L1: param_errors=[""Missing required parameter: 'date'"", ""Missing required parameter: 'duration_minutes'""]",2,2,0,False,False,0.00023444999999999998,9
abl_l1_only_gemini_20_flash_weather_089_c6fda5,weather_089,gemini_20_flash,weather,l1_only,I have retrieved the weather for Dubai on 2024-05-22 and the forecast for the next 5 days. I can now compare the data to see if the weather will change.,False,,0,0,0,True,False,7.970000000000001e-05,2
abl_l1_only_gemini_20_flash_halueval_0039_209a64,halueval_0039,gemini_20_flash,knowledge,l1_only,I am unable to answer this question.,False,,0,0,0,False,True,4.46e-05,2
abl_l1_only_gemini_20_flash_weather_097_5ca5ed,weather_097,gemini_20_flash,weather,l1_only,I have retrieved the current weather in Toronto for 2024-07-08 and the historical weather data for Toronto from 2023-01-01 to 2023-01-07. I can now compare these two datasets to provide the comparison,False,,0,0,0,True,False,0.0001115,2
abl_l1_only_gemini_20_flash_toolbench_syn_0003_9f071b,toolbench_syn_0003,gemini_20_flash,calendar,l1_only,"Okay, I have scheduled a Workshop for Monday, October 28, 2024 at 14:00.",False,,0,0,0,True,False,6.77e-05,2
abl_l1_only_gemini_20_flash_weather_051_1cee9f,weather_051,gemini_20_flash,weather,l1_only,I have the weather for Singapore on 2024-03-10 and the 5-day forecast for Singapore. Please specify if you would like me to provide the information I have.,False,,0,0,0,True,False,8.3e-05,2
abl_l1_only_gemini_20_flash_calendar_100_dabc34,calendar_100,gemini_20_flash,calendar,l1_only,"Okay, I have created an event called 'Interview' on 2024-08-01 at 15:00 for 45 minutes.",False,,0,0,0,False,True,9.620000000000001e-05,2
abl_l1_only_gemini_20_flash_calendar_032_a256ca,calendar_032,gemini_20_flash,calendar,l1_only,No events found for 2024-08-20.,False,,0,0,0,True,False,3.65e-05,2
abl_l1_only_gemini_20_flash_medical_098_8fad42,medical_098,gemini_20_flash,medical,l1_only,OK. I have scheduled an emergency appointment for patient P004 with doctor D002 on 2024-11-01.,False,,0,0,0,False,True,8.04e-05,2
abl_l1_only_gemini_20_flash_calendar_021_d7a5e8,calendar_021,gemini_20_flash,calendar,l1_only,Event created.,False,,0,0,0,True,False,5.2000000000000004e-05,2
abl_l1_only_gemini_20_flash_toolbench_syn_0058_8084c8,toolbench_syn_0058,gemini_20_flash,weather,l1_only,"I do not have the ability to provide a specific ""yes"" or ""no"" answer regarding rain. However, I can provide the forecast for Berlin, and you can interpret the likelihood of rain from the forecast deta",False,,0,0,0,False,True,4.5600000000000004e-05,2
abl_l1_only_gemini_20_flash_calendar_081_a80821,calendar_081,gemini_20_flash,calendar,l1_only,"Okay, I've created the 'Training Session' event and here are all the events for 2024-07-02.",False,,0,0,0,True,False,8.840000000000001e-05,2
abl_l1_only_gemini_20_flash_toolbench_syn_0070_44e605,toolbench_syn_0070,gemini_20_flash,medical,l1_only,Patient P004 is currently taking Lisinopril and Aspirin.,False,,0,0,0,False,True,3.51e-05,2
abl_l1_only_gemini_20_flash_weather_038_98b60c,weather_038,gemini_20_flash,weather,l1_only,"I am sorry, I cannot fulfill this request. The available tools do not allow specifying the number of days for the forecast. I can only get the forecast for the upcoming days without specifying the exa",False,,0,0,0,True,False,4.4200000000000004e-05,2
abl_l1_only_gemini_20_flash_calendar_061_07c9d2,calendar_061,gemini_20_flash,calendar,l1_only,"Here are the events for 2024-08-12:
- Strategy Meeting at 10:00 for 60 minutes with attendees: dave@company.com, frank@company.com",False,,0,0,0,False,True,9.44e-05,2
abl_l1_only_gemini_20_flash_weather_005_897013,weather_005,gemini_20_flash,weather,l1_only,"I am sorry, I cannot fulfill this request. The tool only provides a daily forecast, not an hourly one.",False,,0,0,0,True,False,5.270000000000001e-05,2
abl_l1_only_gemini_20_flash_toolbench_syn_0004_c19f2c,toolbench_syn_0004,gemini_20_flash,weather,l1_only,"I don't have the current date, so I cannot fulfill this request. Please provide the current date.",False,,0,0,0,False,True,3.4e-05,2
abl_l1_only_gemini_20_flash_weather_094_344b2b,weather_094,gemini_20_flash,weather,l1_only,"I have retrieved the current weather in Rome for 2024-09-30 and the historical weather data for Rome from 2023-01-01 to 2023-01-07. I can now compare the two datasets. However, I am unable to perform ",False,,0,0,0,True,False,0.00010670000000000002,2
abl_l1_only_gemini_20_flash_toolbench_syn_0074_514052,toolbench_syn_0074,gemini_20_flash,weather,l1_only,I don't have the current weather information for Paris. Please try again later.,False,,0,0,0,False,True,3.2000000000000005e-05,2
abl_l1_only_gemini_20_flash_calendar_089_0086fe,calendar_089,gemini_20_flash,calendar,l1_only,"OK. I've created the 'Client Call' event and here are all the events for 2024-08-05:
```json
[
  {
    ""id"": ""6464"",
    ""date"": ""2024-08-05"",
    ""start_time"": ""09:00"",
    ""duration"": 60,
    ""title",False,,0,0,0,True,False,0.0001284,2
abl_l1_only_gemini_20_flash_halueval_0053_9a9159,halueval_0053,gemini_20_flash,knowledge,l1_only,"Cynthia Nixon received the 2004 Primetime Emmy Award for Outstanding Supporting Actress in a Comedy Series and a Screen Actors Guild Award for her performance in ""Sex and the City"".",False,,0,0,0,False,True,7.31e-05,2
abl_l1_only_gemini_20_flash_halueval_0068_793782,halueval_0068,gemini_20_flash,knowledge,l1_only,I am unable to answer this question.,False,,0,0,0,False,True,3.77e-05,2
abl_l1_only_gemini_20_flash_weather_095_3c10bc,weather_095,gemini_20_flash,weather,l1_only,I have retrieved the weather for Mumbai on 2024-01-15 and the forecast for the next 7 days. I can now compare the weather on 2024-01-15 with the forecast to determine if it will change.,False,,0,0,0,True,False,8.81e-05,2
abl_l1_only_gemini_20_flash_toolbench_syn_0040_9f106a,toolbench_syn_0040,gemini_20_flash,medical,l1_only,Patient P004 is currently taking Lisinopril and Aspirin.,False,,0,0,0,False,True,3.51e-05,2
abl_l1_only_gemini_20_flash_medical_093_e9d583,medical_093,gemini_20_flash,medical,l1_only,[Drug interaction information between levothyroxine and amlodipine will be displayed here after the tool is executed.],False,,0,0,0,False,True,6.48e-05,2
abl_l1_only_gemini_20_flash_halueval_0007_3b4fb9,halueval_0007,gemini_20_flash,knowledge,l1_only,I am unable to answer this question.,False,,0,0,0,False,True,3.9200000000000004e-05,2
abl_l1_only_gemini_20_flash_halueval_0008_033c30,halueval_0008,gemini_20_flash,knowledge,l1_only,I am unable to answer this question.,False,,0,0,0,False,True,4.4300000000000006e-05,2
abl_l1_only_gemini_20_flash_calendar_088_1ca01d,calendar_088,gemini_20_flash,calendar,l1_only,"Okay, I've created a 'Sprint Review' event on 2024-07-01 at 15:00 for 60 minutes.",False,,0,0,0,False,True,9.630000000000001e-05,2
abl_l1_only_gemini_20_flash_medical_014_eb5f85,medical_014,gemini_20_flash,medical,l1_only,Patient P005 has hypertension and diabetes.,False,,0,0,0,True,False,3.57e-05,2
abl_l1_only_gemini_20_flash_calendar_028_66bd8f,calendar_028,gemini_20_flash,calendar,l1_only,Event scheduled.,False,,0,0,0,True,False,5.46e-05,2
abl_l1_only_gemini_20_flash_weather_012_3f2694,weather_012,gemini_20_flash,weather,l1_only,The temperature in Singapore on 2024-06-15 was 84 degrees Fahrenheit.,False,,0,0,0,True,False,5.3e-05,2
abl_l1_only_gemini_20_flash_toolbench_syn_0034_37d6ea,toolbench_syn_0034,gemini_20_flash,calendar,l1_only,"I could not find an event with the title ""Design Review"" on 2024-02-23. Please check the date and title and try again.",False,,0,0,0,False,True,0.00019550000000000004,8
abl_l1_only_gemini_20_flash_weather_007_22fdad,weather_007,gemini_20_flash,weather,l1_only,The temperature in Istanbul on 2024-10-12 is 63 degrees Fahrenheit.,False,,0,0,0,True,False,4.7000000000000004e-05,2
abl_l1_only_gemini_20_flash_halueval_0042_42bae4,halueval_0042,gemini_20_flash,knowledge,l1_only,I am unable to answer this question.,False,,0,0,0,False,True,6.53e-05,3
abl_l1_only_gemini_20_flash_medical_047_539146,medical_047,gemini_20_flash,medical,l1_only,"There is a moderate interaction between lisinopril and metoprolol. They may increase the risk of hypotension, bradycardia, and heart failure. Monitor blood pressure and heart rate closely.",False,,0,0,0,True,False,5.2600000000000005e-05,2
abl_l1_only_gemini_20_flash_halueval_0025_76beb3,halueval_0025,gemini_20_flash,knowledge,l1_only,I am unable to answer this question.,False,,0,0,0,False,True,4.3e-05,2
abl_l1_only_gemini_20_flash_toolbench_syn_0045_6b3aa3,toolbench_syn_0045,gemini_20_flash,weather,l1_only,I don't have the current weather information for Tokyo. I can only access weather information for a specific date. Please provide a date for which you want to know the weather in Tokyo.,False,,0,0,0,False,True,4.0400000000000006e-05,2
abl_l1_only_gemini_20_flash_toolbench_syn_0096_046f0f,toolbench_syn_0096,gemini_20_flash,weather,l1_only,"I cannot provide a single temperature for ""last week"" in Paris. The historical weather data for Paris between October 19, 2023 and October 25, 2023 would be needed to determine the temperature.",False,,0,0,0,False,True,9.48e-05,2
abl_l1_only_gemini_20_flash_weather_090_cec05b,weather_090,gemini_20_flash,weather,l1_only,"I have retrieved the weather for Singapore on 2024-12-01 and the 7-day forecast for Singapore. Please note that I cannot display the actual weather data here, but I have successfully retrieved it.",False,,0,0,0,True,False,8.180000000000001e-05,2
abl_l1_only_gemini_20_flash_halueval_0026_b16e24,halueval_0026,gemini_20_flash,knowledge,l1_only,"New Faces of 1952 is a musical revue with songs and comedy skits, it helped jump start the career of American actress Eartha Kitt.",False,,0,0,0,False,True,6.02e-05,2
abl_l1_only_gemini_20_flash_weather_027_94bddd,weather_027,gemini_20_flash,weather,l1_only,The temperature in Tokyo on 2024-10-12 is 63 degrees Fahrenheit.,False,,0,0,0,True,False,5.42e-05,2
abl_l1_only_gemini_20_flash_weather_078_d123d2,weather_078,gemini_20_flash,weather,l1_only,I have retrieved the weather for London on 2024-11-25 and the 7-day forecast for London. Please ask me to present the information when you are ready.,False,,0,0,0,True,False,8.260000000000002e-05,2
abl_l1_only_gemini_20_flash_medical_063_5e4c4c,medical_063,gemini_20_flash,medical,l1_only,"Okay, I have checked for drug interactions between omeprazole and warfarin. Please refer to the drug interaction report for details.",False,,0,0,0,False,True,6.54e-05,2
abl_l1_only_gemini_20_flash_calendar_085_73d7d2,calendar_085,gemini_20_flash,calendar,l1_only,Here are the events for 2024-07-22: Code Review Session at 09:00 with eve@company.com and carol@company.com.,False,,0,0,0,True,False,9.13e-05,2
abl_l1_only_gemini_20_flash_medical_008_d712a2,medical_008,gemini_20_flash,medical,l1_only,OK. I have scheduled an emergency appointment for patient P005 with doctor D001 on 2024-09-01.,False,,0,0,0,True,False,6.440000000000001e-05,2
abl_l1_only_gemini_20_flash_calendar_083_78ae78,calendar_083,gemini_20_flash,calendar,l1_only,OK. I've created the 'Team Standup' meeting and retrieved all events for 2024-08-01.,False,,0,0,0,True,False,8.93e-05,2
abl_l1_only_gemini_20_flash_weather_096_6f16e3,weather_096,gemini_20_flash,weather,l1_only,I have retrieved the weather for Mumbai on 2024-02-20 and the 7-day forecast for Mumbai. Please ask if you need any more information.,False,,0,0,0,True,False,7.780000000000001e-05,2
abl_l1_only_gemini_20_flash_calendar_001_bb421c,calendar_001,gemini_20_flash,calendar,l1_only,Event created.,False,,0,0,0,True,False,4.1700000000000004e-05,2
abl_l1_only_gemini_20_flash_halueval_0019_4eb54d,halueval_0019,gemini_20_flash,knowledge,l1_only,Catherine Cortez Masto served as the 32nd Attorney General of Nevada.,False,,0,0,0,False,True,5.25e-05,2
abl_l1_only_gemini_20_flash_toolbench_syn_0094_78cc49,toolbench_syn_0094,gemini_20_flash,medical,l1_only,There is a moderate interaction between atorvastatin and ibuprofen. Ibuprofen may increase the blood levels of atorvastatin. This can increase the risk of side effects such as muscle pain and weakness,False,,0,0,0,False,True,5.39e-05,2
abl_l1_only_gemini_20_flash_calendar_056_e330fc,calendar_056,gemini_20_flash,calendar,l1_only,"Okay, I've created a 'Budget Review' event on 2024-07-10 at 13:00 for 45 minutes.",False,,0,0,0,False,True,0.0001039,2
abl_l1_only_gemini_20_flash_medical_031_303b14,medical_031,gemini_20_flash,medical,l1_only,"Okay, retrieving medical record for patient P004. Please wait.",False,,0,0,0,True,False,4.02e-05,2
abl_l1_only_gemini_20_flash_toolbench_syn_0053_db8abd,toolbench_syn_0053,gemini_20_flash,weather,l1_only,I don't have the current weather information for Berlin. I can only provide weather information for a specific date. Please provide a date.,False,,0,0,0,False,True,3.6400000000000004e-05,2
abl_l1_only_gemini_20_flash_medical_038_8fd7c5,medical_038,gemini_20_flash,medical,l1_only,OK. I have scheduled an emergency appointment for patient P003 with doctor D003 on 2024-08-20.,False,,0,0,0,True,False,6.36e-05,2
abl_l1_only_gemini_20_flash_toolbench_syn_0062_4eb1c0,toolbench_syn_0062,gemini_20_flash,weather,l1_only,"I cannot provide a single temperature for the entire week. The historical weather data for Mumbai between October 19, 2023, and October 25, 2023, would contain a range of temperatures for each day. If",False,,0,0,0,False,True,0.0001004,2
abl_l1_only_gemini_20_flash_toolbench_syn_0023_5c4b38,toolbench_syn_0023,gemini_20_flash,medical,l1_only,OK. I have scheduled a checkup appointment for patient P004.,False,,0,0,0,True,False,4.35e-05,2
abl_l1_only_gemini_20_flash_weather_086_2978f7,weather_086,gemini_20_flash,weather,l1_only,"I have the weather for Toronto on 2024-03-10 and the forecast for the next 5 days. I can now compare them to see if the weather will change. However, I cannot directly compare them myself. You will ne",False,,0,0,0,True,False,8.650000000000002e-05,2
abl_l1_only_gemini_20_flash_calendar_072_e11086,calendar_072,gemini_20_flash,calendar,l1_only,The 16:00 slot is not free. There is already a 'Code Review' event scheduled.,False,,0,0,0,True,False,0.0001181,5
abl_l1_only_gemini_20_flash_toolbench_syn_0013_d05b87,toolbench_syn_0013,gemini_20_flash,medical,l1_only,OK. I have scheduled a specialist appointment for patient P004.,False,,0,0,0,True,False,4.7000000000000004e-05,2
abl_l1_only_gemini_20_flash_toolbench_syn_0093_834aa7,toolbench_syn_0093,gemini_20_flash,calendar,l1_only,Event 'EVT_MOCK_4078' not found,False,,1,1,0,False,True,0.00019690000000000002,8
abl_l1_l2_gemini_20_flash_weather_089_cadce3,weather_089,gemini_20_flash,weather,l1_l2,I have retrieved the weather for Dubai on 2024-05-22 and the forecast for the next 5 days. I can now compare the data to see if the weather will change.,False,,0,0,0,True,False,7.970000000000001e-05,2
abl_l1_only_gemini_20_flash_calendar_054_8a35b0,calendar_054,gemini_20_flash,calendar,l1_only,The event '1:1 with Manager' has been created for 2024-07-10 at 09:00 for 30 minutes.,False,,1,1,0,False,True,0.0002877,11
abl_l1_l2_gemini_20_flash_halueval_0039_36b0c3,halueval_0039,gemini_20_flash,knowledge,l1_l2,California,False,,0,0,0,False,True,6.86e-05,2
abl_l1_l2_gemini_20_flash_toolbench_syn_0003_1161f4,toolbench_syn_0003,gemini_20_flash,calendar,l1_l2,"Okay, I have scheduled a Workshop for Monday, October 28, 2024 at 14:00.",False,,0,0,0,True,False,6.77e-05,2
abl_l1_l2_gemini_20_flash_weather_097_dd4c30,weather_097,gemini_20_flash,weather,l1_l2,"I have retrieved the current weather in Toronto for 2024-07-08 and the historical weather data for Toronto from 2023-01-01 to 2023-01-07. I can now compare these two datasets. However, I need to actua",False,,0,0,0,True,False,0.0001183,2
abl_l1_l2_gemini_20_flash_weather_051_618e57,weather_051,gemini_20_flash,weather,l1_l2,I have the weather for Singapore on 2024-03-10 and the 5-day forecast for Singapore. Please ask me to combine the information if you need a single response.,False,,0,0,0,True,False,8.3e-05,2
abl_l1_l2_gemini_20_flash_calendar_100_17e1d9,calendar_100,gemini_20_flash,calendar,l1_l2,"Okay, I have created an event called 'Interview' on 2024-08-01 at 15:00 for 45 minutes.",False,,0,0,0,False,True,9.620000000000001e-05,2
abl_l1_l2_gemini_20_flash_medical_098_ce0ac8,medical_098,gemini_20_flash,medical,l1_l2,OK. I have scheduled an emergency appointment for patient P004 with doctor D002 on 2024-11-01.,False,,0,0,0,False,True,8.04e-05,2
abl_l1_l2_gemini_20_flash_calendar_032_2d91d4,calendar_032,gemini_20_flash,calendar,l1_l2,No events found for 2024-08-20.,False,,0,0,0,True,False,3.65e-05,2
abl_l1_l2_gemini_20_flash_calendar_021_fd704d,calendar_021,gemini_20_flash,calendar,l1_l2,Event created.,False,,0,0,0,True,False,5.2000000000000004e-05,2
abl_l1_l2_gemini_20_flash_toolbench_syn_0058_bf91fb,toolbench_syn_0058,gemini_20_flash,weather,l1_l2,"I do not have the ability to provide a specific ""yes"" or ""no"" answer regarding rain. However, I can provide the forecast for Berlin, and you can interpret the likelihood of rain from the forecast deta",False,,0,0,0,False,True,4.5600000000000004e-05,2
abl_l1_l2_gemini_20_flash_calendar_081_bdadad,calendar_081,gemini_20_flash,calendar,l1_l2,"Okay, I've created the 'Training Session' event and here are all the events for 2024-07-02.",False,,0,0,0,True,False,8.840000000000001e-05,2
abl_l1_l2_gemini_20_flash_toolbench_syn_0070_ce6f97,toolbench_syn_0070,gemini_20_flash,medical,l1_l2,Patient P004 is currently taking Lisinopril and Aspirin.,False,,0,0,0,False,True,3.51e-05,2
abl_l1_l2_gemini_20_flash_weather_038_e83895,weather_038,gemini_20_flash,weather,l1_l2,"I am sorry, I cannot fulfill this request. The available tools do not allow specifying the number of days for the forecast.",False,,0,0,0,True,False,3.7800000000000004e-05,2
abl_l1_l2_gemini_20_flash_weather_005_bc6e3f,weather_005,gemini_20_flash,weather,l1_l2,"I am sorry, I cannot fulfill this request. The available tools do not support specifying the next day. I can only provide the forecast for the upcoming days without specifying a particular day.",False,,0,0,0,True,False,4.7100000000000006e-05,2
abl_l1_l2_gemini_20_flash_calendar_061_62a754,calendar_061,gemini_20_flash,calendar,l1_l2,"Here are the events for 2024-08-12:
- Strategy Meeting at 10:00 for 60 minutes with attendees: dave@company.com, frank@company.com",False,,0,0,0,False,True,9.44e-05,2
abl_l1_l2_gemini_20_flash_weather_094_28ea1f,weather_094,gemini_20_flash,weather,l1_l2,"I have retrieved the current weather in Rome for 2024-09-30 and the historical weather data for Rome from 2023-01-01 to 2023-01-07. I can now compare the two datasets. However, I am unable to perform ",False,,0,0,0,True,False,0.00010670000000000002,2
abl_l1_l2_gemini_20_flash_toolbench_syn_0004_4ff5f8,toolbench_syn_0004,gemini_20_flash,weather,l1_l2,I don't have the current date. Please provide the date to get the current weather in Mumbai.,False,,0,0,0,False,True,3.3600000000000004e-05,2
abl_l1_l2_gemini_20_flash_toolbench_syn_0074_78003b,toolbench_syn_0074,gemini_20_flash,weather,l1_l2,"I'm sorry, I need a date to get the current weather. Please provide the date for which you want to know the weather in Paris.",False,,0,0,0,False,True,3.72e-05,2
abl_l1_l2_gemini_20_flash_calendar_089_d16363,calendar_089,gemini_20_flash,calendar,l1_l2,"Here are the events for 2024-08-05:
- Client Call at 09:00 for 60 minutes with attendees: dave@company.com, alice@company.com",False,,0,0,0,False,True,9.480000000000001e-05,2
abl_l1_l2_gemini_20_flash_halueval_0053_23fb94,halueval_0053,gemini_20_flash,knowledge,l1_l2,"Cynthia Nixon received the 2004 Primetime Emmy Award for Outstanding Supporting Actress in a Comedy Series and a Screen Actors Guild Award for her performance in ""Sex and the City"". Although the Emmy ",False,,0,0,0,False,True,8.31e-05,2
abl_l1_l2_gemini_20_flash_halueval_0068_adb63d,halueval_0068,gemini_20_flash,knowledge,l1_l2,I am unable to answer this question.,False,,0,0,0,False,True,3.77e-05,2
abl_l1_l2_gemini_20_flash_weather_095_43ba9e,weather_095,gemini_20_flash,weather,l1_l2,I have retrieved the weather for Mumbai on 2024-01-15 and the forecast for the next 7 days. I can now compare the weather on 2024-01-15 with the forecast to determine if it will change.,False,,0,0,0,True,False,8.81e-05,2
abl_l1_l2_gemini_20_flash_medical_093_a28615,medical_093,gemini_20_flash,medical,l1_l2,Interaction check complete. Please see results for details.,False,,0,0,0,False,True,6.4e-05,2
abl_l1_l2_gemini_20_flash_toolbench_syn_0040_a63d92,toolbench_syn_0040,gemini_20_flash,medical,l1_l2,Patient P004 is currently taking Lisinopril and Aspirin.,False,,0,0,0,False,True,3.51e-05,2
abl_l1_l2_gemini_20_flash_halueval_0007_c88943,halueval_0007,gemini_20_flash,knowledge,l1_l2,I am unable to answer this question.,False,,0,0,0,False,True,3.9200000000000004e-05,2
abl_l1_l2_gemini_20_flash_halueval_0008_eecf63,halueval_0008,gemini_20_flash,knowledge,l1_l2,I am unable to answer this question.,False,,0,0,0,False,True,3.5100000000000006e-05,2
abl_l1_l2_gemini_20_flash_medical_014_ea1b0d,medical_014,gemini_20_flash,medical,l1_l2,Patient P005 has hypertension and diabetes.,False,,0,0,0,True,False,3.57e-05,2
abl_l1_l2_gemini_20_flash_calendar_088_d62a69,calendar_088,gemini_20_flash,calendar,l1_l2,Event created.,False,,0,0,0,False,True,8.350000000000001e-05,2
abl_l1_l2_gemini_20_flash_toolbench_syn_0034_f4295a,toolbench_syn_0034,gemini_20_flash,calendar,l1_l2,"There is no event titled ""Design Review"" on 2024-02-23.",False,,0,0,0,False,True,0.000106,5
abl_l1_l2_gemini_20_flash_weather_012_60656b,weather_012,gemini_20_flash,weather,l1_l2,The temperature in Singapore on 2024-06-15 was 84 degrees Fahrenheit.,False,,0,0,0,True,False,5.3e-05,2
abl_l1_l2_gemini_20_flash_calendar_028_be9240,calendar_028,gemini_20_flash,calendar,l1_l2,Event scheduled.,False,,0,0,0,True,False,5.46e-05,2
abl_l1_l2_gemini_20_flash_halueval_0042_643cc2,halueval_0042,gemini_20_flash,knowledge,l1_l2,I am unable to answer this question.,False,,0,0,0,False,True,3.69e-05,2
abl_l1_l2_gemini_20_flash_weather_007_0ee8f6,weather_007,gemini_20_flash,weather,l1_l2,63°F,False,,0,0,0,False,True,5.42e-05,2
abl_l1_l2_gemini_20_flash_medical_047_515946,medical_047,gemini_20_flash,medical,l1_l2,"There is a moderate interaction between lisinopril and metoprolol. They may increase the risk of hypotension, bradycardia, and heart failure. Monitor blood pressure and heart rate closely.",False,,0,0,0,True,False,5.2600000000000005e-05,2
abl_l1_l2_gemini_20_flash_halueval_0025_4d76f6,halueval_0025,gemini_20_flash,knowledge,l1_l2,I am unable to answer this question.,False,,0,0,0,False,True,4.3e-05,2
abl_l1_l2_gemini_20_flash_toolbench_syn_0045_caddf9,toolbench_syn_0045,gemini_20_flash,weather,l1_l2,I don't have the current weather information for Tokyo. I can only access weather information for a specific date. Please provide a date for which you want to know the weather in Tokyo.,False,,0,0,0,False,True,4.0400000000000006e-05,2
abl_l1_l2_gemini_20_flash_toolbench_syn_0096_c194d5,toolbench_syn_0096,gemini_20_flash,weather,l1_l2,"I cannot provide a single temperature for ""last week"" in Paris. The historical weather data for Paris between October 19, 2023 and October 25, 2023 would be needed to determine the temperature.",False,,0,0,0,False,True,9.48e-05,2
abl_l1_l2_gemini_20_flash_weather_090_bb038e,weather_090,gemini_20_flash,weather,l1_l2,I have retrieved the weather for Singapore on 2024-12-01 and the 7-day forecast for Singapore. Please specify if you would like me to present the information in a specific format.,False,,0,0,0,True,False,8.060000000000001e-05,2
abl_l1_l2_gemini_20_flash_weather_027_23fbfd,weather_027,gemini_20_flash,weather,l1_l2,The temperature in Tokyo on 2024-10-12 is 63 degrees Fahrenheit.,False,,0,0,0,True,False,5.42e-05,2
abl_l1_l2_gemini_20_flash_halueval_0026_7ca5bf,halueval_0026,gemini_20_flash,knowledge,l1_l2,"New Faces of 1952 is a musical revue with songs and comedy skits, it helped jump start the career of American actress Eartha Kitt.",False,,0,0,0,False,True,6.02e-05,2
abl_l1_l2_gemini_20_flash_medical_063_45adda,medical_063,gemini_20_flash,medical,l1_l2,Interaction check complete. Please see results for details.,False,,0,0,0,False,True,5.780000000000001e-05,2
abl_l1_l2_gemini_20_flash_weather_078_3c6d29,weather_078,gemini_20_flash,weather,l1_l2,I have retrieved the weather for London on 2024-11-25 and the 7-day forecast for London. Please ask me to present the information when you are ready.,False,,0,0,0,True,False,8.260000000000002e-05,2
abl_l1_l2_gemini_20_flash_calendar_085_98eaa1,calendar_085,gemini_20_flash,calendar,l1_l2,Here are the events for 2024-07-22: Code Review Session at 09:00 with eve@company.com and carol@company.com.,False,,0,0,0,True,False,9.13e-05,2
abl_l1_l2_gemini_20_flash_medical_008_c82621,medical_008,gemini_20_flash,medical,l1_l2,OK. I have scheduled an emergency appointment for patient P005 with doctor D001 on 2024-09-01.,False,,0,0,0,True,False,6.440000000000001e-05,2
abl_l1_l2_gemini_20_flash_calendar_083_5f0365,calendar_083,gemini_20_flash,calendar,l1_l2,OK. I've created the 'Team Standup' meeting and retrieved all events for 2024-08-01.,False,,0,0,0,True,False,8.93e-05,2
abl_l1_l2_gemini_20_flash_weather_096_32d425,weather_096,gemini_20_flash,weather,l1_l2,I have retrieved the weather for Mumbai on 2024-02-20 and a 7-day forecast. Please ask me to present the information if you would like to see it.,False,,0,0,0,True,False,7.500000000000001e-05,2
abl_l1_l2_gemini_20_flash_calendar_001_5c6926,calendar_001,gemini_20_flash,calendar,l1_l2,Event created.,False,,0,0,0,True,False,4.1700000000000004e-05,2
abl_l1_l2_gemini_20_flash_halueval_0019_e6649a,halueval_0019,gemini_20_flash,knowledge,l1_l2,Catherine Cortez Masto served as the 32nd Attorney General of Nevada.,False,,0,0,0,False,True,5.41e-05,2
abl_l1_l2_gemini_20_flash_toolbench_syn_0094_a83f43,toolbench_syn_0094,gemini_20_flash,medical,l1_l2,"There is a moderate interaction between atorvastatin and ibuprofen. Ibuprofen may increase the blood levels of atorvastatin, which could increase the risk of side effects such as muscle pain or weakne",False,,0,0,0,False,True,5.67e-05,2
abl_l1_l2_gemini_20_flash_medical_031_a091dc,medical_031,gemini_20_flash,medical,l1_l2,Patient medical record retrieved.,False,,0,0,0,True,False,3.62e-05,2
abl_l1_l2_gemini_20_flash_medical_038_c00cd8,medical_038,gemini_20_flash,medical,l1_l2,OK. I have scheduled an emergency appointment for patient P003 with doctor D003 on 2024-08-20.,False,,0,0,0,True,False,6.36e-05,2
abl_l1_l2_gemini_20_flash_toolbench_syn_0062_24b80f,toolbench_syn_0062,gemini_20_flash,weather,l1_l2,"I need more information to provide the temperature in Mumbai last week. The tool provides a range of weather data, including maximum, minimum, and average temperatures. Could you please specify which ",False,,0,0,0,False,True,9.680000000000002e-05,2
abl_l1_l2_gemini_20_flash_toolbench_syn_0053_a108ea,toolbench_syn_0053,gemini_20_flash,weather,l1_l2,"I'm sorry, I need a date to get the current weather. Please provide the date for which you want to know the weather in Berlin.",False,,0,0,0,False,True,3.72e-05,2
abl_l1_l2_gemini_20_flash_calendar_056_df56b1,calendar_056,gemini_20_flash,calendar,l1_l2,The 'Budget Review' event has been created for 2024-07-10 at 13:00 for 45 minutes.,False,,1,1,0,False,True,0.000266,11
abl_l1_l2_gemini_20_flash_weather_086_c199a5,weather_086,gemini_20_flash,weather,l1_l2,I have retrieved the weather for Toronto on 2024-03-10 and the forecast for the next 5 days. Please ask me if you want to know the details.,False,,0,0,0,True,False,7.77e-05,2
abl_l1_l2_gemini_20_flash_toolbench_syn_0023_436e67,toolbench_syn_0023,gemini_20_flash,medical,l1_l2,OK. I have scheduled a checkup appointment for patient P004.,False,,0,0,0,True,False,4.35e-05,2
abl_l1_l2_gemini_20_flash_calendar_072_3a2292,calendar_072,gemini_20_flash,calendar,l1_l2,The 16:00 slot is not free. There is already a 'Code Review' event scheduled.,False,,0,0,0,True,False,0.0001181,5
abl_l1_l2_gemini_20_flash_calendar_054_ec373a,calendar_054,gemini_20_flash,calendar,l1_l2,The 09:00 slot is not free.,False,,0,0,0,False,True,0.0001038,5
abl_l1_l2_gemini_20_flash_toolbench_syn_0013_8234a4,toolbench_syn_0013,gemini_20_flash,medical,l1_l2,OK. I have scheduled a specialist appointment for patient P004.,False,,0,0,0,True,False,4.7000000000000004e-05,2
abl_l1_l2_l3_gemini_20_flash_weather_089_5f0bed,weather_089,gemini_20_flash,weather,l1_l2_l3,I have retrieved the weather for Dubai on 2024-05-22 and the forecast for the next 5 days. I can now compare the data to see if the weather will change.,False,,0,0,0,True,False,7.970000000000001e-05,2
abl_l1_l2_gemini_20_flash_toolbench_syn_0093_6ecf5b,toolbench_syn_0093,gemini_20_flash,calendar,l1_l2,I was unable to delete the event because it was not found.,False,,2,1,1,False,True,0.0002025,8
abl_l1_l2_l3_gemini_20_flash_halueval_0039_8a4c7b,halueval_0039,gemini_20_flash,knowledge,l1_l2_l3,I am unable to answer this question.,False,,0,0,0,False,True,4.46e-05,2
abl_l1_l2_l3_gemini_20_flash_weather_097_65c6e5,weather_097,gemini_20_flash,weather,l1_l2_l3,"I have retrieved the current weather in Toronto for 2024-07-08 and the historical weather data for Toronto from 2023-01-01 to 2023-01-07. I can now compare these two datasets. However, I need to actua",False,,0,0,0,True,False,0.0001183,2
abl_l1_l2_l3_gemini_20_flash_toolbench_syn_0003_3a1be8,toolbench_syn_0003,gemini_20_flash,calendar,l1_l2_l3,"Okay, I have scheduled a Workshop for Monday, October 28, 2024 at 14:00.",False,,0,0,0,True,False,6.77e-05,2
abl_l1_l2_l3_gemini_20_flash_weather_051_4218ce,weather_051,gemini_20_flash,weather,l1_l2_l3,I have the weather for Singapore on 2024-03-10 and the 5-day forecast for Singapore. Please specify if you would like me to provide the information I have.,False,,0,0,0,True,False,8.3e-05,2
abl_l1_l2_l3_gemini_20_flash_calendar_100_d14982,calendar_100,gemini_20_flash,calendar,l1_l2_l3,"Okay, I have created an event called 'Interview' on 2024-08-01 at 15:00 for 45 minutes.",False,,0,0,0,False,True,9.620000000000001e-05,2
abl_l1_l2_l3_gemini_20_flash_medical_098_6404e0,medical_098,gemini_20_flash,medical,l1_l2_l3,OK. I have scheduled an emergency appointment for patient P004 with doctor D002 on 2024-11-01.,False,,0,0,0,False,True,8.04e-05,2
abl_l1_l2_l3_gemini_20_flash_calendar_032_48d445,calendar_032,gemini_20_flash,calendar,l1_l2_l3,No events found for 2024-08-20.,False,,0,0,0,True,False,3.65e-05,2
abl_l1_l2_l3_gemini_20_flash_calendar_021_95a121,calendar_021,gemini_20_flash,calendar,l1_l2_l3,Event created.,False,,0,0,0,True,False,5.2000000000000004e-05,2
abl_l1_l2_l3_gemini_20_flash_toolbench_syn_0058_b00115,toolbench_syn_0058,gemini_20_flash,weather,l1_l2_l3,I do not have the functionality to specify a date for the forecast. I can only provide the forecast for the upcoming days. Would you like me to get the forecast for Berlin for the upcoming days?,False,,0,0,0,False,True,4.52e-05,2
abl_l1_l2_l3_gemini_20_flash_toolbench_syn_0070_cc7a30,toolbench_syn_0070,gemini_20_flash,medical,l1_l2_l3,Patient P004 is currently taking Lisinopril and Aspirin.,False,,0,0,0,False,True,3.51e-05,2
abl_l1_l2_l3_gemini_20_flash_calendar_081_3dc396,calendar_081,gemini_20_flash,calendar,l1_l2_l3,"Okay, I've created the 'Training Session' event and here are all the events for 2024-07-02.",False,,0,0,0,True,False,8.840000000000001e-05,2
abl_l1_l2_l3_gemini_20_flash_weather_038_89c061,weather_038,gemini_20_flash,weather,l1_l2_l3,"I am sorry, I cannot fulfill this request. The available tools do not allow specifying the number of days for the forecast. I can only get the forecast for the upcoming days without specifying the exa",False,,0,0,0,True,False,4.4200000000000004e-05,2
abl_l1_l2_l3_gemini_20_flash_weather_005_1ada07,weather_005,gemini_20_flash,weather,l1_l2_l3,"I am sorry, I cannot fulfill this request. The available tools do not support specifying the next day. I can only provide the forecast for the upcoming days without specifying a particular day.",False,,0,0,0,True,False,4.7100000000000006e-05,2
abl_l1_l2_l3_gemini_20_flash_calendar_061_f53a50,calendar_061,gemini_20_flash,calendar,l1_l2_l3,"Here are the events for 2024-08-12:
- Strategy Meeting at 10:00 for 60 minutes with attendees: dave@company.com, frank@company.com",False,,0,0,0,False,True,9.44e-05,2
abl_l1_l2_l3_gemini_20_flash_toolbench_syn_0004_85510e,toolbench_syn_0004,gemini_20_flash,weather,l1_l2_l3,"I don't have the current date, so I cannot fulfill this request. Please provide the current date.",False,,0,0,0,False,True,3.4e-05,2
abl_l1_l2_l3_gemini_20_flash_weather_094_1f8d0c,weather_094,gemini_20_flash,weather,l1_l2_l3,I have retrieved today's weather in Rome (2024-09-30) and the historical weather data for Rome from 2023-01-01 to 2023-01-07. I can now compare them. Please ask me to compare specific aspects of the w,False,,0,0,0,True,False,0.00010750000000000001,2
abl_l1_l2_l3_gemini_20_flash_toolbench_syn_0074_37dc02,toolbench_syn_0074,gemini_20_flash,weather,l1_l2_l3,"I'm sorry, I need a date to get the current weather. Please provide the date for which you want to know the weather in Paris.",False,,0,0,0,False,True,3.72e-05,2
abl_l1_l2_l3_gemini_20_flash_halueval_0053_5edc3d,halueval_0053,gemini_20_flash,knowledge,l1_l2_l3,"Cynthia Nixon received the 2004 Primetime Emmy Award for Outstanding Supporting Actress in a Comedy Series and a Screen Actors Guild Award for her performance in ""Sex and the City"".",False,,0,0,0,False,True,7.31e-05,2
abl_l1_l2_l3_gemini_20_flash_calendar_089_f53c0e,calendar_089,gemini_20_flash,calendar,l1_l2_l3,"OK. I've created the 'Client Call' event and here are all the events for 2024-08-05:
```json
[
  {
    ""id"": ""6464"",
    ""date"": ""2024-08-05"",
    ""start_time"": ""09:00"",
    ""duration"": 60,
    ""title",False,,0,0,0,True,False,0.0001284,2
abl_l1_l2_l3_gemini_20_flash_halueval_0068_fa1712,halueval_0068,gemini_20_flash,knowledge,l1_l2_l3,I am unable to answer this question.,False,,0,0,0,False,True,3.77e-05,2
abl_l1_l2_l3_gemini_20_flash_weather_095_993701,weather_095,gemini_20_flash,weather,l1_l2_l3,I have retrieved the weather for Mumbai on 2024-01-15 and the forecast for the next 7 days. I can now compare the weather on 2024-01-15 with the forecast to determine if it will change.,False,,0,0,0,True,False,8.81e-05,2
abl_l1_l2_l3_gemini_20_flash_medical_093_399d12,medical_093,gemini_20_flash,medical,l1_l2_l3,Interaction check complete. Please see results for details.,False,,0,0,0,False,True,6.4e-05,2
abl_l1_l2_l3_gemini_20_flash_toolbench_syn_0040_bd6e7a,toolbench_syn_0040,gemini_20_flash,medical,l1_l2_l3,Patient P004 is currently taking Lisinopril and Aspirin.,False,,0,0,0,False,True,3.51e-05,2
abl_l1_l2_l3_gemini_20_flash_halueval_0007_f50ed7,halueval_0007,gemini_20_flash,knowledge,l1_l2_l3,I am unable to answer this question.,False,,0,0,0,False,True,3.9200000000000004e-05,2
abl_l1_l2_l3_gemini_20_flash_halueval_0008_6ef851,halueval_0008,gemini_20_flash,knowledge,l1_l2_l3,I am unable to answer this question.,False,,0,0,0,False,True,4.4300000000000006e-05,2
abl_l1_l2_l3_gemini_20_flash_calendar_088_7c324e,calendar_088,gemini_20_flash,calendar,l1_l2_l3,"Okay, I've created a 'Sprint Review' event on 2024-07-01 at 15:00 for 60 minutes.",False,,0,0,0,False,True,9.630000000000001e-05,2
abl_l1_l2_l3_gemini_20_flash_medical_014_2a0dfa,medical_014,gemini_20_flash,medical,l1_l2_l3,Patient P005 has hypertension and diabetes.,False,,0,0,0,True,False,3.33e-05,2
abl_l1_l2_l3_gemini_20_flash_toolbench_syn_0034_fc4345,toolbench_syn_0034,gemini_20_flash,calendar,l1_l2_l3,I cannot reliably answer this question.,True,l1_l2_l3 L3: L3: answer has unsupported numbers: ['-23.'],0,0,0,False,False,0.000106,5
abl_l1_l2_l3_gemini_20_flash_calendar_028_bb0782,calendar_028,gemini_20_flash,calendar,l1_l2_l3,Event scheduled.,False,,0,0,0,True,False,5.46e-05,2
abl_l1_l2_l3_gemini_20_flash_weather_012_8e2725,weather_012,gemini_20_flash,weather,l1_l2_l3,The temperature in Singapore on 2024-06-15 was 84 degrees Fahrenheit.,False,,0,0,0,True,False,5.3e-05,2
abl_l1_l2_l3_gemini_20_flash_weather_007_b72440,weather_007,gemini_20_flash,weather,l1_l2_l3,The temperature in Istanbul on 2024-10-12 is 63 degrees Fahrenheit.,False,,0,0,0,True,False,4.7000000000000004e-05,2
abl_l1_l2_l3_gemini_20_flash_medical_047_e6421a,medical_047,gemini_20_flash,medical,l1_l2_l3,No interactions found between lisinopril and metoprolol.,False,,0,0,0,True,False,4.2600000000000005e-05,2
abl_l1_l2_l3_gemini_20_flash_halueval_0042_0fa667,halueval_0042,gemini_20_flash,knowledge,l1_l2_l3,I am unable to answer this question.,False,,0,0,0,False,True,6.53e-05,3
abl_l1_l2_l3_gemini_20_flash_halueval_0025_df86fc,halueval_0025,gemini_20_flash,knowledge,l1_l2_l3,I am unable to answer this question.,False,,0,0,0,False,True,4.3e-05,2
abl_l1_l2_l3_gemini_20_flash_toolbench_syn_0096_2416b6,toolbench_syn_0096,gemini_20_flash,weather,l1_l2_l3,"I am sorry, I cannot provide the temperature in Paris last week because the tool is not working at the moment. Please try again later.",False,,0,0,0,False,True,6.0400000000000004e-05,2
abl_l1_l2_l3_gemini_20_flash_toolbench_syn_0045_3ded56,toolbench_syn_0045,gemini_20_flash,weather,l1_l2_l3,I don't have the current weather information for Tokyo. I can only access weather information for a specific date. Please provide a date for which you want to know the weather in Tokyo.,False,,0,0,0,False,True,4.0400000000000006e-05,2
abl_l1_l2_l3_gemini_20_flash_halueval_0026_92f706,halueval_0026,gemini_20_flash,knowledge,l1_l2_l3,"New Faces of 1952 is a musical revue with songs and comedy skits, it helped jump start the career of American actress Eartha Kitt.",False,,0,0,0,False,True,6.02e-05,2
abl_l1_l2_l3_gemini_20_flash_weather_090_8ec0f0,weather_090,gemini_20_flash,weather,l1_l2_l3,I have retrieved the weather for Singapore on 2024-12-01 and the 7-day forecast for Singapore. Please specify if you would like me to present the information in a specific format.,False,,0,0,0,True,False,8.060000000000001e-05,2
abl_l1_l2_l3_gemini_20_flash_weather_027_4d7262,weather_027,gemini_20_flash,weather,l1_l2_l3,"I'm sorry, I cannot fulfill this request. The available tools lack the functionality to provide temperature in Fahrenheit.",False,,0,0,0,True,False,5.380000000000001e-05,2
abl_l1_l2_l3_gemini_20_flash_weather_078_f04b36,weather_078,gemini_20_flash,weather,l1_l2_l3,I have retrieved the weather for London on 2024-11-25 and the 7-day forecast for London. Please specify how you would like me to present this information.,False,,0,0,0,True,False,6.42e-05,2
abl_l1_l2_l3_gemini_20_flash_medical_063_3b515d,medical_063,gemini_20_flash,medical,l1_l2_l3,Interaction check complete. Please see results for details.,False,,0,0,0,False,True,5.780000000000001e-05,2
abl_l1_l2_l3_gemini_20_flash_calendar_085_140df2,calendar_085,gemini_20_flash,calendar,l1_l2_l3,"Here are the events for 2024-07-22:
- Code Review Session from 09:00 to 09:30 with eve@company.com and carol@company.com",False,,0,0,0,True,False,9.410000000000001e-05,2
abl_l1_l2_l3_gemini_20_flash_medical_008_e2bc5b,medical_008,gemini_20_flash,medical,l1_l2_l3,OK. I have scheduled an emergency appointment for patient P005 with doctor D001 on 2024-09-01.,False,,0,0,0,True,False,6.440000000000001e-05,2
abl_l1_l2_l3_gemini_20_flash_weather_096_720c1d,weather_096,gemini_20_flash,weather,l1_l2_l3,I have retrieved the weather for Mumbai on 2024-02-20 and the 7-day forecast for Mumbai. Please ask if you need any more information.,False,,0,0,0,True,False,7.780000000000001e-05,2
abl_l1_l2_l3_gemini_20_flash_calendar_001_e91f33,calendar_001,gemini_20_flash,calendar,l1_l2_l3,Event created.,False,,0,0,0,True,False,4.1700000000000004e-05,2
abl_l1_l2_l3_gemini_20_flash_calendar_083_f7de0c,calendar_083,gemini_20_flash,calendar,l1_l2_l3,OK. I've created the 'Team Standup' meeting and retrieved all events for 2024-08-01.,False,,0,0,0,True,False,8.93e-05,2
abl_l1_l2_l3_gemini_20_flash_halueval_0019_80c652,halueval_0019,gemini_20_flash,knowledge,l1_l2_l3,Catherine Cortez Masto served as the 32nd Attorney General of Nevada.,False,,0,0,0,False,True,5.41e-05,2
abl_l1_l2_l3_gemini_20_flash_toolbench_syn_0094_fc2e84,toolbench_syn_0094,gemini_20_flash,medical,l1_l2_l3,There is a moderate interaction between atorvastatin and ibuprofen. Ibuprofen may increase the blood levels of atorvastatin. This can increase the risk of side effects such as muscle pain and weakness,False,,0,0,0,False,True,5.39e-05,2
abl_l1_l2_l3_gemini_20_flash_medical_031_5f4fc0,medical_031,gemini_20_flash,medical,l1_l2_l3,Patient medical record retrieved.,False,,0,0,0,True,False,3.62e-05,2
abl_l1_l2_l3_gemini_20_flash_calendar_056_4a0e45,calendar_056,gemini_20_flash,calendar,l1_l2_l3,The 13:00 slot is not free.,False,,0,0,0,False,True,9.650000000000001e-05,5
abl_l1_l2_l3_gemini_20_flash_toolbench_syn_0053_359b53,toolbench_syn_0053,gemini_20_flash,weather,l1_l2_l3,I don't have the current weather information for Berlin. I can only provide weather information for a specific date. Please provide a date.,False,,0,0,0,False,True,3.6400000000000004e-05,2
abl_l1_l2_l3_gemini_20_flash_medical_038_56437d,medical_038,gemini_20_flash,medical,l1_l2_l3,OK. I have scheduled an emergency appointment for patient P003 with doctor D003 on 2024-08-20.,False,,0,0,0,True,False,6.36e-05,2
abl_l1_l2_l3_gemini_20_flash_toolbench_syn_0062_51b752,toolbench_syn_0062,gemini_20_flash,weather,l1_l2_l3,"I cannot provide a single temperature for the entire week. The historical weather data for Mumbai between October 19, 2023, and October 25, 2023, would contain a range of temperatures for each day. If",False,,0,0,0,False,True,0.0001004,2
abl_l1_l2_l3_gemini_20_flash_toolbench_syn_0023_502e31,toolbench_syn_0023,gemini_20_flash,medical,l1_l2_l3,OK. I have scheduled a checkup appointment for patient P004.,False,,0,0,0,True,False,4.35e-05,2
abl_l1_l2_l3_gemini_20_flash_weather_086_babba7,weather_086,gemini_20_flash,weather,l1_l2_l3,"I have the weather for Toronto on 2024-03-10 and the forecast for the next 5 days. I can now compare them to see if the weather will change. However, I cannot directly compare them myself. You will ne",False,,0,0,0,True,False,8.650000000000002e-05,2
abl_l1_l2_l3_gemini_20_flash_calendar_072_85e347,calendar_072,gemini_20_flash,calendar,l1_l2_l3,[I need the event data to determine if the 16:00 slot is free before I can create the event.],False,,0,0,0,False,True,8.630000000000001e-05,2
abl_l1_l2_l3_gemini_20_flash_toolbench_syn_0013_79b260,toolbench_syn_0013,gemini_20_flash,medical,l1_l2_l3,OK. I have scheduled a specialist appointment for patient P004.,False,,0,0,0,True,False,4.7000000000000004e-05,2
abl_l1_l2_l3_gemini_20_flash_calendar_054_4b8615,calendar_054,gemini_20_flash,calendar,l1_l2_l3,The 09:00 slot is not free.,False,,0,0,0,False,True,0.0001038,5
abl_l1_l2_l3_gemini_20_flash_toolbench_syn_0093_66c806,toolbench_syn_0093,gemini_20_flash,calendar,l1_l2_l3,Event 'EVT_MOCK_4078' not found,False,,2,1,1,False,True,0.00019690000000000002,8
