session_id,task_id,model,domain,difficulty,source,tool_selected,tool_correct,final_correct,cost,input_tokens,output_tokens,steps
bl_gpt4o_mini_ecommerce_s1_0033_41c83d,ecommerce_s1_0033,gpt4o_mini,ecommerce,easy,synthetic,,False,True,4.71e-05,118,49,2
bl_gpt4o_mini_ecommerce_s1_0031_de11cd,ecommerce_s1_0031,gpt4o_mini,ecommerce,easy,synthetic,,False,True,7.125e-05,119,89,2
bl_gpt4o_mini_ecommerce_s1_0032_850681,ecommerce_s1_0032,gpt4o_mini,ecommerce,easy,synthetic,,False,True,4.695e-05,117,49,2
bl_gpt4o_mini_ecommerce_s1_0034_17f92e,ecommerce_s1_0034,gpt4o_mini,ecommerce,easy,synthetic,,False,True,7.305e-05,131,89,2
bl_gpt4o_mini_ecommerce_s1_0037_493d5e,ecommerce_s1_0037,gpt4o_mini,ecommerce,easy,synthetic,,False,True,4.695e-05,117,49,2
bl_gpt4o_mini_ecommerce_s1_0036_0b951d,ecommerce_s1_0036,gpt4o_mini,ecommerce,easy,synthetic,,False,True,6.704999999999999e-05,119,82,2
bl_gpt4o_mini_ecommerce_s1_0035_57502e,ecommerce_s1_0035,gpt4o_mini,ecommerce,easy,synthetic,search_products,True,False,0.00023535,945,156,8
bl_gpt4o_mini_ecommerce_s1_0030_00b44f,ecommerce_s1_0030,gpt4o_mini,ecommerce,easy,synthetic,search_products,True,False,0.00070455,3637,265,15
bl_gpt4o_mini_ecommerce_s1_0038_7bf0cc,ecommerce_s1_0038,gpt4o_mini,ecommerce,easy,synthetic,get_product,True,True,0.0001164,356,105,5
bl_gpt4o_mini_ecommerce_s1_0039_cd07e0,ecommerce_s1_0039,gpt4o_mini,ecommerce,easy,synthetic,,False,True,7.98e-05,132,100,2
bl_gpt4o_mini_ecommerce_s1_0042_ef0084,ecommerce_s1_0042,gpt4o_mini,ecommerce,easy,synthetic,,False,True,4.695e-05,117,49,2
bl_gpt4o_mini_ecommerce_s1_0043_70c15f,ecommerce_s1_0043,gpt4o_mini,ecommerce,easy,synthetic,get_product,True,True,0.00011865,359,108,5
bl_gpt4o_mini_ecommerce_s1_0041_fd9209,ecommerce_s1_0041,gpt4o_mini,ecommerce,easy,synthetic,search_products,True,True,0.00035174999999999996,1417,232,11
bl_gpt4o_mini_ecommerce_s1_0040_d1d93e,ecommerce_s1_0040,gpt4o_mini,ecommerce,easy,synthetic,search_products,True,False,0.0005937000000000001,2926,258,15
bl_gpt4o_mini_ecommerce_s1_0046_6add60,ecommerce_s1_0046,gpt4o_mini,ecommerce,easy,synthetic,,False,False,5.565e-05,119,63,2
bl_gpt4o_mini_ecommerce_s1_0047_d91bae,ecommerce_s1_0047,gpt4o_mini,ecommerce,easy,synthetic,,False,True,4.695e-05,117,49,2
bl_gpt4o_mini_ecommerce_s1_0044_30ec33,ecommerce_s1_0044,gpt4o_mini,ecommerce,easy,synthetic,get_product,False,True,0.00033989999999999997,1278,247,11
bl_gpt4o_mini_ecommerce_s1_0045_aa773a,ecommerce_s1_0045,gpt4o_mini,ecommerce,easy,synthetic,search_products,True,False,0.00023129999999999998,946,149,8
bl_gpt4o_mini_ecommerce_s1_0048_3da29a,ecommerce_s1_0048,gpt4o_mini,ecommerce,easy,synthetic,get_product,True,True,0.00011879999999999999,356,109,5
bl_gpt4o_mini_ecommerce_s1_0052_9f7b99,ecommerce_s1_0052,gpt4o_mini,ecommerce,medium,synthetic,,False,False,0.0001002,140,132,2
bl_gpt4o_mini_ecommerce_s1_0051_c7e762,ecommerce_s1_0051,gpt4o_mini,ecommerce,medium,synthetic,get_product,True,False,0.00022935000000000002,833,174,8
bl_gpt4o_mini_ecommerce_s1_0050_c626db,ecommerce_s1_0050,gpt4o_mini,ecommerce,medium,synthetic,search_products,True,False,0.00037454999999999997,1453,261,11
bl_gpt4o_mini_ecommerce_s1_0049_6a009c,ecommerce_s1_0049,gpt4o_mini,ecommerce,easy,synthetic,get_product,False,True,0.000366,1288,288,11
bl_gpt4o_mini_ecommerce_s1_0053_b7170e,ecommerce_s1_0053,gpt4o_mini,ecommerce,medium,synthetic,search_products,True,False,0.0003825,1442,277,11
bl_gpt4o_mini_ecommerce_s1_0056_160dd1,ecommerce_s1_0056,gpt4o_mini,ecommerce,medium,synthetic,search_products,True,False,0.00040215,1789,223,11
bl_gpt4o_mini_ecommerce_s1_0055_9a92f1,ecommerce_s1_0055,gpt4o_mini,ecommerce,medium,synthetic,search_products,True,False,0.0004077,1610,277,11
bl_gpt4o_mini_ecommerce_s1_0058_aef7f7,ecommerce_s1_0058,gpt4o_mini,ecommerce,medium,synthetic,,False,False,7.379999999999999e-05,140,88,2
bl_gpt4o_mini_ecommerce_s1_0054_063da8,ecommerce_s1_0054,gpt4o_mini,ecommerce,medium,synthetic,get_product,True,False,0.00023009999999999998,846,172,8
bl_gpt4o_mini_ecommerce_s1_0060_8e981c,ecommerce_s1_0060,gpt4o_mini,ecommerce,medium,synthetic,get_product,True,False,0.00023715,853,182,8
bl_gpt4o_mini_ecommerce_s1_0061_87ddda,ecommerce_s1_0061,gpt4o_mini,ecommerce,medium,synthetic,,False,False,7.439999999999999e-05,140,89,2
bl_gpt4o_mini_ecommerce_s1_0059_2e3469,ecommerce_s1_0059,gpt4o_mini,ecommerce,medium,synthetic,search_products,True,False,0.00042839999999999995,1840,254,11
bl_gpt4o_mini_ecommerce_s1_0057_fd166d,ecommerce_s1_0057,gpt4o_mini,ecommerce,medium,synthetic,get_product,True,False,0.00033810000000000003,1286,242,11
bl_gpt4o_mini_ecommerce_s1_0063_00423e,ecommerce_s1_0063,gpt4o_mini,ecommerce,medium,synthetic,get_product,True,False,0.00023085,839,175,8
bl_gpt4o_mini_ecommerce_s1_0062_10c971,ecommerce_s1_0062,gpt4o_mini,ecommerce,medium,synthetic,search_products,True,False,0.000489,2168,273,15
bl_gpt4o_mini_ecommerce_s1_0064_78ec74,ecommerce_s1_0064,gpt4o_mini,ecommerce,medium,synthetic,search_products,True,False,0.00039434999999999996,1573,264,11
bl_gpt4o_mini_ecommerce_s1_0065_1d6103,ecommerce_s1_0065,gpt4o_mini,ecommerce,medium,synthetic,search_products,True,False,0.00047805,2127,265,15
bl_gpt4o_mini_ecommerce_s1_0066_a78e9d,ecommerce_s1_0066,gpt4o_mini,ecommerce,medium,synthetic,get_product,True,False,0.0002286,832,173,8
bl_gpt4o_mini_ecommerce_s1_0067_1292be,ecommerce_s1_0067,gpt4o_mini,ecommerce,medium,synthetic,search_products,True,False,0.0002448,892,185,8
bl_gpt4o_mini_ecommerce_s1_0070_56b339,ecommerce_s1_0070,gpt4o_mini,ecommerce,medium,synthetic,,False,False,9.254999999999999e-05,141,119,2
bl_gpt4o_mini_ecommerce_s1_0068_2c746c,ecommerce_s1_0068,gpt4o_mini,ecommerce,medium,synthetic,search_products,True,False,0.0003804,1472,266,11
bl_gpt4o_mini_ecommerce_s1_0069_9c70ae,ecommerce_s1_0069,gpt4o_mini,ecommerce,medium,synthetic,get_product,True,False,0.0003459,1302,251,11
bl_gpt4o_mini_ecommerce_s1_0072_391aa8,ecommerce_s1_0072,gpt4o_mini,ecommerce,medium,synthetic,get_product,True,False,0.00023024999999999999,839,174,8
bl_gpt4o_mini_ecommerce_s1_0071_7623c2,ecommerce_s1_0071,gpt4o_mini,ecommerce,medium,synthetic,search_products,True,False,0.00039914999999999997,1465,299,11
bl_gpt4o_mini_ecommerce_s1_0076_6fa83c,ecommerce_s1_0076,gpt4o_mini,ecommerce,medium,synthetic,,False,False,5.9399999999999994e-05,140,64,2
bl_gpt4o_mini_ecommerce_s1_0075_45101b,ecommerce_s1_0075,gpt4o_mini,ecommerce,medium,synthetic,get_product,True,False,0.000234,836,181,8
bl_gpt4o_mini_ecommerce_s1_0074_44904e,ecommerce_s1_0074,gpt4o_mini,ecommerce,medium,synthetic,search_products,True,False,0.00037785,1435,271,11
bl_gpt4o_mini_ecommerce_s1_0073_4e581c,ecommerce_s1_0073,gpt4o_mini,ecommerce,medium,synthetic,search_products,True,False,0.00055995,2389,336,14
bl_gpt4o_mini_ecommerce_s1_0078_3b7c4d,ecommerce_s1_0078,gpt4o_mini,ecommerce,medium,synthetic,get_product,True,False,0.00023954999999999997,853,186,8
bl_gpt4o_mini_ecommerce_s1_0077_106a55,ecommerce_s1_0077,gpt4o_mini,ecommerce,medium,synthetic,search_products,True,False,0.0005235,2238,313,15
bl_gpt4o_mini_ecommerce_s1_0079_7c6ea3,ecommerce_s1_0079,gpt4o_mini,ecommerce,medium,synthetic,search_products,True,False,0.00038355,1549,252,11
bl_gpt4o_mini_ecommerce_s1_0082_0cf9e4,ecommerce_s1_0082,gpt4o_mini,ecommerce,medium,synthetic,,False,False,7.575e-05,141,91,2
bl_gpt4o_mini_ecommerce_s1_0081_5c2d1e,ecommerce_s1_0081,gpt4o_mini,ecommerce,medium,synthetic,get_product,True,False,0.00023505,859,177,8
bl_gpt4o_mini_ecommerce_s1_0080_f112c9,ecommerce_s1_0080,gpt4o_mini,ecommerce,medium,synthetic,search_products,True,False,0.00038295,1449,276,11
bl_gpt4o_mini_ecommerce_s1_0084_04d0c4,ecommerce_s1_0084,gpt4o_mini,ecommerce,medium,synthetic,get_product,True,False,0.00023925,851,186,8
bl_gpt4o_mini_ecommerce_s1_0085_513946,ecommerce_s1_0085,gpt4o_mini,ecommerce,medium,synthetic,,False,False,0.0001272,140,177,2
bl_gpt4o_mini_ecommerce_s1_0083_0a8073,ecommerce_s1_0083,gpt4o_mini,ecommerce,medium,synthetic,search_products,True,True,0.00038475,1441,281,11
bl_gpt4o_mini_ecommerce_s1_0088_e3baf1,ecommerce_s1_0088,gpt4o_mini,ecommerce,medium,synthetic,,False,False,7.395e-05,141,88,2
bl_gpt4o_mini_ecommerce_s1_0086_81f39e,ecommerce_s1_0086,gpt4o_mini,ecommerce,medium,synthetic,search_products,True,False,0.0003717,1434,261,11
bl_gpt4o_mini_ecommerce_s1_0087_49ea81,ecommerce_s1_0087,gpt4o_mini,ecommerce,medium,synthetic,get_product,True,False,0.00032355000000000003,1257,225,11
bl_gpt4o_mini_ecommerce_s1_0091_34eb88,ecommerce_s1_0091,gpt4o_mini,ecommerce,medium,synthetic,,False,False,8.595e-05,141,108,2
bl_gpt4o_mini_ecommerce_s1_0090_23faff,ecommerce_s1_0090,gpt4o_mini,ecommerce,medium,synthetic,get_product,True,False,0.00023339999999999998,848,177,8
bl_gpt4o_mini_ecommerce_s1_0094_dcad8a,ecommerce_s1_0094,gpt4o_mini,ecommerce,medium,synthetic,,False,False,7.5e-05,140,90,2
bl_gpt4o_mini_ecommerce_s1_0089_bb32a2,ecommerce_s1_0089,gpt4o_mini,ecommerce,medium,synthetic,search_products,True,False,0.0003888,1424,292,11
bl_gpt4o_mini_ecommerce_s1_0093_b6d676,ecommerce_s1_0093,gpt4o_mini,ecommerce,medium,synthetic,get_product,True,False,0.00024165,851,190,8
bl_gpt4o_mini_ecommerce_s1_0092_99dd98,ecommerce_s1_0092,gpt4o_mini,ecommerce,medium,synthetic,search_products,True,False,0.00038805,1423,291,11
bl_gpt4o_mini_ecommerce_s1_0096_76d0bc,ecommerce_s1_0096,gpt4o_mini,ecommerce,medium,synthetic,get_product,True,False,0.0002328,844,177,8
bl_gpt4o_mini_ecommerce_s1_0095_7b15a1,ecommerce_s1_0095,gpt4o_mini,ecommerce,medium,synthetic,search_products,True,True,0.00038595,1449,281,11
bl_gpt4o_mini_ecommerce_s1_0097_bf4433,ecommerce_s1_0097,gpt4o_mini,ecommerce,medium,synthetic,search_products,True,False,0.00040905,1599,282,11
bl_gpt4o_mini_ecommerce_s1_0100_eaee15,ecommerce_s1_0100,gpt4o_mini,ecommerce,hard,synthetic,search_products,True,True,0.00043545,1715,297,11
bl_gpt4o_mini_ecommerce_s1_0099_5f88b2,ecommerce_s1_0099,gpt4o_mini,ecommerce,medium,synthetic,get_product,True,False,0.00034815,1305,254,11
bl_gpt4o_mini_ecommerce_s1_0098_8506c3,ecommerce_s1_0098,gpt4o_mini,ecommerce,medium,synthetic,search_products,True,False,0.00037664999999999997,1403,277,11
bl_gpt4o_mini_ecommerce_s1_0104_e7c4f0,ecommerce_s1_0104,gpt4o_mini,ecommerce,hard,synthetic,get_product,True,False,0.00037109999999999997,1434,260,11
bl_gpt4o_mini_ecommerce_s1_0102_fc7652,ecommerce_s1_0102,gpt4o_mini,ecommerce,hard,synthetic,search_products,True,False,0.0006538499999999999,2407,488,11
bl_gpt4o_mini_ecommerce_s1_0101_d76574,ecommerce_s1_0101,gpt4o_mini,ecommerce,hard,synthetic,get_product,True,False,0.00039059999999999995,1468,284,11
bl_gpt4o_mini_ecommerce_s1_0103_c6c8fe,ecommerce_s1_0103,gpt4o_mini,ecommerce,hard,synthetic,search_products,True,False,0.00063675,2561,421,15
bl_gpt4o_mini_ecommerce_s1_0105_637762,ecommerce_s1_0105,gpt4o_mini,ecommerce,hard,synthetic,,False,False,0.0001074,148,142,2
bl_gpt4o_mini_ecommerce_s1_0107_64cdac,ecommerce_s1_0107,gpt4o_mini,ecommerce,hard,synthetic,get_product,True,False,0.0003717,1438,260,11
bl_gpt4o_mini_ecommerce_s1_0106_18880e,ecommerce_s1_0106,gpt4o_mini,ecommerce,hard,synthetic,get_product,False,False,0.0006138,2740,338,15
bl_gpt4o_mini_ecommerce_s1_0109_f84ecb,ecommerce_s1_0109,gpt4o_mini,ecommerce,hard,synthetic,search_products,True,False,0.0006520499999999999,2627,430,15
bl_gpt4o_mini_ecommerce_s1_0111_41b31a,ecommerce_s1_0111,gpt4o_mini,ecommerce,hard,synthetic,search_products,True,True,0.00037065000000000004,1351,280,11
bl_gpt4o_mini_ecommerce_s1_0110_b70d8a,ecommerce_s1_0110,gpt4o_mini,ecommerce,hard,synthetic,get_product,True,False,0.00036990000000000005,1430,259,11
bl_gpt4o_mini_ecommerce_s1_0112_aa3f23,ecommerce_s1_0112,gpt4o_mini,ecommerce,hard,synthetic,search_products,True,True,0.00042285,1707,278,11
bl_gpt4o_mini_ecommerce_s1_0113_da30f0,ecommerce_s1_0113,gpt4o_mini,ecommerce,hard,synthetic,get_product,True,False,0.0003792,1452,269,11
bl_gpt4o_mini_ecommerce_s1_0114_e23b34,ecommerce_s1_0114,gpt4o_mini,ecommerce,hard,synthetic,search_products,True,True,0.00037395,1305,297,11
bl_gpt4o_mini_ecommerce_s1_0108_3f1755,ecommerce_s1_0108,gpt4o_mini,ecommerce,hard,synthetic,search_products,True,False,0.0006062999999999999,2354,422,15
bl_gpt4o_mini_ecommerce_s1_0115_623c72,ecommerce_s1_0115,gpt4o_mini,ecommerce,hard,synthetic,search_products,True,True,0.00043065,1727,286,11
bl_gpt4o_mini_ecommerce_s1_0118_d49c59,ecommerce_s1_0118,gpt4o_mini,ecommerce,hard,synthetic,search_products,True,True,0.0002787,990,217,8
bl_gpt4o_mini_ecommerce_s1_0117_35c28e,ecommerce_s1_0117,gpt4o_mini,ecommerce,hard,synthetic,search_products,True,True,0.00042075,1709,274,11
bl_gpt4o_mini_ecommerce_s1_0116_e94834,ecommerce_s1_0116,gpt4o_mini,ecommerce,hard,synthetic,get_product,True,False,0.00037830000000000003,1450,268,11
bl_gpt4o_mini_ecommerce_s1_0119_2bd323,ecommerce_s1_0119,gpt4o_mini,ecommerce,hard,synthetic,get_product,True,False,0.00037469999999999995,1442,264,11
bl_gpt4o_mini_ecommerce_s1_0120_8a319e,ecommerce_s1_0120,gpt4o_mini,ecommerce,hard,synthetic,search_products,True,True,0.00039765,1403,312,11
bl_gpt4o_mini_ecommerce_s1_0122_576f0e,ecommerce_s1_0122,gpt4o_mini,ecommerce,hard,synthetic,get_product,True,False,0.000411,1524,304,11
bl_gpt4o_mini_ecommerce_s1_0121_8e0976,ecommerce_s1_0121,gpt4o_mini,ecommerce,hard,synthetic,search_products,True,False,0.000627,2560,405,15
bl_gpt4o_mini_ecommerce_s1_0123_c4f721,ecommerce_s1_0123,gpt4o_mini,ecommerce,hard,synthetic,search_products,True,True,0.0005382,1748,460,11
bl_gpt4o_mini_ecommerce_s1_0124_a83fcd,ecommerce_s1_0124,gpt4o_mini,ecommerce,hard,synthetic,search_products,True,True,0.0006067499999999999,2573,368,14
bl_gpt4o_mini_ecommerce_s1_0125_fad6af,ecommerce_s1_0125,gpt4o_mini,ecommerce,hard,synthetic,get_product,True,False,0.00041715,1537,311,11
bl_gpt4o_mini_ecommerce_s1_0128_95267b,ecommerce_s1_0128,gpt4o_mini,ecommerce,hard,synthetic,get_product,True,False,0.000384,1444,279,11
bl_gpt4o_mini_ecommerce_s1_0126_a5c43f,ecommerce_s1_0126,gpt4o_mini,ecommerce,hard,synthetic,search_products,True,True,0.00039119999999999997,1452,289,11
bl_gpt4o_mini_ecommerce_s1_0129_540cae,ecommerce_s1_0129,gpt4o_mini,ecommerce,hard,synthetic,,False,True,0.00016335,149,235,2
bl_gpt4o_mini_ecommerce_s1_0127_493871,ecommerce_s1_0127,gpt4o_mini,ecommerce,hard,synthetic,search_products,True,False,0.0006141,2594,375,15
bl_deepseek_v3_ecommerce_s1_0032_e130c6,ecommerce_s1_0032,deepseek_v3,ecommerce,easy,synthetic,get_product,True,True,0.00020703,339,105,5
bl_deepseek_v3_ecommerce_s1_0030_2f68a4,ecommerce_s1_0030,deepseek_v3,ecommerce,easy,synthetic,search_products,True,False,0.00039086000000000004,918,130,8
bl_deepseek_v3_ecommerce_s1_0033_44aebd,ecommerce_s1_0033,deepseek_v3,ecommerce,easy,synthetic,get_product,True,True,0.00023837,341,133,5
bl_deepseek_v3_ecommerce_s1_0031_6702ac,ecommerce_s1_0031,deepseek_v3,ecommerce,easy,synthetic,search_products,True,True,0.0003955,650,200,8
bl_deepseek_v3_ecommerce_s1_0035_3c5269,ecommerce_s1_0035,deepseek_v3,ecommerce,easy,synthetic,search_products,True,False,0.00073811,1703,253,9
bl_deepseek_v3_ecommerce_s1_0034_b4f19e,ecommerce_s1_0034,deepseek_v3,ecommerce,easy,synthetic,place_order,True,True,0.0004134000000000001,700,204,8
bl_deepseek_v3_ecommerce_s1_0037_5a3084,ecommerce_s1_0037,deepseek_v3,ecommerce,easy,synthetic,get_product,True,True,0.00021168,344,108,5
bl_deepseek_v3_ecommerce_s1_0039_3cba7d,ecommerce_s1_0039,deepseek_v3,ecommerce,easy,synthetic,get_product,False,True,0.00034473,409,213,5
bl_deepseek_v3_ecommerce_s1_0038_9f6f62,ecommerce_s1_0038,deepseek_v3,ecommerce,easy,synthetic,get_product,True,True,0.0002117,340,109,5
bl_deepseek_v3_ecommerce_s1_0042_caf5e7,ecommerce_s1_0042,deepseek_v3,ecommerce,easy,synthetic,get_product,True,True,0.00020757,341,105,5
bl_deepseek_v3_ecommerce_s1_0036_4b1333,ecommerce_s1_0036,deepseek_v3,ecommerce,easy,synthetic,search_products,True,True,0.00074476,1528,302,11
bl_deepseek_v3_ecommerce_s1_0041_006a3d,ecommerce_s1_0041,deepseek_v3,ecommerce,easy,synthetic,search_products,True,True,0.0008609000000000001,1840,331,11
bl_deepseek_v3_ecommerce_s1_0040_f76d60,ecommerce_s1_0040,deepseek_v3,ecommerce,easy,synthetic,search_products,True,False,0.00111685,2955,290,15
bl_deepseek_v3_ecommerce_s1_0043_5ed21d,ecommerce_s1_0043,deepseek_v3,ecommerce,easy,synthetic,get_product,True,True,0.00021498,344,111,5
bl_deepseek_v3_ecommerce_s1_0044_eefa95,ecommerce_s1_0044,deepseek_v3,ecommerce,easy,synthetic,get_product,False,True,0.0004203900000000001,787,189,8
bl_deepseek_v3_ecommerce_s1_0047_443ec5,ecommerce_s1_0047,deepseek_v3,ecommerce,easy,synthetic,get_product,True,True,0.00022677,351,120,5
bl_deepseek_v3_ecommerce_s1_0045_ad02ff,ecommerce_s1_0045,deepseek_v3,ecommerce,easy,synthetic,search_products,True,False,0.00108773,2949,265,15
bl_deepseek_v3_ecommerce_s1_0049_12d574,ecommerce_s1_0049,deepseek_v3,ecommerce,easy,synthetic,get_product,False,True,0.0005295900000000001,837,276,8
bl_deepseek_v3_ecommerce_s1_0048_1c3f1b,ecommerce_s1_0048,deepseek_v3,ecommerce,easy,synthetic,get_product,True,True,0.00021280000000000002,340,110,5
bl_deepseek_v3_ecommerce_s1_0046_fb6a5a,ecommerce_s1_0046,deepseek_v3,ecommerce,easy,synthetic,search_products,True,True,0.0007901500000000001,1635,317,14
bl_deepseek_v3_ecommerce_s1_0051_6a0933,ecommerce_s1_0051,deepseek_v3,ecommerce,medium,synthetic,get_product,True,False,0.00054867,871,285,8
bl_deepseek_v3_ecommerce_s1_0050_99ac30,ecommerce_s1_0050,deepseek_v3,ecommerce,medium,synthetic,search_products,True,False,0.00099915,2515,291,15
bl_deepseek_v3_ecommerce_s1_0053_546041,ecommerce_s1_0053,deepseek_v3,ecommerce,medium,synthetic,search_products,True,True,0.0006604500000000001,1395,258,11
bl_deepseek_v3_ecommerce_s1_0052_483045,ecommerce_s1_0052,deepseek_v3,ecommerce,medium,synthetic,search_products,True,False,0.00099438,2314,336,14
bl_deepseek_v3_ecommerce_s1_0054_1ed03c,ecommerce_s1_0054,deepseek_v3,ecommerce,medium,synthetic,get_product,True,False,0.00042324,822,183,8
bl_deepseek_v3_ecommerce_s1_0056_15f727,ecommerce_s1_0056,deepseek_v3,ecommerce,medium,synthetic,search_products,True,False,0.0005432900000000001,1067,232,8
bl_deepseek_v3_ecommerce_s1_0055_89aa21,ecommerce_s1_0055,deepseek_v3,ecommerce,medium,synthetic,search_products,True,False,0.0007990600000000001,1558,344,11
bl_deepseek_v3_ecommerce_s1_0057_8d42f5,ecommerce_s1_0057,deepseek_v3,ecommerce,medium,synthetic,get_product,True,False,0.00044975,855,199,8
bl_deepseek_v3_ecommerce_s1_0061_597895,ecommerce_s1_0061,deepseek_v3,ecommerce,medium,synthetic,,False,False,0.00037085000000000004,135,304,2
bl_deepseek_v3_ecommerce_s1_0058_d6df4a,ecommerce_s1_0058,deepseek_v3,ecommerce,medium,synthetic,search_products,True,False,0.00110892,2726,339,15
bl_deepseek_v3_ecommerce_s1_0060_7eb00d,ecommerce_s1_0060,deepseek_v3,ecommerce,medium,synthetic,get_product,True,False,0.00046403000000000004,859,211,8
bl_deepseek_v3_ecommerce_s1_0059_65bfd6,ecommerce_s1_0059,deepseek_v3,ecommerce,medium,synthetic,search_products,True,False,0.00108353,2799,298,14
bl_deepseek_v3_ecommerce_s1_0065_bbe51b,ecommerce_s1_0065,deepseek_v3,ecommerce,medium,synthetic,,False,False,0.00017073000000000004,119,126,2
bl_deepseek_v3_ecommerce_s1_0063_f70a8e,ecommerce_s1_0063,deepseek_v3,ecommerce,medium,synthetic,get_product,True,False,0.0004703200000000001,866,215,8
bl_deepseek_v3_ecommerce_s1_0062_be921b,ecommerce_s1_0062,deepseek_v3,ecommerce,medium,synthetic,search_products,True,False,0.0006933400000000001,812,431,8
bl_deepseek_v3_ecommerce_s1_0067_f73a38,ecommerce_s1_0067,deepseek_v3,ecommerce,medium,synthetic,,False,False,0.00026195000000000005,135,205,2
bl_deepseek_v3_ecommerce_s1_0068_c9b051,ecommerce_s1_0068,deepseek_v3,ecommerce,medium,synthetic,,False,True,0.0003093300000000001,119,252,2
bl_deepseek_v3_ecommerce_s1_0064_5655b7,ecommerce_s1_0064,deepseek_v3,ecommerce,medium,synthetic,,False,False,0.00025425000000000003,135,198,2
bl_deepseek_v3_ecommerce_s1_0069_05af72,ecommerce_s1_0069,deepseek_v3,ecommerce,medium,synthetic,,False,False,0.00019541,133,145,2
bl_deepseek_v3_ecommerce_s1_0066_862185,ecommerce_s1_0066,deepseek_v3,ecommerce,medium,synthetic,get_product,True,False,0.00045666,848,207,8
bl_deepseek_v3_ecommerce_s1_0072_8cc974,ecommerce_s1_0072,deepseek_v3,ecommerce,medium,synthetic,,False,True,0.00022208000000000002,134,169,2
bl_deepseek_v3_ecommerce_s1_0074_a70291,ecommerce_s1_0074,deepseek_v3,ecommerce,medium,synthetic,,False,True,0.00040586,118,340,2
bl_deepseek_v3_ecommerce_s1_0070_7c734a,ecommerce_s1_0070,deepseek_v3,ecommerce,medium,synthetic,search_products,True,False,0.00114674,2972,313,15
bl_deepseek_v3_ecommerce_s1_0071_729dee,ecommerce_s1_0071,deepseek_v3,ecommerce,medium,synthetic,search_products,True,False,0.00073559,1437,316,11
bl_deepseek_v3_ecommerce_s1_0077_4caca2,ecommerce_s1_0077,deepseek_v3,ecommerce,medium,synthetic,,False,False,0.00019163,119,145,2
bl_deepseek_v3_ecommerce_s1_0075_996d69,ecommerce_s1_0075,deepseek_v3,ecommerce,medium,synthetic,get_product,True,False,0.00041311000000000006,813,176,8
bl_deepseek_v3_ecommerce_s1_0076_563f73,ecommerce_s1_0076,deepseek_v3,ecommerce,medium,synthetic,,False,False,0.00032575,135,263,2
bl_deepseek_v3_ecommerce_s1_0079_d41842,ecommerce_s1_0079,deepseek_v3,ecommerce,medium,synthetic,,False,False,0.00032135000000000003,135,259,2
bl_deepseek_v3_ecommerce_s1_0073_208f3b,ecommerce_s1_0073,deepseek_v3,ecommerce,medium,synthetic,search_products,True,False,0.00105243,2419,363,14
bl_deepseek_v3_ecommerce_s1_0078_a3430a,ecommerce_s1_0078,deepseek_v3,ecommerce,medium,synthetic,get_product,True,False,0.00046567000000000006,861,212,8
bl_deepseek_v3_ecommerce_s1_0081_157e10,ecommerce_s1_0081,deepseek_v3,ecommerce,medium,synthetic,,False,False,0.00035518,134,290,2
bl_deepseek_v3_ecommerce_s1_0082_ccbc21,ecommerce_s1_0082,deepseek_v3,ecommerce,medium,synthetic,,False,False,0.00029605,135,236,2
bl_deepseek_v3_ecommerce_s1_0085_23c81a,ecommerce_s1_0085,deepseek_v3,ecommerce,medium,synthetic,,False,False,0.00026855000000000005,135,211,2
bl_deepseek_v3_ecommerce_s1_0080_962736,ecommerce_s1_0080,deepseek_v3,ecommerce,medium,synthetic,search_products,True,False,0.00112701,3013,285,15
bl_deepseek_v3_ecommerce_s1_0084_0d797c,ecommerce_s1_0084,deepseek_v3,ecommerce,medium,synthetic,get_product,True,False,0.00048022,866,224,8
bl_deepseek_v3_ecommerce_s1_0087_d27df0,ecommerce_s1_0087,deepseek_v3,ecommerce,medium,synthetic,get_product,True,False,0.00045965000000000003,855,208,8
bl_deepseek_v3_ecommerce_s1_0088_bdb600,ecommerce_s1_0088,deepseek_v3,ecommerce,medium,synthetic,,False,False,0.00033455000000000003,135,271,2
bl_deepseek_v3_ecommerce_s1_0089_b69172,ecommerce_s1_0089,deepseek_v3,ecommerce,medium,synthetic,,False,False,0.00014900000000000002,120,106,2
bl_deepseek_v3_ecommerce_s1_0083_792868,ecommerce_s1_0083,deepseek_v3,ecommerce,medium,synthetic,search_products,True,False,0.0011177000000000001,2290,454,14
bl_deepseek_v3_ecommerce_s1_0086_71c683,ecommerce_s1_0086,deepseek_v3,ecommerce,medium,synthetic,search_products,True,False,0.00103585,2765,263,15
bl_deepseek_v3_ecommerce_s1_0091_d0d4d9,ecommerce_s1_0091,deepseek_v3,ecommerce,medium,synthetic,,False,False,0.00024985000000000003,135,194,2
bl_deepseek_v3_ecommerce_s1_0090_26ce86,ecommerce_s1_0090,deepseek_v3,ecommerce,medium,synthetic,get_product,True,False,0.00043142,836,187,8
bl_deepseek_v3_ecommerce_s1_0093_d748ca,ecommerce_s1_0093,deepseek_v3,ecommerce,medium,synthetic,get_product,True,False,0.00048134,862,226,8
bl_deepseek_v3_ecommerce_s1_0092_629032,ecommerce_s1_0092,deepseek_v3,ecommerce,medium,synthetic,search_products,True,False,0.0009415100000000001,2273,298,15
bl_deepseek_v3_ecommerce_s1_0097_fec30e,ecommerce_s1_0097,deepseek_v3,ecommerce,medium,synthetic,,False,False,0.00026305,135,206,2
bl_deepseek_v3_ecommerce_s1_0094_d311a0,ecommerce_s1_0094,deepseek_v3,ecommerce,medium,synthetic,search_products,True,False,0.0008090500000000001,1595,344,11
bl_deepseek_v3_ecommerce_s1_0098_40a30d,ecommerce_s1_0098,deepseek_v3,ecommerce,medium,synthetic,,False,True,0.00016523000000000002,119,121,2
bl_deepseek_v3_ecommerce_s1_0096_549e52,ecommerce_s1_0096,deepseek_v3,ecommerce,medium,synthetic,get_product,True,False,0.00051077,861,253,8
bl_deepseek_v3_ecommerce_s1_0099_21332f,ecommerce_s1_0099,deepseek_v3,ecommerce,medium,synthetic,get_product,True,False,0.00047109,877,213,8
bl_deepseek_v3_ecommerce_s1_0100_35c4a8,ecommerce_s1_0100,deepseek_v3,ecommerce,hard,synthetic,,False,True,0.00033910000000000006,160,269,2
bl_deepseek_v3_ecommerce_s1_0095_857892,ecommerce_s1_0095,deepseek_v3,ecommerce,medium,synthetic,search_products,True,False,0.00102504,2232,384,15
bl_deepseek_v3_ecommerce_s1_0103_1d8cbc,ecommerce_s1_0103,deepseek_v3,ecommerce,hard,synthetic,,False,True,0.000283,160,218,2
bl_deepseek_v3_ecommerce_s1_0102_f3e490,ecommerce_s1_0102,deepseek_v3,ecommerce,hard,synthetic,,False,True,0.00038181000000000006,143,312,2
bl_deepseek_v3_ecommerce_s1_0104_a3b6be,ecommerce_s1_0104,deepseek_v3,ecommerce,hard,synthetic,,False,True,0.00025479,137,198,2
bl_deepseek_v3_ecommerce_s1_0101_ddc209,ecommerce_s1_0101,deepseek_v3,ecommerce,hard,synthetic,get_product,True,False,0.00064795,1365,254,11
bl_deepseek_v3_ecommerce_s1_0108_2d95be,ecommerce_s1_0108,deepseek_v3,ecommerce,hard,synthetic,,False,True,0.00028061000000000004,143,220,2
bl_deepseek_v3_ecommerce_s1_0105_979f6e,ecommerce_s1_0105,deepseek_v3,ecommerce,hard,synthetic,,False,False,0.00040794000000000003,142,336,2
bl_deepseek_v3_ecommerce_s1_0109_5ae7e5,ecommerce_s1_0109,deepseek_v3,ecommerce,hard,synthetic,,False,True,0.0002841,160,219,2
bl_deepseek_v3_ecommerce_s1_0110_74acfd,ecommerce_s1_0110,deepseek_v3,ecommerce,hard,synthetic,,False,False,0.00030896000000000005,138,247,2
bl_deepseek_v3_ecommerce_s1_0112_a2dd3c,ecommerce_s1_0112,deepseek_v3,ecommerce,hard,synthetic,,False,True,0.00028877,161,223,2
bl_deepseek_v3_ecommerce_s1_0106_67261f,ecommerce_s1_0106,deepseek_v3,ecommerce,hard,synthetic,,False,False,0.00029674000000000004,162,230,2
bl_deepseek_v3_ecommerce_s1_0107_968159,ecommerce_s1_0107,deepseek_v3,ecommerce,hard,synthetic,get_product,True,False,0.0006589100000000001,1373,262,11
bl_deepseek_v3_ecommerce_s1_0113_d4b4d5,ecommerce_s1_0113,deepseek_v3,ecommerce,hard,synthetic,,False,False,0.00027239,137,214,2
bl_deepseek_v3_ecommerce_s1_0111_1fab64,ecommerce_s1_0111,deepseek_v3,ecommerce,hard,synthetic,,False,False,0.00032104000000000003,142,257,2
bl_deepseek_v3_ecommerce_s1_0117_56db35,ecommerce_s1_0117,deepseek_v3,ecommerce,hard,synthetic,,False,False,0.00029134,142,230,2
bl_deepseek_v3_ecommerce_s1_0116_c1c3b3,ecommerce_s1_0116,deepseek_v3,ecommerce,hard,synthetic,get_product,True,False,0.00059026,1298,218,11
bl_deepseek_v3_ecommerce_s1_0115_f4189e,ecommerce_s1_0115,deepseek_v3,ecommerce,hard,synthetic,,False,True,0.00033910000000000006,160,269,2
bl_deepseek_v3_ecommerce_s1_0119_e34120,ecommerce_s1_0119,deepseek_v3,ecommerce,hard,synthetic,,False,True,0.00032628999999999997,137,263,2
bl_deepseek_v3_ecommerce_s1_0121_bbc808,ecommerce_s1_0121,deepseek_v3,ecommerce,hard,synthetic,,False,True,0.000283,160,218,2
bl_deepseek_v3_ecommerce_s1_0114_8002a5,ecommerce_s1_0114,deepseek_v3,ecommerce,hard,synthetic,,False,True,0.00049621,143,416,2
bl_deepseek_v3_ecommerce_s1_0118_4406c8,ecommerce_s1_0118,deepseek_v3,ecommerce,hard,synthetic,search_products,True,False,0.00064798,1524,215,11
bl_deepseek_v3_ecommerce_s1_0123_e08091,ecommerce_s1_0123,deepseek_v3,ecommerce,hard,synthetic,,False,True,0.00029298,144,231,2
bl_deepseek_v3_ecommerce_s1_0120_f9d855,ecommerce_s1_0120,deepseek_v3,ecommerce,hard,synthetic,,False,False,0.00032874,142,264,2
bl_deepseek_v3_ecommerce_s1_0124_fbb8f2,ecommerce_s1_0124,deepseek_v3,ecommerce,hard,synthetic,,False,True,0.0005492,160,460,2
bl_deepseek_v3_ecommerce_s1_0126_609e26,ecommerce_s1_0126,deepseek_v3,ecommerce,hard,synthetic,,False,True,0.00027401,143,214,2
bl_deepseek_v3_ecommerce_s1_0127_e8689c,ecommerce_s1_0127,deepseek_v3,ecommerce,hard,synthetic,,False,True,0.0002709,160,207,2
bl_deepseek_v3_ecommerce_s1_0125_6068bb,ecommerce_s1_0125,deepseek_v3,ecommerce,hard,synthetic,get_product,True,False,0.00067411,1413,266,11
bl_gemini_20_flash_ecommerce_s1_0030_d252ec,ecommerce_s1_0030,gemini_20_flash,ecommerce,easy,synthetic,,False,True,3.0400000000000004e-05,120,46,2
bl_gemini_20_flash_ecommerce_s1_0031_1f5bdd,ecommerce_s1_0031,gemini_20_flash,ecommerce,easy,synthetic,,False,False,4.8200000000000006e-05,126,89,2
bl_deepseek_v3_ecommerce_s1_0122_00b879,ecommerce_s1_0122,deepseek_v3,ecommerce,hard,synthetic,get_product,True,False,0.0007007600000000001,1418,289,11
bl_gemini_20_flash_ecommerce_s1_0032_8ed402,ecommerce_s1_0032,gemini_20_flash,ecommerce,easy,synthetic,,False,True,3.68e-05,124,61,2
bl_gemini_20_flash_ecommerce_s1_0033_ff3da3,ecommerce_s1_0033,gemini_20_flash,ecommerce,easy,synthetic,,False,True,3.8100000000000005e-05,125,64,2
bl_gemini_20_flash_ecommerce_s1_0034_8c7a5c,ecommerce_s1_0034,gemini_20_flash,ecommerce,easy,synthetic,,False,True,4.910000000000001e-05,143,87,2
bl_gemini_20_flash_ecommerce_s1_0035_3d3596,ecommerce_s1_0035,gemini_20_flash,ecommerce,easy,synthetic,,False,True,3.0400000000000004e-05,120,46,2
bl_gemini_20_flash_ecommerce_s1_0036_9fd354,ecommerce_s1_0036,gemini_20_flash,ecommerce,easy,synthetic,,False,False,5.2600000000000005e-05,126,100,2
bl_gemini_20_flash_ecommerce_s1_0037_b2fe3a,ecommerce_s1_0037,gemini_20_flash,ecommerce,easy,synthetic,,False,True,8.12e-05,124,172,2
bl_deepseek_v3_ecommerce_s1_0129_14a0cf,ecommerce_s1_0129,deepseek_v3,ecommerce,hard,synthetic,,False,True,0.00035788,144,290,2
bl_gemini_20_flash_ecommerce_s1_0039_f9b947,ecommerce_s1_0039,gemini_20_flash,ecommerce,easy,synthetic,,False,True,5.000000000000001e-05,144,89,2
bl_gemini_20_flash_ecommerce_s1_0038_459264,ecommerce_s1_0038,gemini_20_flash,ecommerce,easy,synthetic,,False,True,8.05e-05,125,170,2
bl_gemini_20_flash_ecommerce_s1_0040_647b64,ecommerce_s1_0040,gemini_20_flash,ecommerce,easy,synthetic,,False,True,3.08e-05,120,47,2
bl_gemini_20_flash_ecommerce_s1_0041_af2705,ecommerce_s1_0041,gemini_20_flash,ecommerce,easy,synthetic,,False,False,3.86e-05,126,65,2
bl_gemini_20_flash_ecommerce_s1_0044_ede1f4,ecommerce_s1_0044,gemini_20_flash,ecommerce,easy,synthetic,,False,True,4.910000000000001e-05,143,87,2
bl_gemini_20_flash_ecommerce_s1_0043_cd9656,ecommerce_s1_0043,gemini_20_flash,ecommerce,easy,synthetic,,False,True,8.090000000000001e-05,125,171,2
bl_gemini_20_flash_ecommerce_s1_0042_a4e166,ecommerce_s1_0042,gemini_20_flash,ecommerce,easy,synthetic,,False,True,0.00010240000000000001,124,225,2
bl_gemini_20_flash_ecommerce_s1_0045_127b4d,ecommerce_s1_0045,gemini_20_flash,ecommerce,easy,synthetic,,False,True,3e-05,120,45,2
bl_gemini_20_flash_ecommerce_s1_0046_8275ee,ecommerce_s1_0046,gemini_20_flash,ecommerce,easy,synthetic,,False,False,4.66e-05,126,85,2
bl_gemini_20_flash_ecommerce_s1_0049_f7ae74,ecommerce_s1_0049,gemini_20_flash,ecommerce,easy,synthetic,,False,True,4.9500000000000004e-05,143,88,2
bl_gemini_20_flash_ecommerce_s1_0047_3f7f53,ecommerce_s1_0047,gemini_20_flash,ecommerce,easy,synthetic,,False,True,0.00010400000000000001,124,229,2
bl_gemini_20_flash_ecommerce_s1_0048_eabf80,ecommerce_s1_0048,gemini_20_flash,ecommerce,easy,synthetic,,False,True,8.690000000000001e-05,125,186,2
bl_gemini_20_flash_ecommerce_s1_0051_c47185,ecommerce_s1_0051,gemini_20_flash,ecommerce,medium,synthetic,,False,False,5.950000000000001e-05,151,111,2
bl_gemini_20_flash_ecommerce_s1_0052_bad4a2,ecommerce_s1_0052,gemini_20_flash,ecommerce,medium,synthetic,,False,False,8.2e-05,152,167,2
bl_gemini_20_flash_ecommerce_s1_0053_4dbc09,ecommerce_s1_0053,gemini_20_flash,ecommerce,medium,synthetic,,False,False,6.81e-05,129,138,2
bl_gemini_20_flash_ecommerce_s1_0054_d60c3c,ecommerce_s1_0054,gemini_20_flash,ecommerce,medium,synthetic,,False,False,7.670000000000001e-05,151,154,2
bl_gemini_20_flash_ecommerce_s1_0055_19e946,ecommerce_s1_0055,gemini_20_flash,ecommerce,medium,synthetic,,False,False,7.48e-05,152,149,2
bl_gemini_20_flash_ecommerce_s1_0050_4def0e,ecommerce_s1_0050,gemini_20_flash,ecommerce,medium,synthetic,search_products,True,False,0.0002797,1501,324,11
bl_gemini_20_flash_ecommerce_s1_0057_42ba3d,ecommerce_s1_0057,gemini_20_flash,ecommerce,medium,synthetic,,False,False,7.63e-05,151,153,2
bl_gemini_20_flash_ecommerce_s1_0058_381172,ecommerce_s1_0058,gemini_20_flash,ecommerce,medium,synthetic,,False,False,7.16e-05,152,141,2
bl_gemini_20_flash_ecommerce_s1_0056_cf098f,ecommerce_s1_0056,gemini_20_flash,ecommerce,medium,synthetic,search_products,True,False,0.00030060000000000004,1930,269,11
bl_gemini_20_flash_ecommerce_s1_0060_aaf456,ecommerce_s1_0060,gemini_20_flash,ecommerce,medium,synthetic,,False,False,7.72e-05,152,155,2
bl_gemini_20_flash_ecommerce_s1_0061_b56ec3,ecommerce_s1_0061,gemini_20_flash,ecommerce,medium,synthetic,,False,False,8.32e-05,152,170,2
bl_gemini_20_flash_ecommerce_s1_0063_0199fb,ecommerce_s1_0063,gemini_20_flash,ecommerce,medium,synthetic,,False,False,7.83e-05,151,158,2
bl_deepseek_v3_ecommerce_s1_0128_e45677,ecommerce_s1_0128,deepseek_v3,ecommerce,hard,synthetic,get_product,True,False,0.00066045,1395,258,11
bl_gemini_20_flash_ecommerce_s1_0059_c9946e,ecommerce_s1_0059,gemini_20_flash,ecommerce,medium,synthetic,search_products,True,False,0.0005079,3515,391,14
bl_gemini_20_flash_ecommerce_s1_0062_d87095,ecommerce_s1_0062,gemini_20_flash,ecommerce,medium,synthetic,search_products,True,False,0.0003507,2359,287,15
bl_gemini_20_flash_ecommerce_s1_0065_d13e10,ecommerce_s1_0065,gemini_20_flash,ecommerce,medium,synthetic,,False,False,6.69e-05,129,135,2
bl_gemini_20_flash_ecommerce_s1_0064_b39076,ecommerce_s1_0064,gemini_20_flash,ecommerce,medium,synthetic,,False,False,0.00010480000000000001,152,224,2
bl_gemini_20_flash_ecommerce_s1_0066_b816db,ecommerce_s1_0066,gemini_20_flash,ecommerce,medium,synthetic,,False,False,7.670000000000001e-05,151,154,2
bl_gemini_20_flash_ecommerce_s1_0067_428863,ecommerce_s1_0067,gemini_20_flash,ecommerce,medium,synthetic,,False,False,8.480000000000001e-05,152,174,2
bl_gemini_20_flash_ecommerce_s1_0069_fa3af8,ecommerce_s1_0069,gemini_20_flash,ecommerce,medium,synthetic,,False,False,7.510000000000001e-05,151,150,2
bl_gemini_20_flash_ecommerce_s1_0070_98a694,ecommerce_s1_0070,gemini_20_flash,ecommerce,medium,synthetic,,False,False,7.52e-05,152,150,2
bl_gemini_20_flash_ecommerce_s1_0072_5079c8,ecommerce_s1_0072,gemini_20_flash,ecommerce,medium,synthetic,,False,False,0.0001211,151,265,2
bl_gemini_20_flash_ecommerce_s1_0073_874f0d,ecommerce_s1_0073,gemini_20_flash,ecommerce,medium,synthetic,,False,False,0.00010520000000000001,152,225,2
bl_gemini_20_flash_ecommerce_s1_0068_2b4e54,ecommerce_s1_0068,gemini_20_flash,ecommerce,medium,synthetic,search_products,True,False,0.000393,2922,252,15
bl_gemini_20_flash_ecommerce_s1_0071_a3e1c4,ecommerce_s1_0071,gemini_20_flash,ecommerce,medium,synthetic,search_products,True,False,0.000268,1456,306,11
bl_gemini_20_flash_ecommerce_s1_0075_21b447,ecommerce_s1_0075,gemini_20_flash,ecommerce,medium,synthetic,,False,False,7.510000000000001e-05,151,150,2
bl_gemini_20_flash_ecommerce_s1_0076_076495,ecommerce_s1_0076,gemini_20_flash,ecommerce,medium,synthetic,,False,False,8.480000000000001e-05,152,174,2
bl_gemini_20_flash_ecommerce_s1_0077_a6a0d9,ecommerce_s1_0077,gemini_20_flash,ecommerce,medium,synthetic,,False,False,4.8500000000000007e-05,129,89,2
bl_gemini_20_flash_ecommerce_s1_0078_784847,ecommerce_s1_0078,gemini_20_flash,ecommerce,medium,synthetic,,False,False,7.92e-05,152,160,2
bl_gemini_20_flash_ecommerce_s1_0079_9dd7d5,ecommerce_s1_0079,gemini_20_flash,ecommerce,medium,synthetic,,False,False,7.49e-05,153,149,2
bl_gemini_20_flash_ecommerce_s1_0074_e6b69e,ecommerce_s1_0074,gemini_20_flash,ecommerce,medium,synthetic,search_products,True,False,0.0003114,1566,387,11
bl_gemini_20_flash_ecommerce_s1_0081_ca83c2,ecommerce_s1_0081,gemini_20_flash,ecommerce,medium,synthetic,,False,False,7.92e-05,152,160,2
bl_gemini_20_flash_ecommerce_s1_0084_c2502b,ecommerce_s1_0084,gemini_20_flash,ecommerce,medium,synthetic,,False,False,7.52e-05,152,150,2
bl_gemini_20_flash_ecommerce_s1_0082_42db83,ecommerce_s1_0082,gemini_20_flash,ecommerce,medium,synthetic,,False,False,0.00012000000000000002,152,262,2
bl_gemini_20_flash_ecommerce_s1_0083_33736a,ecommerce_s1_0083,gemini_20_flash,ecommerce,medium,synthetic,,False,False,6.85e-05,129,139,2
bl_gemini_20_flash_ecommerce_s1_0080_6e06ff,ecommerce_s1_0080,gemini_20_flash,ecommerce,medium,synthetic,search_products,True,False,0.0002684,1464,305,11
bl_gemini_20_flash_ecommerce_s1_0086_76cef0,ecommerce_s1_0086,gemini_20_flash,ecommerce,medium,synthetic,,False,False,6.97e-05,129,142,2
bl_gemini_20_flash_ecommerce_s1_0085_6a6f76,ecommerce_s1_0085,gemini_20_flash,ecommerce,medium,synthetic,,False,False,8.680000000000001e-05,152,179,2
bl_gemini_20_flash_ecommerce_s1_0087_1b9f62,ecommerce_s1_0087,gemini_20_flash,ecommerce,medium,synthetic,,False,False,7.670000000000001e-05,151,154,2
bl_gemini_20_flash_ecommerce_s1_0088_5cc066,ecommerce_s1_0088,gemini_20_flash,ecommerce,medium,synthetic,,False,False,0.00010360000000000001,152,221,2
bl_gemini_20_flash_ecommerce_s1_0090_13fcc8,ecommerce_s1_0090,gemini_20_flash,ecommerce,medium,synthetic,,False,False,7.670000000000001e-05,151,154,2
bl_gemini_20_flash_ecommerce_s1_0091_ed0c5e,ecommerce_s1_0091,gemini_20_flash,ecommerce,medium,synthetic,,False,False,8.32e-05,152,170,2
bl_gemini_20_flash_ecommerce_s1_0093_b235f4,ecommerce_s1_0093,gemini_20_flash,ecommerce,medium,synthetic,,False,False,7.800000000000001e-05,152,157,2
bl_gemini_20_flash_ecommerce_s1_0094_a19366,ecommerce_s1_0094,gemini_20_flash,ecommerce,medium,synthetic,,False,False,8.32e-05,152,170,2
bl_gemini_20_flash_ecommerce_s1_0089_774059,ecommerce_s1_0089,gemini_20_flash,ecommerce,medium,synthetic,search_products,True,False,0.00046100000000000004,3454,289,15
bl_gemini_20_flash_ecommerce_s1_0096_93cd12,ecommerce_s1_0096,gemini_20_flash,ecommerce,medium,synthetic,,False,False,7.72e-05,152,155,2
bl_gemini_20_flash_ecommerce_s1_0095_24e8f1,ecommerce_s1_0095,gemini_20_flash,ecommerce,medium,synthetic,,False,False,8.450000000000001e-05,129,179,2
bl_gemini_20_flash_ecommerce_s1_0092_86d2aa,ecommerce_s1_0092,gemini_20_flash,ecommerce,medium,synthetic,search_products,True,False,0.00044629999999999995,3395,267,15
bl_gemini_20_flash_ecommerce_s1_0097_db71ec,ecommerce_s1_0097,gemini_20_flash,ecommerce,medium,synthetic,,False,False,7.760000000000002e-05,152,156,2
bl_gemini_20_flash_ecommerce_s1_0099_249f4c,ecommerce_s1_0099,gemini_20_flash,ecommerce,medium,synthetic,get_product,True,False,0.0001464,912,138,8
bl_gemini_20_flash_ecommerce_s1_0101_b87b0d,ecommerce_s1_0101,gemini_20_flash,ecommerce,hard,synthetic,,False,False,0.00010410000000000001,157,221,2
bl_gemini_20_flash_ecommerce_s1_0100_162b26,ecommerce_s1_0100,gemini_20_flash,ecommerce,hard,synthetic,,False,False,0.0001363,179,296,2
bl_gemini_20_flash_ecommerce_s1_0098_6877b6,ecommerce_s1_0098,gemini_20_flash,ecommerce,medium,synthetic,search_products,True,False,0.00026600000000000007,1464,299,11
bl_gemini_20_flash_ecommerce_s1_0103_bcdfc0,ecommerce_s1_0103,gemini_20_flash,ecommerce,hard,synthetic,,False,False,0.0001159,179,245,2
bl_gemini_20_flash_ecommerce_s1_0102_35fcc6,ecommerce_s1_0102,gemini_20_flash,ecommerce,hard,synthetic,,False,False,0.0001315,163,288,2
bl_gemini_20_flash_ecommerce_s1_0104_7efa98,ecommerce_s1_0104,gemini_20_flash,ecommerce,hard,synthetic,,False,False,0.00010650000000000001,157,227,2
bl_gemini_20_flash_ecommerce_s1_0106_65456a,ecommerce_s1_0106,gemini_20_flash,ecommerce,hard,synthetic,,False,False,0.00011520000000000001,180,243,2
bl_gemini_20_flash_ecommerce_s1_0107_5b38cb,ecommerce_s1_0107,gemini_20_flash,ecommerce,hard,synthetic,,False,False,0.0001269,157,278,2
bl_gemini_20_flash_ecommerce_s1_0108_f018b4,ecommerce_s1_0108,gemini_20_flash,ecommerce,hard,synthetic,,False,False,0.00010870000000000001,163,231,2
bl_gemini_20_flash_ecommerce_s1_0110_551e82,ecommerce_s1_0110,gemini_20_flash,ecommerce,hard,synthetic,,False,True,8.410000000000001e-05,157,171,2
bl_gemini_20_flash_ecommerce_s1_0109_46dea9,ecommerce_s1_0109,gemini_20_flash,ecommerce,hard,synthetic,,False,False,0.0001339,179,290,2
bl_gemini_20_flash_ecommerce_s1_0111_b2255b,ecommerce_s1_0111,gemini_20_flash,ecommerce,hard,synthetic,,False,False,0.0001083,163,230,2
bl_gemini_20_flash_ecommerce_s1_0105_160194,ecommerce_s1_0105,gemini_20_flash,ecommerce,hard,synthetic,search_products,True,False,0.0004821,3157,416,15
bl_gemini_20_flash_ecommerce_s1_0112_a4525d,ecommerce_s1_0112,gemini_20_flash,ecommerce,hard,synthetic,,False,False,0.00011880000000000001,180,252,2
bl_gemini_20_flash_ecommerce_s1_0114_5964cc,ecommerce_s1_0114,gemini_20_flash,ecommerce,hard,synthetic,,False,False,0.00010910000000000001,163,232,2
bl_gemini_20_flash_ecommerce_s1_0113_b5ed9e,ecommerce_s1_0113,gemini_20_flash,ecommerce,hard,synthetic,,False,False,0.00013730000000000003,157,304,2
bl_gemini_20_flash_ecommerce_s1_0115_d399c3,ecommerce_s1_0115,gemini_20_flash,ecommerce,hard,synthetic,,False,False,0.00011670000000000002,179,247,2
bl_gemini_20_flash_ecommerce_s1_0116_7e0d8e,ecommerce_s1_0116,gemini_20_flash,ecommerce,hard,synthetic,,False,False,9.89e-05,157,208,2
bl_gemini_20_flash_ecommerce_s1_0117_827112,ecommerce_s1_0117,gemini_20_flash,ecommerce,hard,synthetic,,False,False,0.00010390000000000002,163,219,2
bl_gemini_20_flash_ecommerce_s1_0118_77bde6,ecommerce_s1_0118,gemini_20_flash,ecommerce,hard,synthetic,,False,False,0.0001139,179,240,2
bl_gemini_20_flash_ecommerce_s1_0119_281c6f,ecommerce_s1_0119,gemini_20_flash,ecommerce,hard,synthetic,,False,False,0.00014250000000000002,157,317,2
bl_gemini_20_flash_ecommerce_s1_0120_64040a,ecommerce_s1_0120,gemini_20_flash,ecommerce,hard,synthetic,,False,False,0.00010510000000000002,163,222,2
bl_gemini_20_flash_ecommerce_s1_0121_95d545,ecommerce_s1_0121,gemini_20_flash,ecommerce,hard,synthetic,,False,False,0.00010550000000000002,179,219,2
bl_gemini_20_flash_ecommerce_s1_0122_2e80fc,ecommerce_s1_0122,gemini_20_flash,ecommerce,hard,synthetic,,False,False,0.0001357,157,300,2
bl_gemini_20_flash_ecommerce_s1_0123_1300e8,ecommerce_s1_0123,gemini_20_flash,ecommerce,hard,synthetic,,False,False,0.00010510000000000002,163,222,2
bl_gemini_20_flash_ecommerce_s1_0124_8f33e9,ecommerce_s1_0124,gemini_20_flash,ecommerce,hard,synthetic,,False,False,0.0001179,179,250,2
bl_gemini_20_flash_ecommerce_s1_0125_be9a26,ecommerce_s1_0125,gemini_20_flash,ecommerce,hard,synthetic,,False,False,0.0001261,157,276,2
bl_gemini_20_flash_ecommerce_s1_0126_f2c5ea,ecommerce_s1_0126,gemini_20_flash,ecommerce,hard,synthetic,,False,False,0.00010510000000000002,163,222,2
bl_gemini_20_flash_ecommerce_s1_0127_a7d08d,ecommerce_s1_0127,gemini_20_flash,ecommerce,hard,synthetic,,False,False,0.00011070000000000001,179,232,2
bl_gemini_20_flash_ecommerce_s1_0128_62be98,ecommerce_s1_0128,gemini_20_flash,ecommerce,hard,synthetic,,False,False,0.00010650000000000001,157,227,2
bl_gemini_20_flash_ecommerce_s1_0129_4874f0,ecommerce_s1_0129,gemini_20_flash,ecommerce,hard,synthetic,,False,False,0.0001043,163,220,2
