session_id,task_id,model,domain,condition,final_answer,abstained,abstain_reason,flag_count,final_correct,hallucination,cost,steps
int_output_only_gpt4o_mini_halueval_0039_3b988d,halueval_0039,gpt4o_mini,knowledge,output_only,California,False,,0,False,True,6.585e-05,2
int_output_only_gpt4o_mini_toolbench_syn_0003_22c061,toolbench_syn_0003,gpt4o_mini,calendar,output_only,The workshop has been scheduled for next Monday at 14:00.,False,,0,True,False,6.765e-05,2
int_output_only_gpt4o_mini_weather_051_13b050,weather_051,gpt4o_mini,weather,output_only,"[I will provide the weather for Singapore on March 10, 2024, and the 5-day forecast shortly.]",False,,0,True,False,8.415e-05,2
int_output_only_gpt4o_mini_weather_089_5b4868,weather_089,gpt4o_mini,weather,output_only,Max steps reached.,False,,0,False,True,0.0005712,15
int_output_only_gpt4o_mini_calendar_100_f8c1c2,calendar_100,gpt4o_mini,calendar,output_only,"The ""Interview"" event has been created successfully.",False,,0,False,True,0.00047339999999999996,14
int_output_only_gpt4o_mini_weather_097_e5f304,weather_097,gpt4o_mini,weather,output_only,I cannot reliably answer this question.,True,Output-only interceptor: L3: answer has unsupported numbers: ['16.29'],0,False,False,0.00074655,14
int_output_only_gpt4o_mini_calendar_021_6b1f79,calendar_021,gpt4o_mini,calendar,output_only,Event 'Client Call' has been created for 2024-07-02 at 13:00 for 30 minutes.,False,,0,True,False,7.755e-05,2
int_output_only_gpt4o_mini_toolbench_syn_0058_f7f273,toolbench_syn_0058,gpt4o_mini,weather,output_only,[waiting for the forecast data],False,,0,False,True,4.47e-05,2
int_output_only_gpt4o_mini_medical_098_fed83d,medical_098,gpt4o_mini,medical,output_only,I cannot reliably answer this question.,True,Output-only interceptor: L3: answer has unsupported numbers: ['-01.'],0,False,False,0.00042554999999999996,14
int_output_only_gpt4o_mini_toolbench_syn_0070_10b17d,toolbench_syn_0070,gpt4o_mini,medical,output_only,[retrieving patient record...],False,,0,False,True,4.2149999999999995e-05,2
int_output_only_gpt4o_mini_calendar_032_50b284,calendar_032,gpt4o_mini,calendar,output_only,I cannot reliably answer this question.,True,"Output-only interceptor: L3: answer has unsupported numbers: ['3.', '2.', '1.']",0,False,False,0.00020235,8
int_output_only_gpt4o_mini_weather_038_aacc98,weather_038,gpt4o_mini,weather,output_only,[weather forecast for Sydney for the next 7 days],False,,0,True,False,4.6649999999999996e-05,2
int_output_only_gpt4o_mini_weather_005_6def02,weather_005,gpt4o_mini,weather,output_only,[your answer],False,,0,False,True,4.395e-05,2
int_output_only_gpt4o_mini_calendar_081_9d0c99,calendar_081,gpt4o_mini,calendar,output_only,I cannot reliably answer this question.,True,Output-only interceptor: L3: answer has unsupported numbers: ['30.'],0,False,False,0.00042285,11
int_output_only_gpt4o_mini_toolbench_syn_0004_969c07,toolbench_syn_0004,gpt4o_mini,weather,output_only,[current weather data for Mumbai],False,,0,False,True,3.9e-05,2
int_output_only_gpt4o_mini_calendar_061_301620,calendar_061,gpt4o_mini,calendar,output_only,The 'Strategy Meeting' has been successfully created for 2024-08-12 at 10:00 for 60 minutes. The event is confirmed in the calendar.,False,,0,True,False,0.00036779999999999994,11
int_output_only_gpt4o_mini_toolbench_syn_0074_a76535,toolbench_syn_0074,gpt4o_mini,weather,output_only,[waiting for the response from the tool],False,,0,False,True,4.3799999999999994e-05,2
int_output_only_gpt4o_mini_calendar_089_425a6f,calendar_089,gpt4o_mini,calendar,output_only,[events for 2024-08-05],False,,0,False,True,9.72e-05,2
int_output_only_gpt4o_mini_halueval_0053_2560d9,halueval_0053,gpt4o_mini,knowledge,output_only,"""Sex and the City""",False,,0,False,True,6.96e-05,2
int_output_only_gpt4o_mini_halueval_0068_8356b7,halueval_0068,gpt4o_mini,knowledge,output_only,"John Goodman, who won a Golden Globe for his role in ""Roseanne,"" starred alongside Anna Kendrick in ""Gigantic.""",False,,0,False,True,8.46e-05,2
int_output_only_gpt4o_mini_weather_094_18d6e9,weather_094,gpt4o_mini,weather,output_only,"On September 30, 2024, the weather in Rome is 22°C with 40% humidity and rainy conditions. In comparison, the historical average temperatures from January 1 to January 7, 2023, varied significantly, w",False,,0,True,False,0.00054975,11
int_output_only_gpt4o_mini_toolbench_syn_0040_e08cbd,toolbench_syn_0040,gpt4o_mini,medical,output_only,[retrieving patient record...],False,,0,False,True,4.2149999999999995e-05,2
int_output_only_gpt4o_mini_halueval_0007_05771f,halueval_0007,gpt4o_mini,knowledge,output_only,"The kickboxer you are referring to is likely Andrew Tate, who was once considered one of the best in the sport but has faced numerous controversies regarding his conduct and legal issues.",False,,0,False,True,0.00012585,2
int_output_only_gpt4o_mini_weather_095_db69af,weather_095,gpt4o_mini,weather,output_only,Max steps reached.,False,,0,False,True,0.0004971,15
int_output_only_gpt4o_mini_medical_093_af6147,medical_093,gpt4o_mini,medical,output_only,"Patient P003 (Carol Davis) has a high-severity interaction between sumatriptan and sertraline, with a risk of serotonin syndrome.",False,,0,True,False,0.00043995,14
int_output_only_gpt4o_mini_halueval_0008_9365ee,halueval_0008,gpt4o_mini,knowledge,output_only,2006,False,,0,False,True,6.720000000000001e-05,2
int_output_only_gpt4o_mini_toolbench_syn_0034_e847ed,toolbench_syn_0034,gpt4o_mini,calendar,output_only,I cannot reliably answer this question.,True,"Output-only interceptor: L3: answer has unsupported numbers: ['2024.', '23']",0,False,False,0.00019485,8
int_output_only_gpt4o_mini_medical_014_93a58d,medical_014,gpt4o_mini,medical,output_only,"Patient P005, Eva Martinez, has the condition of allergies.",False,,0,True,False,0.00014025,8
int_output_only_gpt4o_mini_calendar_028_1f0cb3,calendar_028,gpt4o_mini,calendar,output_only,Event 'Budget Review' scheduled for 2024-08-20 at 13:00 for 90 minutes.,False,,0,True,False,7.17e-05,2
int_output_only_gpt4o_mini_weather_012_79c1dc,weather_012,gpt4o_mini,weather,output_only,[waiting for the weather data response],False,,0,False,True,5.85e-05,2
int_output_only_gpt4o_mini_calendar_088_fdb61e,calendar_088,gpt4o_mini,calendar,output_only,I cannot reliably answer this question.,True,Output-only interceptor: L3: answer has unsupported numbers: ['15'],0,False,False,0.0004872,14
int_output_only_gpt4o_mini_weather_007_9180ce,weather_007,gpt4o_mini,weather,output_only,[waiting for the weather data],False,,0,False,True,5.55e-05,2
int_output_only_gpt4o_mini_halueval_0042_1c18c8,halueval_0042,gpt4o_mini,knowledge,output_only,"The song was from the album ""The Chimes,"" released in 1990.",False,,0,False,True,9.78e-05,2
int_output_only_gpt4o_mini_medical_047_6eb7a6,medical_047,gpt4o_mini,medical,output_only,[Checking for interactions...],False,,0,True,False,5.76e-05,2
int_output_only_gpt4o_mini_toolbench_syn_0096_b2cfcd,toolbench_syn_0096,gpt4o_mini,weather,output_only,[waiting for the response from the tool],False,,0,False,True,5.4300000000000005e-05,2
int_output_only_gpt4o_mini_toolbench_syn_0045_586425,toolbench_syn_0045,gpt4o_mini,weather,output_only,[current weather data for Tokyo],False,,0,False,True,3.9e-05,2
int_output_only_gpt4o_mini_weather_090_056032,weather_090,gpt4o_mini,weather,output_only,[waiting for the weather data],False,,0,True,False,6.255e-05,2
int_output_only_gpt4o_mini_halueval_0025_c4ea20,halueval_0025,gpt4o_mini,knowledge,output_only,"The director of the 2003 film ""The Terminal,"" which has scenes filmed at the Quality Cafe in Los Angeles, is Steven Spielberg.",False,,0,False,True,9.164999999999999e-05,2
int_output_only_gpt4o_mini_weather_027_935325,weather_027,gpt4o_mini,weather,output_only,[waiting for response],False,,0,False,True,5.19e-05,2
int_output_only_gpt4o_mini_halueval_0026_7dd206,halueval_0026,gpt4o_mini,knowledge,output_only,I cannot provide the answer as the necessary tool is not available.,False,,0,False,True,6.884999999999999e-05,2
int_output_only_gpt4o_mini_weather_078_416f1d,weather_078,gpt4o_mini,weather,output_only,"I will provide the 7-day weather forecast for London, but I cannot provide the weather for November 25, 2024.",False,,0,True,False,9.374999999999999e-05,2
int_output_only_gpt4o_mini_medical_008_4be59b,medical_008,gpt4o_mini,medical,output_only,Appointment scheduled successfully.,False,,0,True,False,5.655e-05,2
int_output_only_gpt4o_mini_calendar_085_cca202,calendar_085,gpt4o_mini,calendar,output_only,[List of events for 2024-07-22],False,,0,False,True,0.00010575,2
int_output_only_gpt4o_mini_medical_063_45a329,medical_063,gpt4o_mini,medical,output_only,"Patient P001 is not taking omeprazole or warfarin, so there are no interactions to report.",False,,0,True,False,0.0002106,8
int_output_only_gpt4o_mini_weather_096_1df644,weather_096,gpt4o_mini,weather,output_only,[I will provide the weather data shortly.],False,,0,True,False,7.455e-05,2
int_output_only_gpt4o_mini_halueval_0019_700394,halueval_0019,gpt4o_mini,knowledge,output_only,Nevada,False,,0,False,True,6.314999999999999e-05,2
int_output_only_gpt4o_mini_calendar_001_b23028,calendar_001,gpt4o_mini,calendar,output_only,Event 'Code Review Session' has been created for 2024-07-03 at 16:00 for 90 minutes.,False,,0,True,False,8.13e-05,2
int_output_only_gpt4o_mini_calendar_083_d8621d,calendar_083,gpt4o_mini,calendar,output_only,I cannot reliably answer this question.,True,Output-only interceptor: L3: answer has unsupported numbers: ['00.'],0,False,False,0.0003759,11
int_output_only_gpt4o_mini_toolbench_syn_0094_99f7d1,toolbench_syn_0094,gpt4o_mini,medical,output_only,[Checking for interactions...],False,,0,True,False,5.37e-05,2
int_output_only_gpt4o_mini_toolbench_syn_0062_6da3e2,toolbench_syn_0062,gpt4o_mini,weather,output_only,[waiting for the response from the tool],False,,0,False,True,5.4300000000000005e-05,2
int_output_only_gpt4o_mini_medical_031_11377b,medical_031,gpt4o_mini,medical,output_only,[retrieving the medical record for patient P004],False,,0,True,False,4.455e-05,2
int_output_only_gpt4o_mini_medical_038_d98152,medical_038,gpt4o_mini,medical,output_only,Appointment scheduled successfully.,False,,0,True,False,5.655e-05,2
int_output_only_gpt4o_mini_toolbench_syn_0053_b80788,toolbench_syn_0053,gpt4o_mini,weather,output_only,[your answer],False,,0,False,True,4.3799999999999994e-05,2
int_output_only_gpt4o_mini_toolbench_syn_0023_9c307c,toolbench_syn_0023,gpt4o_mini,medical,output_only,Appointment for patient P004 has been scheduled.,False,,0,True,False,4.35e-05,2
int_output_only_gpt4o_mini_weather_086_f6f5aa,weather_086,gpt4o_mini,weather,output_only,"[weather data for March 10, 2024, and the forecast for the next 5 days]",False,,0,True,False,9.225e-05,2
int_output_only_gpt4o_mini_calendar_056_2daadb,calendar_056,gpt4o_mini,calendar,output_only,I cannot reliably answer this question.,True,"Output-only interceptor: L3: answer has unsupported numbers: ['45', '13']",0,False,False,0.0004557,14
int_output_only_gpt4o_mini_toolbench_syn_0093_d39d23,toolbench_syn_0093,gpt4o_mini,calendar,output_only,There is no Workshop scheduled on 2024-04-28 to cancel.,False,,0,True,False,0.00018629999999999997,8
int_output_only_gpt4o_mini_calendar_072_cae3f1,calendar_072,gpt4o_mini,calendar,output_only,"The 16:00 slot on September 1, 2024, is not free due to a scheduled 'Code Review'.",False,,0,True,False,0.00023639999999999997,8
int_output_only_gpt4o_mini_weather_039_b60c83,weather_039,gpt4o_mini,weather,output_only,[waiting for the response from the tool],False,,0,False,True,7.125e-05,2
int_output_only_gpt4o_mini_toolbench_syn_0013_ca7208,toolbench_syn_0013,gpt4o_mini,medical,output_only,I need more information about the type of specialist and the preferred date and time to schedule the appointment for patient P004.,False,,0,True,False,7.575e-05,2
int_output_only_gpt4o_mini_toolbench_syn_0092_366695,toolbench_syn_0092,gpt4o_mini,medical,output_only,[retrieving patient record...],False,,0,False,True,4.2149999999999995e-05,2
int_output_only_gpt4o_mini_calendar_054_d7cf87,calendar_054,gpt4o_mini,calendar,output_only,I cannot reliably answer this question.,True,"Output-only interceptor: L3: answer has unsupported numbers: ['00.', '09', '30']",0,False,False,0.00047385,14
int_output_only_gpt4o_mini_calendar_007_25de45,calendar_007,gpt4o_mini,calendar,output_only,I cannot reliably answer this question.,True,"Output-only interceptor: L3: answer has unsupported numbers: ['2.', '1.']",0,False,False,0.00017925,8
int_output_only_gpt4o_mini_toolbench_syn_0048_99c5e8,toolbench_syn_0048,gpt4o_mini,medical,output_only,[retrieving patient record...],False,,0,False,True,4.2149999999999995e-05,2
int_output_only_gpt4o_mini_halueval_0089_8e1390,halueval_0089,gpt4o_mini,knowledge,output_only,"The New Orleans Outfall Canals are not the same length as the Augusta Canal. The New Orleans Outfall Canals are approximately 76 miles long, while the Augusta Canal is about 13 miles long.",False,,0,False,True,8.925e-05,2
int_output_only_gpt4o_mini_halueval_0028_b6bd31,halueval_0028,gpt4o_mini,knowledge,output_only,"No, The New Pornographers are Canadian, while Kings of Leon is American.",False,,0,False,True,7.515e-05,2
int_output_only_gpt4o_mini_weather_032_ede850,weather_032,gpt4o_mini,weather,output_only,[waiting for the tool response],False,,0,False,True,5.37e-05,2
int_output_only_gpt4o_mini_medical_045_29a9f8,medical_045,gpt4o_mini,medical,output_only,[waiting for the response from the tool],False,,0,False,True,4.635e-05,2
int_output_only_gpt4o_mini_weather_070_0296d9,weather_070,gpt4o_mini,weather,output_only,I cannot reliably answer this question.,True,Output-only interceptor: L3: answer has unsupported numbers: ['2023.'],0,False,False,0.0005649,11
int_output_only_gpt4o_mini_weather_009_45fdab,weather_009,gpt4o_mini,weather,output_only,[waiting for the response from the tool],False,,0,False,True,6.825e-05,2
int_output_only_gpt4o_mini_calendar_059_07aca5,calendar_059,gpt4o_mini,calendar,output_only,"The '1:1 with Manager' meeting has been successfully created for 2024-07-03 at 16:00 for 60 minutes. Here are all events for that day: 
- Title: 1:1 with Manager
- Time: 16:00
- Duration: 60 minutes
-",False,,0,True,False,0.00040380000000000006,11
int_output_only_gpt4o_mini_halueval_0085_f8c2c7,halueval_0085,gpt4o_mini,knowledge,output_only,Ron Glass,False,,0,False,True,6.705e-05,2
int_output_only_gpt4o_mini_medical_034_7accdf,medical_034,gpt4o_mini,medical,output_only,[waiting for the response from the tool],False,,0,False,True,4.4999999999999996e-05,2
int_output_only_gpt4o_mini_halueval_0001_407706,halueval_0001,gpt4o_mini,knowledge,output_only,New Delhi,False,,0,False,True,7.11e-05,2
int_output_only_gpt4o_mini_medical_068_2021ef,medical_068,gpt4o_mini,medical,output_only,Max steps reached.,False,,0,False,True,0.0004194,15
int_output_only_gpt4o_mini_medical_062_2f5d53,medical_062,gpt4o_mini,medical,output_only,I cannot reliably answer this question.,True,Output-only interceptor: L3: answer has unsupported numbers: ['-05.'],0,False,False,0.00042285,14
int_output_only_gpt4o_mini_medical_092_f740ad,medical_092,gpt4o_mini,medical,output_only,I cannot reliably answer this question.,True,Output-only interceptor: L3: answer has unsupported numbers: ['-01.'],0,False,False,0.00042179999999999995,14
int_output_only_gpt4o_mini_calendar_099_de9639,calendar_099,gpt4o_mini,calendar,output_only,The 'Budget Review' meeting has been successfully created for 2024-07-22 at 10:00 for 45 minutes. The event is confirmed in the calendar.,False,,0,True,False,0.0003564,11
int_output_only_gpt4o_mini_toolbench_syn_0024_31cc9c,toolbench_syn_0024,gpt4o_mini,medical,output_only,[retrieving patient record...],False,,0,False,True,4.2149999999999995e-05,2
int_output_only_gpt4o_mini_calendar_033_038ab4,calendar_033,gpt4o_mini,calendar,output_only,"The 'All Hands' meeting has been scheduled for August 1, 2024, at 09:00 for 90 minutes.",False,,0,True,False,8.549999999999999e-05,2
int_output_only_gpt4o_mini_toolbench_syn_0022_dcf9e1,toolbench_syn_0022,gpt4o_mini,weather,output_only,[your answer],False,,0,False,True,4.125e-05,2
int_output_only_gpt4o_mini_weather_019_1d31e3,weather_019,gpt4o_mini,weather,output_only,[waiting for the weather data response],False,,0,True,False,6.104999999999999e-05,2
int_output_only_gpt4o_mini_weather_003_00832b,weather_003,gpt4o_mini,weather,output_only,[your answer],False,,0,False,True,4.125e-05,2
int_output_only_gpt4o_mini_halueval_0088_16185d,halueval_0088,gpt4o_mini,knowledge,output_only,"Maurice Hines and his brother Gregory Hines were famous for their work as dancers, actors, and choreographers, particularly in tap dancing.",False,,0,False,True,9.510000000000001e-05,2
int_output_only_gpt4o_mini_weather_077_df6401,weather_077,gpt4o_mini,weather,output_only,I cannot reliably answer this question.,True,Output-only interceptor: L3: answer has unsupported numbers: ['-08.'],0,False,False,0.0004929,11
int_output_only_gpt4o_mini_medical_064_1c231a,medical_064,gpt4o_mini,medical,output_only,I cannot reliably answer this question.,True,Output-only interceptor: L3: answer has unsupported numbers: ['-10.'],0,False,False,0.00042375,14
int_output_only_gpt4o_mini_toolbench_syn_0051_d43809,toolbench_syn_0051,gpt4o_mini,medical,output_only,Appointment for patient P002 has been scheduled.,False,,0,True,False,4.35e-05,2
int_output_only_gpt4o_mini_medical_054_3696dd,medical_054,gpt4o_mini,medical,output_only,I cannot reliably answer this question.,True,Output-only interceptor: L3: answer has unsupported numbers: ['-20.'],0,False,False,0.00042525,14
int_output_only_gpt4o_mini_toolbench_syn_0014_3cddfe,toolbench_syn_0014,gpt4o_mini,calendar,output_only,The Design Review has been scheduled for next Monday at 14:00.,False,,0,True,False,6.84e-05,2
int_output_only_gpt4o_mini_halueval_0071_0c359c,halueval_0071,gpt4o_mini,knowledge,output_only,Am Rong and Alexandre Rockwell are both filmmakers.,False,,0,False,True,6.659999999999999e-05,2
int_output_only_gpt4o_mini_calendar_044_28daa0,calendar_044,gpt4o_mini,calendar,output_only,[retrieving events...],False,,0,False,True,4.4999999999999996e-05,2
int_output_only_gpt4o_mini_halueval_0049_278930,halueval_0049,gpt4o_mini,knowledge,output_only,"No, only the Paloma is a cocktail based on tequila; Gin and Tonic is based on gin.",False,,0,False,True,7.8e-05,2
int_output_only_gpt4o_mini_calendar_034_e29747,calendar_034,gpt4o_mini,calendar,output_only,"[Retrieving events for August 1, 2024...]",False,,0,False,True,5.1e-05,2
int_output_only_gpt4o_mini_calendar_045_357814,calendar_045,gpt4o_mini,calendar,output_only,The event with ID EVT_4986 has been deleted.,False,,0,True,False,4.71e-05,2
int_output_only_gpt4o_mini_halueval_0006_29645d,halueval_0006,gpt4o_mini,knowledge,output_only,I cannot provide an answer as the necessary tool is not available.,False,,0,False,True,7.71e-05,2
int_output_only_gpt4o_mini_calendar_080_f24d3b,calendar_080,gpt4o_mini,calendar,output_only,I cannot reliably answer this question.,True,Output-only interceptor: L3: answer has unsupported numbers: ['11'],0,False,False,0.00047309999999999995,14
int_output_only_gpt4o_mini_medical_070_fc9afe,medical_070,gpt4o_mini,medical,output_only,[Pending retrieval of patient record to confirm conditions before scheduling the appointment.],False,,0,True,False,6.555e-05,2
int_output_only_gpt4o_mini_weather_067_695d7a,weather_067,gpt4o_mini,weather,output_only,I cannot reliably answer this question.,True,"Output-only interceptor: L3: answer has unsupported numbers: ['-7', '12.14']",0,False,False,0.00055605,11
int_output_only_gpt4o_mini_halueval_0066_a5e8b0,halueval_0066,gpt4o_mini,knowledge,output_only,I cannot provide an answer as the necessary tool is not available.,False,,0,False,True,7.755e-05,2
int_early_interceptor_gpt4o_mini_weather_089_95bcff,weather_089,gpt4o_mini,weather,early_interceptor,[weather data and forecast results],False,,0,True,False,8.385e-05,2
int_early_interceptor_gpt4o_mini_halueval_0039_7a66ad,halueval_0039,gpt4o_mini,knowledge,early_interceptor,California,False,,0,False,True,6.645e-05,2
int_early_interceptor_gpt4o_mini_toolbench_syn_0003_8c1ef5,toolbench_syn_0003,gpt4o_mini,calendar,early_interceptor,The workshop has been scheduled for next Monday at 14:00.,False,,0,True,False,6.765e-05,2
int_early_interceptor_gpt4o_mini_weather_051_10c543,weather_051,gpt4o_mini,weather,early_interceptor,[I will provide the weather data shortly.],False,,0,True,False,7.455e-05,2
int_early_interceptor_gpt4o_mini_weather_097_488934,weather_097,gpt4o_mini,weather,early_interceptor,I cannot reliably answer this question.,True,Early interceptor L3: L3: answer has unsupported numbers: ['12.14'],1,False,False,0.00048449999999999996,11
int_early_interceptor_gpt4o_mini_calendar_100_66f86b,calendar_100,gpt4o_mini,calendar,early_interceptor,The 15:00 slot on 2024-08-01 is not free due to a scheduled interview.,False,,1,True,False,0.00022185,8
int_output_only_gpt4o_mini_medical_081_be4363,medical_081,gpt4o_mini,medical,output_only,"There are no known interactions between sertraline and fluticasone, but the severity of the interaction is unknown, and there is no specific interaction data available for this combination.",False,,0,False,True,0.00042524999999999996,14
int_early_interceptor_gpt4o_mini_calendar_021_5a5e2b,calendar_021,gpt4o_mini,calendar,early_interceptor,Event 'Client Call' has been created for 2024-07-02 at 13:00 for 30 minutes.,False,,0,True,False,7.755e-05,2
int_early_interceptor_gpt4o_mini_medical_098_14c529,medical_098,gpt4o_mini,medical,early_interceptor,I cannot reliably answer this question due to detected errors in tool execution.,True,"Early interceptor: L1: param_errors=[""Missing required parameter: 'appointment_type'""]",2,False,False,0.0002016,9
int_early_interceptor_gpt4o_mini_toolbench_syn_0058_455d1c,toolbench_syn_0058,gpt4o_mini,weather,early_interceptor,[waiting for the forecast data],False,,0,False,True,4.47e-05,2
int_early_interceptor_gpt4o_mini_calendar_032_b7f4af,calendar_032,gpt4o_mini,calendar,early_interceptor,I cannot reliably answer this question.,True,"Early interceptor L3: L3: answer has unsupported numbers: ['3.', '2.', '1.']",1,False,False,0.00020175,8
int_early_interceptor_gpt4o_mini_toolbench_syn_0070_dea892,toolbench_syn_0070,gpt4o_mini,medical,early_interceptor,[retrieving patient record...],False,,0,False,True,4.2149999999999995e-05,2
int_early_interceptor_gpt4o_mini_weather_038_e3e802,weather_038,gpt4o_mini,weather,early_interceptor,[weather forecast for Sydney],False,,0,True,False,4.3049999999999996e-05,2
int_early_interceptor_gpt4o_mini_weather_005_27582a,weather_005,gpt4o_mini,weather,early_interceptor,[the hourly forecast for Singapore for the next day],False,,0,True,False,4.815e-05,2
int_early_interceptor_gpt4o_mini_calendar_081_343883,calendar_081,gpt4o_mini,calendar,early_interceptor,I cannot reliably answer this question.,True,"Early interceptor L3: L3: answer has unsupported numbers: ['2.', '1.']",1,False,False,0.0004236,11
int_early_interceptor_gpt4o_mini_toolbench_syn_0004_59dd42,toolbench_syn_0004,gpt4o_mini,weather,early_interceptor,[waiting for the response from the tool],False,,0,False,True,4.02e-05,2
int_early_interceptor_gpt4o_mini_calendar_089_56cd36,calendar_089,gpt4o_mini,calendar,early_interceptor,[Creating the event...],False,,0,False,True,8.219999999999999e-05,2
int_early_interceptor_gpt4o_mini_calendar_061_abb3ca,calendar_061,gpt4o_mini,calendar,early_interceptor,The 'Strategy Meeting' has been successfully created for 2024-08-12 at 10:00 for 60 minutes. There are two events titled 'Strategy Meeting' scheduled for that day.,False,,1,True,False,0.0004254,11
int_early_interceptor_gpt4o_mini_toolbench_syn_0074_195733,toolbench_syn_0074,gpt4o_mini,weather,early_interceptor,[current weather data for Paris],False,,0,False,True,3.9e-05,2
int_early_interceptor_gpt4o_mini_halueval_0053_89c20d,halueval_0053,gpt4o_mini,knowledge,early_interceptor,"""Sex and the City""",False,,1,False,True,0.00015824999999999997,5
int_early_interceptor_gpt4o_mini_weather_095_42ca79,weather_095,gpt4o_mini,weather,early_interceptor,I cannot reliably answer this question due to detected errors in tool execution.,True,"Early interceptor: L1: param_errors=[""Missing required parameter: 'days'""]",2,False,False,0.00023940000000000002,9
int_early_interceptor_gpt4o_mini_halueval_0068_77c09e,halueval_0068,gpt4o_mini,knowledge,early_interceptor,"I am unable to use the search_knowledge tool to provide the answer. However, I can tell you that John Goodman won the Golden Globe for his role in ""Roseanne,"" and he starred alongside Zooey Deschanel ",False,,0,False,True,0.00018734999999999997,3
int_early_interceptor_gpt4o_mini_weather_094_b790f5,weather_094,gpt4o_mini,weather,early_interceptor,I cannot reliably answer this question.,True,"Early interceptor L3: L3: answer has unsupported numbers: ['2023.', '20.14']",1,False,False,0.00057015,11
int_early_interceptor_gpt4o_mini_toolbench_syn_0040_3d329c,toolbench_syn_0040,gpt4o_mini,medical,early_interceptor,[retrieving patient record...],False,,0,False,True,4.2149999999999995e-05,2
int_early_interceptor_gpt4o_mini_halueval_0007_c90702,halueval_0007,gpt4o_mini,knowledge,early_interceptor,Badr Hari,False,,0,False,True,8.984999999999999e-05,2
int_early_interceptor_gpt4o_mini_halueval_0008_5ae3da,halueval_0008,gpt4o_mini,knowledge,early_interceptor,2006,False,,0,False,True,6.720000000000001e-05,2
int_early_interceptor_gpt4o_mini_medical_093_abd36f,medical_093,gpt4o_mini,medical,early_interceptor,I cannot reliably answer this question due to detected errors in tool execution.,True,"Early interceptor: L1: param_errors=[""Missing required parameter: 'drug_a'"", ""Missing required parameter: 'drug_b'""]",2,False,False,0.00020879999999999998,9
int_early_interceptor_gpt4o_mini_medical_014_f23915,medical_014,gpt4o_mini,medical,early_interceptor,[waiting for the response from the tool],False,,0,False,True,4.4999999999999996e-05,2
int_early_interceptor_gpt4o_mini_calendar_088_dbf89f,calendar_088,gpt4o_mini,calendar,early_interceptor,"The 15:00 slot on July 1, 2024, is not free due to an existing 'Sprint Review' event.",False,,1,False,True,0.0002166,8
int_early_interceptor_gpt4o_mini_calendar_028_aa5496,calendar_028,gpt4o_mini,calendar,early_interceptor,Event 'Budget Review' scheduled for 2024-08-20 at 13:00 for 90 minutes.,False,,0,True,False,7.47e-05,2
int_early_interceptor_gpt4o_mini_toolbench_syn_0034_f3b90a,toolbench_syn_0034,gpt4o_mini,calendar,early_interceptor,I cannot reliably answer this question.,True,"Early interceptor L3: L3: answer has unsupported numbers: ['2024.', '23']",1,False,False,0.0001905,8
int_early_interceptor_gpt4o_mini_weather_007_75eecd,weather_007,gpt4o_mini,weather,early_interceptor,[waiting for the weather data],False,,0,False,True,5.6099999999999995e-05,2
int_early_interceptor_gpt4o_mini_weather_012_e9eff1,weather_012,gpt4o_mini,weather,early_interceptor,[your answer],False,,0,False,True,5.13e-05,2
int_early_interceptor_gpt4o_mini_halueval_0042_3ffa36,halueval_0042,gpt4o_mini,knowledge,early_interceptor,"The song was from the album ""The Chimes.""",False,,0,False,True,8.4e-05,2
int_early_interceptor_gpt4o_mini_toolbench_syn_0096_8676e6,toolbench_syn_0096,gpt4o_mini,weather,early_interceptor,[retrieving data...],False,,0,False,True,4.5299999999999997e-05,2
int_early_interceptor_gpt4o_mini_medical_047_3dc0d4,medical_047,gpt4o_mini,medical,early_interceptor,[waiting for the result of the drug interaction check],False,,0,True,False,5.88e-05,2
int_early_interceptor_gpt4o_mini_halueval_0025_5f3ff2,halueval_0025,gpt4o_mini,knowledge,early_interceptor,I cannot provide the answer as the search_knowledge tool is not available.,False,,0,False,True,7.905e-05,2
int_early_interceptor_gpt4o_mini_toolbench_syn_0045_e96003,toolbench_syn_0045,gpt4o_mini,weather,early_interceptor,[waiting for the weather data],False,,0,False,True,3.9e-05,2
int_early_interceptor_gpt4o_mini_halueval_0026_d501f6,halueval_0026,gpt4o_mini,knowledge,early_interceptor,I cannot provide an answer based on the tools available.,False,,0,False,True,7.304999999999999e-05,2
int_early_interceptor_gpt4o_mini_weather_027_4db67c,weather_027,gpt4o_mini,weather,early_interceptor,[waiting for the forecast data],False,,0,False,True,6.45e-05,2
int_early_interceptor_gpt4o_mini_weather_090_023a19,weather_090,gpt4o_mini,weather,early_interceptor,[I will provide the weather and forecast once I have the data.],False,,0,True,False,8.595e-05,2
int_early_interceptor_gpt4o_mini_weather_078_374e4a,weather_078,gpt4o_mini,weather,early_interceptor,"[I will now retrieve the 7-day forecast for London.] 

Action: get_forecast
Action Input: {""param"": ""London""}",False,,0,False,True,0.00010515,2
int_early_interceptor_gpt4o_mini_calendar_085_240487,calendar_085,gpt4o_mini,calendar,early_interceptor,[List of events for 2024-07-22],False,,0,False,True,0.00010575,2
int_early_interceptor_gpt4o_mini_medical_008_bc4f1d,medical_008,gpt4o_mini,medical,early_interceptor,Appointment scheduled successfully.,False,,0,True,False,5.655e-05,2
int_early_interceptor_gpt4o_mini_medical_063_d0f75b,medical_063,gpt4o_mini,medical,early_interceptor,"Patient P001 is not taking omeprazole or warfarin, so there are no interactions to check.",False,,1,True,False,0.00020835,8
int_early_interceptor_gpt4o_mini_weather_096_14486a,weather_096,gpt4o_mini,weather,early_interceptor,[waiting for tool responses],False,,0,False,True,6.975e-05,2
int_early_interceptor_gpt4o_mini_halueval_0019_ff218c,halueval_0019,gpt4o_mini,knowledge,early_interceptor,Catherine Cortez Masto previously served as the 32nd Attorney General of Nevada.,False,,0,False,True,6.855e-05,2
int_early_interceptor_gpt4o_mini_calendar_001_08ce55,calendar_001,gpt4o_mini,calendar,early_interceptor,Event 'Code Review Session' has been created for 2024-07-03 at 16:00 for 90 minutes.,False,,0,True,False,8.13e-05,2
int_early_interceptor_gpt4o_mini_calendar_083_a491b9,calendar_083,gpt4o_mini,calendar,early_interceptor,I cannot reliably answer this question.,True,"Early interceptor L3: L3: answer has unsupported numbers: ['4.', '3.', '2.']",1,False,False,0.00043184999999999995,11
int_early_interceptor_gpt4o_mini_calendar_056_cf09cc,calendar_056,gpt4o_mini,calendar,early_interceptor,The 13:00 slot on 2024-07-10 is not free; it is already booked for a 'Budget Review'.,False,,1,False,True,0.0002184,8
int_early_interceptor_gpt4o_mini_toolbench_syn_0094_a17fe1,toolbench_syn_0094,gpt4o_mini,medical,early_interceptor,"Atorvastatin does not have a documented interaction with ibuprofen, but the severity of any potential interaction is unknown. Caution is advised when using them together.",False,,1,False,True,0.00020865,8
int_early_interceptor_gpt4o_mini_medical_031_47f3b9,medical_031,gpt4o_mini,medical,early_interceptor,[retrieving the medical record for patient P004],False,,0,True,False,4.455e-05,2
int_early_interceptor_gpt4o_mini_toolbench_syn_0062_5308f9,toolbench_syn_0062,gpt4o_mini,weather,early_interceptor,[waiting for the tool response],False,,0,False,True,5.31e-05,2
int_early_interceptor_gpt4o_mini_medical_038_cedd0d,medical_038,gpt4o_mini,medical,early_interceptor,Appointment scheduled successfully.,False,,0,True,False,6.074999999999999e-05,2
int_early_interceptor_gpt4o_mini_toolbench_syn_0053_cf900c,toolbench_syn_0053,gpt4o_mini,weather,early_interceptor,[waiting for the response from the tool],False,,0,False,True,4.68e-05,2
int_early_interceptor_gpt4o_mini_weather_086_de213e,weather_086,gpt4o_mini,weather,early_interceptor,[weather data and forecast results],False,,0,True,False,8.325e-05,2
int_early_interceptor_gpt4o_mini_toolbench_syn_0023_d7dae1,toolbench_syn_0023,gpt4o_mini,medical,early_interceptor,Appointment for patient P004 has been scheduled.,False,,0,True,False,4.35e-05,2
int_early_interceptor_gpt4o_mini_calendar_072_a6bd27,calendar_072,gpt4o_mini,calendar,early_interceptor,"The 16:00 slot on September 1, 2024, is not free due to a 'Code Review' event.",False,,1,False,True,0.00022695000000000001,8
int_early_interceptor_gpt4o_mini_toolbench_syn_0093_34299a,toolbench_syn_0093,gpt4o_mini,calendar,early_interceptor,There is no Workshop scheduled on 2024-04-28 to cancel.,False,,1,True,False,0.00026984999999999997,11
int_early_interceptor_gpt4o_mini_calendar_054_4f9355,calendar_054,gpt4o_mini,calendar,early_interceptor,The 09:00 slot on 2024-07-10 is not free; it is already booked for a '1:1 with Manager' event.,False,,1,False,True,0.0002298,8
int_early_interceptor_gpt4o_mini_toolbench_syn_0013_d6d8b5,toolbench_syn_0013,gpt4o_mini,medical,early_interceptor,Appointment scheduling details are incomplete; please provide the type of specialist and preferred date and time for patient P004.,False,,0,False,True,7.455e-05,2
int_early_interceptor_gpt4o_mini_toolbench_syn_0092_85108f,toolbench_syn_0092,gpt4o_mini,medical,early_interceptor,[retrieving patient record...],False,,0,False,True,4.2149999999999995e-05,2
int_early_interceptor_gpt4o_mini_weather_039_7f6f97,weather_039,gpt4o_mini,weather,early_interceptor,[waiting for the response from the tool],False,,0,False,True,7.125e-05,2
int_early_interceptor_gpt4o_mini_toolbench_syn_0048_b10c9d,toolbench_syn_0048,gpt4o_mini,medical,early_interceptor,[retrieving patient record...],False,,0,False,True,4.2149999999999995e-05,2
int_early_interceptor_gpt4o_mini_halueval_0089_2983bc,halueval_0089,gpt4o_mini,knowledge,early_interceptor,"The New Orleans Outfall Canals and the Augusta Canal are not the same length. The New Orleans Outfall Canals are approximately 76 miles long, while the Augusta Canal is about 13 miles long.",False,,0,False,True,8.865e-05,2
int_early_interceptor_gpt4o_mini_calendar_007_9d5c7d,calendar_007,gpt4o_mini,calendar,early_interceptor,I cannot reliably answer this question.,True,"Early interceptor L3: L3: answer has unsupported numbers: ['2.', '1.']",1,False,False,0.00018449999999999999,8
int_early_interceptor_gpt4o_mini_halueval_0028_e006f0,halueval_0028,gpt4o_mini,knowledge,early_interceptor,"No, The New Pornographers are Canadian, while Kings of Leon is American.",False,,0,False,True,7.515e-05,2
int_early_interceptor_gpt4o_mini_weather_032_da8cd6,weather_032,gpt4o_mini,weather,early_interceptor,[waiting for the response from the tool],False,,0,False,True,5.49e-05,2
int_early_interceptor_gpt4o_mini_medical_045_04655d,medical_045,gpt4o_mini,medical,early_interceptor,[waiting for the response from the tool],False,,0,False,True,4.635e-05,2
int_early_interceptor_gpt4o_mini_weather_009_283e7a,weather_009,gpt4o_mini,weather,early_interceptor,[waiting for the response from the tool],False,,0,False,True,6.884999999999999e-05,2
int_early_interceptor_gpt4o_mini_calendar_059_d49db2,calendar_059,gpt4o_mini,calendar,early_interceptor,I cannot reliably answer this question due to detected errors in tool execution.,True,"Early interceptor: L1: param_errors=[""Unknown parameter: 'participants'""]",2,False,False,0.0002139,6
int_early_interceptor_gpt4o_mini_weather_070_079694,weather_070,gpt4o_mini,weather,early_interceptor,I cannot reliably answer this question.,True,Early interceptor L3: L3: answer has unsupported numbers: ['13.14'],1,False,False,0.0005606999999999999,11
int_early_interceptor_gpt4o_mini_halueval_0085_6f5068,halueval_0085,gpt4o_mini,knowledge,early_interceptor,Ron Glass,False,,0,False,True,6.285e-05,2
int_early_interceptor_gpt4o_mini_medical_068_ca2248,medical_068,gpt4o_mini,medical,early_interceptor,I cannot reliably answer this question due to detected errors in tool execution.,True,"Early interceptor: L1: param_errors=[""Missing required parameter: 'appointment_type'""]",2,False,False,0.00019664999999999998,9
int_early_interceptor_gpt4o_mini_halueval_0001_b31d70,halueval_0001,gpt4o_mini,knowledge,early_interceptor,"New Delhi, India.",False,,0,False,True,6.27e-05,2
int_early_interceptor_gpt4o_mini_medical_062_b696c5,medical_062,gpt4o_mini,medical,early_interceptor,I cannot reliably answer this question due to detected errors in tool execution.,True,"Early interceptor: L1: param_errors=[""Missing required parameter: 'appointment_type'""]",2,False,False,0.0001974,9
int_early_interceptor_gpt4o_mini_medical_034_fd95f5,medical_034,gpt4o_mini,medical,early_interceptor,"Patient P003, Carol Davis, has the following conditions: migraine and anxiety.",False,,1,True,False,0.00014324999999999999,8
int_early_interceptor_gpt4o_mini_medical_092_3c18d3,medical_092,gpt4o_mini,medical,early_interceptor,I cannot reliably answer this question due to detected errors in tool execution.,True,"Early interceptor: L1: param_errors=[""Missing required parameter: 'appointment_type'""]",2,False,False,0.00019965,9
int_early_interceptor_gpt4o_mini_toolbench_syn_0024_888b7c,toolbench_syn_0024,gpt4o_mini,medical,early_interceptor,[retrieving patient record...],False,,0,False,True,4.2149999999999995e-05,2
int_early_interceptor_gpt4o_mini_calendar_033_28eea5,calendar_033,gpt4o_mini,calendar,early_interceptor,"The 'All Hands' meeting has been scheduled for August 1, 2024, at 09:00 for 90 minutes.",False,,0,True,False,8.609999999999999e-05,2
int_early_interceptor_gpt4o_mini_toolbench_syn_0022_c75c25,toolbench_syn_0022,gpt4o_mini,weather,early_interceptor,[weather forecast for Paris],False,,0,False,True,4.3049999999999996e-05,2
int_early_interceptor_gpt4o_mini_weather_003_46a64a,weather_003,gpt4o_mini,weather,early_interceptor,[your answer],False,,0,False,True,4.125e-05,2
int_early_interceptor_gpt4o_mini_weather_019_74fdf7,weather_019,gpt4o_mini,weather,early_interceptor,[waiting for the weather data],False,,0,True,False,5.9250000000000004e-05,2
int_early_interceptor_gpt4o_mini_calendar_099_10721f,calendar_099,gpt4o_mini,calendar,early_interceptor,"The 'Budget Review' meeting has been created for 2024-07-22 at 10:00 for 45 minutes. There are two events on that day, both titled 'Budget Review'.",False,,1,True,False,0.0003894,11
int_early_interceptor_gpt4o_mini_halueval_0088_c66df9,halueval_0088,gpt4o_mini,knowledge,early_interceptor,"Maurice Hines and his brother Gregory Hines were famous for their work as dancers, actors, and choreographers, particularly in tap dancing.",False,,0,False,True,9.27e-05,2
int_early_interceptor_gpt4o_mini_medical_064_4c5f02,medical_064,gpt4o_mini,medical,early_interceptor,I cannot reliably answer this question due to detected errors in tool execution.,True,"Early interceptor: L1: param_errors=[""Missing required parameter: 'appointment_type'""]",2,False,False,0.0001938,9
int_early_interceptor_gpt4o_mini_medical_054_b78d1a,medical_054,gpt4o_mini,medical,early_interceptor,I cannot reliably answer this question due to detected errors in tool execution.,True,"Early interceptor: L1: param_errors=[""Missing required parameter: 'appointment_type'""]",2,False,False,0.00020324999999999998,9
int_early_interceptor_gpt4o_mini_toolbench_syn_0014_52bcd3,toolbench_syn_0014,gpt4o_mini,calendar,early_interceptor,The Design Review has been scheduled for next Monday at 14:00.,False,,0,True,False,6.84e-05,2
int_early_interceptor_gpt4o_mini_toolbench_syn_0051_1b18cd,toolbench_syn_0051,gpt4o_mini,medical,early_interceptor,Appointment for patient P002 has been scheduled.,False,,0,True,False,4.35e-05,2
int_early_interceptor_gpt4o_mini_calendar_044_496f52,calendar_044,gpt4o_mini,calendar,early_interceptor,[Retrieving events...],False,,0,False,True,4.4999999999999996e-05,2
int_early_interceptor_gpt4o_mini_halueval_0071_694fef,halueval_0071,gpt4o_mini,knowledge,early_interceptor,Am Rong and Alexandre Rockwell are both filmmakers.,False,,0,False,True,6.6e-05,2
int_early_interceptor_gpt4o_mini_weather_077_11c27b,weather_077,gpt4o_mini,weather,early_interceptor,"The weather in Moscow on 2024-07-08 is 28°C with 31% humidity and snowy conditions. The forecast for the next 5 days shows varying conditions: 
- 2026-04-16: 5°C, sunny
- 2026-04-17: 29°C, rainy
- 202",False,,1,True,False,0.0004854,11
int_early_interceptor_gpt4o_mini_halueval_0049_af1d4b,halueval_0049,gpt4o_mini,knowledge,early_interceptor,"No, only the Paloma is a cocktail based on tequila; Gin and Tonic is based on gin.",False,,0,False,True,9.24e-05,2
int_early_interceptor_gpt4o_mini_calendar_034_bd8aae,calendar_034,gpt4o_mini,calendar,early_interceptor,[retrieving events...],False,,0,False,True,4.62e-05,2
int_early_interceptor_gpt4o_mini_calendar_045_22579d,calendar_045,gpt4o_mini,calendar,early_interceptor,The event with ID EVT_4986 has been deleted.,False,,0,True,False,4.65e-05,2
int_early_interceptor_gpt4o_mini_calendar_080_521bc5,calendar_080,gpt4o_mini,calendar,early_interceptor,The 11:00 slot on 2024-08-01 is not free; it is already booked for another 'Sprint Review'.,False,,1,False,True,0.0002232,8
int_early_interceptor_gpt4o_mini_halueval_0006_1f167d,halueval_0006,gpt4o_mini,knowledge,early_interceptor,"The genus of moth that contains only one species in Brazil, the world's seventh-largest country, is ""Coryphoceras.""",False,,0,False,True,8.67e-05,2
int_early_interceptor_gpt4o_mini_medical_081_5501a7,medical_081,gpt4o_mini,medical,early_interceptor,I cannot reliably answer this question due to detected errors in tool execution.,True,"Early interceptor: L1: param_errors=[""Missing required parameter: 'drug_a'"", ""Missing required parameter: 'drug_b'""]",2,False,False,0.0002124,9
int_early_interceptor_gpt4o_mini_weather_067_ebbacc,weather_067,gpt4o_mini,weather,early_interceptor,I cannot reliably answer this question.,True,"Early interceptor L3: L3: answer has unsupported numbers: ['12.14', '2023.']",1,False,False,0.0005897999999999999,11
int_early_interceptor_gpt4o_mini_medical_070_c0c996,medical_070,gpt4o_mini,medical,early_interceptor,I cannot reliably answer this question due to detected errors in tool execution.,True,"Early interceptor: L1: param_errors=[""Missing required parameter: 'appointment_type'""]",2,False,False,0.0001959,9
int_early_interceptor_gpt4o_mini_halueval_0066_abe800,halueval_0066,gpt4o_mini,knowledge,early_interceptor,"The Oscar-nominated film written by the screenwriter who wrote a 1991 romantic drama based on a screenplay by Sooni Taraporevala is ""The Namesake,"" written by Jhumpa Lahiri. The 1991 romantic drama is",False,,0,False,True,0.00011355,2
int_output_only_gemini_20_flash_weather_089_09126a,weather_089,gemini_20_flash,weather,output_only,I have retrieved the weather for Dubai on 2024-05-22 and the forecast for the next 5 days. I can now compare the data to see if the weather will change.,False,,0,True,False,7.970000000000001e-05,2
int_output_only_gemini_20_flash_weather_097_6e49d6,weather_097,gemini_20_flash,weather,output_only,"I have retrieved the current weather in Toronto for 2024-07-08 and the historical weather data for Toronto from 2023-01-01 to 2023-01-07. I can now compare these two datasets. However, I need to actua",False,,0,True,False,0.0001183,2
int_output_only_gemini_20_flash_halueval_0039_9ae738,halueval_0039,gemini_20_flash,knowledge,output_only,California,False,,0,False,True,6.86e-05,2
int_output_only_gemini_20_flash_toolbench_syn_0003_739634,toolbench_syn_0003,gemini_20_flash,calendar,output_only,"Okay, I have scheduled a Workshop for Monday, October 28, 2024 at 14:00.",False,,0,True,False,6.77e-05,2
int_output_only_gemini_20_flash_weather_051_3db4f3,weather_051,gemini_20_flash,weather,output_only,I have the weather for Singapore on 2024-03-10 and the 5-day forecast for Singapore. Please ask me to combine the information if you need a single response.,False,,0,True,False,8.3e-05,2
int_output_only_gemini_20_flash_calendar_100_a04692,calendar_100,gemini_20_flash,calendar,output_only,"Okay, I have created an event called 'Interview' on 2024-08-01 at 15:00 for 45 minutes.",False,,0,False,True,9.620000000000001e-05,2
int_output_only_gemini_20_flash_medical_098_9f010d,medical_098,gemini_20_flash,medical,output_only,OK. I have scheduled an emergency appointment for patient P004 with doctor D002 on 2024-11-01.,False,,0,False,True,8.04e-05,2
int_output_only_gemini_20_flash_calendar_032_62aac2,calendar_032,gemini_20_flash,calendar,output_only,There are no events scheduled for 2024-08-20.,False,,0,True,False,3.7300000000000005e-05,2
int_output_only_gemini_20_flash_calendar_021_9a20d1,calendar_021,gemini_20_flash,calendar,output_only,Event created.,False,,0,True,False,5.2000000000000004e-05,2
int_output_only_gemini_20_flash_toolbench_syn_0058_a4b419,toolbench_syn_0058,gemini_20_flash,weather,output_only,"I do not have the ability to provide a specific ""yes"" or ""no"" answer regarding rain. However, I can provide the forecast for Berlin, and you can interpret the likelihood of rain from the forecast deta",False,,0,False,True,4.5600000000000004e-05,2
int_output_only_gemini_20_flash_toolbench_syn_0070_473222,toolbench_syn_0070,gemini_20_flash,medical,output_only,Patient P004 is currently taking Lisinopril and Aspirin.,False,,0,False,True,3.51e-05,2
int_output_only_gemini_20_flash_calendar_081_aad5d1,calendar_081,gemini_20_flash,calendar,output_only,"Okay, I've created the 'Training Session' event and here are all the events for 2024-07-02.",False,,0,True,False,8.840000000000001e-05,2
int_output_only_gemini_20_flash_weather_038_8fe57b,weather_038,gemini_20_flash,weather,output_only,"I am sorry, I cannot fulfill this request. The available tools do not allow specifying the number of days for the forecast. I can only get the forecast for the upcoming days without specifying the exa",False,,0,True,False,4.4200000000000004e-05,2
int_output_only_gemini_20_flash_weather_005_a0145f,weather_005,gemini_20_flash,weather,output_only,"I am sorry, I cannot fulfill this request. The available tools do not support specifying the next day. I can only provide the forecast for the upcoming days without specifying a particular day.",False,,0,True,False,4.7100000000000006e-05,2
int_output_only_gemini_20_flash_calendar_061_fd8d9b,calendar_061,gemini_20_flash,calendar,output_only,"Here are the events for 2024-08-12:
- Strategy Meeting at 10:00 for 60 minutes with attendees: dave@company.com, frank@company.com",False,,0,False,True,9.44e-05,2
int_output_only_gemini_20_flash_toolbench_syn_0004_e3654c,toolbench_syn_0004,gemini_20_flash,weather,output_only,I don't have the current date. Please provide the date to get the current weather in Mumbai.,False,,0,False,True,3.3600000000000004e-05,2
int_output_only_gemini_20_flash_weather_094_e297ca,weather_094,gemini_20_flash,weather,output_only,I have retrieved today's weather in Rome (2024-09-30) and the historical weather data for Rome from 2023-01-01 to 2023-01-07. I can now compare them. Please ask me to compare specific aspects of the w,False,,0,True,False,0.00010750000000000001,2
int_output_only_gemini_20_flash_toolbench_syn_0074_c2eb58,toolbench_syn_0074,gemini_20_flash,weather,output_only,I don't have the current weather information for Paris. Please try again later.,False,,0,False,True,3.2000000000000005e-05,2
int_output_only_gemini_20_flash_halueval_0053_e7aaef,halueval_0053,gemini_20_flash,knowledge,output_only,"Cynthia Nixon received the 2004 Primetime Emmy Award for Outstanding Supporting Actress in a Comedy Series and a Screen Actors Guild Award for her performance in ""Sex and the City"". Although the Emmy ",False,,0,False,True,8.31e-05,2
int_output_only_gemini_20_flash_calendar_089_0c0156,calendar_089,gemini_20_flash,calendar,output_only,"OK. I've created the 'Client Call' event and here are all the events for 2024-08-05:
```json
[
  {
    ""id"": ""6464"",
    ""date"": ""2024-08-05"",
    ""start_time"": ""09:00"",
    ""duration"": 60,
    ""title",False,,0,True,False,0.0001284,2
int_output_only_gemini_20_flash_weather_095_b3a5dc,weather_095,gemini_20_flash,weather,output_only,I have retrieved the weather for Mumbai on 2024-01-15 and the forecast for the next 7 days. I can now compare the weather on 2024-01-15 with the forecast to determine if it will change.,False,,0,True,False,8.81e-05,2
int_output_only_gemini_20_flash_halueval_0068_8c66e0,halueval_0068,gemini_20_flash,knowledge,output_only,I am unable to answer this question.,False,,0,False,True,4.610000000000001e-05,2
int_output_only_gemini_20_flash_medical_093_d9ac78,medical_093,gemini_20_flash,medical,output_only,Interaction check complete. Please see results for details.,False,,0,False,True,6.4e-05,2
int_output_only_gemini_20_flash_toolbench_syn_0040_440468,toolbench_syn_0040,gemini_20_flash,medical,output_only,Patient P004 is currently taking Lisinopril and Aspirin.,False,,0,False,True,3.51e-05,2
int_output_only_gemini_20_flash_halueval_0007_bc6113,halueval_0007,gemini_20_flash,knowledge,output_only,I am unable to answer this question.,False,,0,False,True,3.9200000000000004e-05,2
int_output_only_gemini_20_flash_halueval_0008_99916d,halueval_0008,gemini_20_flash,knowledge,output_only,I am unable to answer this question.,False,,0,False,True,4.4300000000000006e-05,2
int_output_only_gemini_20_flash_medical_014_3df134,medical_014,gemini_20_flash,medical,output_only,Patient P005 has hypertension and diabetes.,False,,0,True,False,3.33e-05,2
int_output_only_gemini_20_flash_calendar_088_d0e967,calendar_088,gemini_20_flash,calendar,output_only,Event created.,False,,0,False,True,8.350000000000001e-05,2
int_output_only_gemini_20_flash_toolbench_syn_0034_ed9779,toolbench_syn_0034,gemini_20_flash,calendar,output_only,I cannot reliably answer this question.,True,Output-only interceptor: L3: answer has unsupported numbers: ['-23.'],0,False,False,0.000106,5
int_output_only_gemini_20_flash_weather_012_90becd,weather_012,gemini_20_flash,weather,output_only,The temperature in Singapore on 2024-06-15 was 84 degrees Fahrenheit.,False,,0,True,False,5.3e-05,2
int_output_only_gemini_20_flash_calendar_028_677c6d,calendar_028,gemini_20_flash,calendar,output_only,Event scheduled.,False,,0,True,False,5.46e-05,2
int_output_only_gemini_20_flash_halueval_0042_1eb21c,halueval_0042,gemini_20_flash,knowledge,output_only,I am unable to answer this question.,False,,0,False,True,3.69e-05,2
int_output_only_gemini_20_flash_weather_007_5794bb,weather_007,gemini_20_flash,weather,output_only,The temperature in Istanbul on 2024-10-12 is 63 degrees Fahrenheit.,False,,0,True,False,4.7000000000000004e-05,2
int_output_only_gemini_20_flash_medical_047_d7d612,medical_047,gemini_20_flash,medical,output_only,"There is a moderate interaction between lisinopril and metoprolol. They may increase the risk of hypotension, bradycardia, and heart failure. Monitor blood pressure and heart rate closely.",False,,0,True,False,5.2600000000000005e-05,2
int_output_only_gemini_20_flash_halueval_0025_58a8cf,halueval_0025,gemini_20_flash,knowledge,output_only,I am unable to answer this question.,False,,0,False,True,4.3e-05,2
int_output_only_gemini_20_flash_toolbench_syn_0096_1e1830,toolbench_syn_0096,gemini_20_flash,weather,output_only,"I am sorry, I cannot provide the temperature in Paris last week because the tool is not working at the moment. Please try again later.",False,,0,False,True,6.0400000000000004e-05,2
int_output_only_gemini_20_flash_toolbench_syn_0045_1b89c9,toolbench_syn_0045,gemini_20_flash,weather,output_only,I don't have the current weather information for Tokyo. I can only access weather data for a specific date. Please provide a date for which you want to know the weather in Tokyo.,False,,0,False,True,4.0400000000000006e-05,2
int_output_only_gemini_20_flash_halueval_0026_f1042b,halueval_0026,gemini_20_flash,knowledge,output_only,"New Faces of 1952 is a musical revue with songs and comedy skits, it helped jump start the career of American actress Eartha Kitt.",False,,0,False,True,6.02e-05,2
int_output_only_gemini_20_flash_weather_090_82a26f,weather_090,gemini_20_flash,weather,output_only,I have retrieved the weather for Singapore on 2024-12-01 and the 7-day forecast for Singapore. Please specify if you would like me to present the information in a specific format.,False,,0,True,False,8.060000000000001e-05,2
int_output_only_gemini_20_flash_weather_027_3598a8,weather_027,gemini_20_flash,weather,output_only,"I'm sorry, I cannot fulfill this request. The available tools lack the functionality to provide temperature in Fahrenheit.",False,,0,True,False,5.380000000000001e-05,2
int_output_only_gemini_20_flash_weather_078_9d35e9,weather_078,gemini_20_flash,weather,output_only,I have retrieved the weather for London on 2024-11-25 and the 7-day forecast for London. Please specify how you would like me to present this information.,False,,0,True,False,6.42e-05,2
int_output_only_gemini_20_flash_medical_063_361470,medical_063,gemini_20_flash,medical,output_only,Interaction check complete. Please see results for details.,False,,0,False,True,5.780000000000001e-05,2
int_output_only_gemini_20_flash_calendar_085_6bff26,calendar_085,gemini_20_flash,calendar,output_only,"Here are the events for 2024-07-22:
- Code Review Session from 09:00 to 09:30 with eve@company.com and carol@company.com",False,,0,True,False,9.410000000000001e-05,2
int_output_only_gemini_20_flash_medical_008_80fff8,medical_008,gemini_20_flash,medical,output_only,OK. I have scheduled an emergency appointment for patient P005 with doctor D001 on 2024-09-01.,False,,0,True,False,6.48e-05,2
int_output_only_gemini_20_flash_weather_096_0fdff7,weather_096,gemini_20_flash,weather,output_only,I have retrieved the weather for Mumbai on 2024-02-20 and a 7-day forecast. Please ask me to present the information if you would like to see it.,False,,0,True,False,7.500000000000001e-05,2
int_output_only_gemini_20_flash_calendar_083_0081c9,calendar_083,gemini_20_flash,calendar,output_only,OK. I've created the 'Team Standup' meeting and retrieved all events for 2024-08-01.,False,,0,True,False,9.210000000000002e-05,2
int_output_only_gemini_20_flash_calendar_001_795207,calendar_001,gemini_20_flash,calendar,output_only,Event created.,False,,0,True,False,4.1700000000000004e-05,2
int_output_only_gemini_20_flash_halueval_0019_b14285,halueval_0019,gemini_20_flash,knowledge,output_only,Catherine Cortez Masto served as the 32nd Attorney General of Nevada.,False,,0,False,True,5.41e-05,2
int_output_only_gemini_20_flash_toolbench_syn_0094_f0c450,toolbench_syn_0094,gemini_20_flash,medical,output_only,There is a moderate interaction between atorvastatin and ibuprofen. Ibuprofen may increase the blood levels of atorvastatin. This can increase the risk of side effects such as muscle pain and weakness,False,,0,False,True,5.39e-05,2
int_output_only_gemini_20_flash_calendar_056_713369,calendar_056,gemini_20_flash,calendar,output_only,"Okay, I've created a 'Budget Review' event on 2024-07-10 at 13:00 for 45 minutes.",False,,0,False,True,0.0001039,2
int_output_only_gemini_20_flash_medical_031_9a214a,medical_031,gemini_20_flash,medical,output_only,Patient medical record retrieved.,False,,0,True,False,3.62e-05,2
int_output_only_gemini_20_flash_toolbench_syn_0053_73ff0a,toolbench_syn_0053,gemini_20_flash,weather,output_only,I don't have the current weather information for Berlin. I can only provide weather information for a specific date. Please provide a date.,False,,0,False,True,3.6400000000000004e-05,2
int_output_only_gemini_20_flash_medical_038_8cad57,medical_038,gemini_20_flash,medical,output_only,OK. I have scheduled an emergency appointment for patient P003 with doctor D003 on 2024-08-20.,False,,0,True,False,6.48e-05,2
int_output_only_gemini_20_flash_toolbench_syn_0062_1392a5,toolbench_syn_0062,gemini_20_flash,weather,output_only,"I cannot provide a single temperature for the entire week. The historical weather data for Mumbai between October 19, 2023, and October 25, 2023, would contain a range of temperatures for each day. If",False,,0,False,True,0.0001004,2
int_output_only_gemini_20_flash_toolbench_syn_0023_cd8862,toolbench_syn_0023,gemini_20_flash,medical,output_only,OK. I have scheduled a checkup appointment for patient P004.,False,,0,True,False,4.35e-05,2
int_output_only_gemini_20_flash_weather_086_ec4e31,weather_086,gemini_20_flash,weather,output_only,I have retrieved the weather for Toronto on 2024-03-10 and the forecast for the next 5 days. Please ask me if you want to know the details.,False,,0,True,False,7.77e-05,2
int_output_only_gemini_20_flash_calendar_072_47b731,calendar_072,gemini_20_flash,calendar,output_only,The 16:00 slot is not free. There is a 'Code Review' event scheduled at that time.,False,,0,True,False,0.0001205,5
int_output_only_gemini_20_flash_toolbench_syn_0013_f48d1c,toolbench_syn_0013,gemini_20_flash,medical,output_only,OK. I have scheduled a specialist appointment for patient P004.,False,,0,True,False,4.7000000000000004e-05,2
int_output_only_gemini_20_flash_calendar_054_a540c2,calendar_054,gemini_20_flash,calendar,output_only,The 09:00 slot is not free.,False,,0,False,True,9.82e-05,5
int_output_only_gemini_20_flash_toolbench_syn_0092_13cf7a,toolbench_syn_0092,gemini_20_flash,medical,output_only,Patient P002 is currently taking Lisinopril and Aspirin.,False,,0,False,True,3.51e-05,2
int_output_only_gemini_20_flash_toolbench_syn_0093_ce6e66,toolbench_syn_0093,gemini_20_flash,calendar,output_only,Event 'EVT_MOCK_4078' not found,False,,0,False,True,0.00019690000000000002,8
int_output_only_gemini_20_flash_weather_039_5df83f,weather_039,gemini_20_flash,weather,output_only,"I'm sorry, I cannot fulfill this request. The available tools do not provide information about events on a weather station, only weather conditions. I can get the historical weather data for Beijing o",False,,0,True,False,7.34e-05,2
int_output_only_gemini_20_flash_calendar_007_e4ea62,calendar_007,gemini_20_flash,calendar,output_only,There are no events scheduled for 2024-07-15.,False,,0,True,False,3.7300000000000005e-05,2
int_output_only_gemini_20_flash_toolbench_syn_0048_36d3d8,toolbench_syn_0048,gemini_20_flash,medical,output_only,Patient P002 is currently taking Lisinopril and Aspirin.,False,,0,False,True,3.51e-05,2
int_output_only_gemini_20_flash_weather_070_24d5c9,weather_070,gemini_20_flash,weather,output_only,I need the output from the tools to compare the weather. Please provide the weather data.,False,,0,False,True,9.190000000000001e-05,2
int_output_only_gemini_20_flash_halueval_0089_151f70,halueval_0089,gemini_20_flash,knowledge,output_only,The New Orleans Outfall Canals are not the same length as the Augusta Canal.,False,,0,False,True,5.36e-05,2
int_output_only_gemini_20_flash_halueval_0028_d63e79,halueval_0028,gemini_20_flash,knowledge,output_only,"The New Pornographers are a Canadian indie rock band and Kings of Leon are an American rock band. So, no, both are not American.",False,,0,False,True,5.380000000000001e-05,2
int_output_only_gemini_20_flash_medical_045_1153ca,medical_045,gemini_20_flash,medical,output_only,Patient P004 is currently taking Lisinopril and Aspirin.,False,,0,True,False,3.58e-05,2
int_output_only_gemini_20_flash_calendar_059_7e6d0f,calendar_059,gemini_20_flash,calendar,output_only,OK. I've created the event and retrieved all events for 2024-07-03.,False,,0,True,False,8.829999999999999e-05,2
int_output_only_gemini_20_flash_weather_032_5c4ccd,weather_032,gemini_20_flash,weather,output_only,The temperature in Seoul on 2024-01-15 was 28.0°F.,False,,0,True,False,5.94e-05,2
int_output_only_gemini_20_flash_weather_009_b3d3d2,weather_009,gemini_20_flash,weather,output_only,"I'm sorry, I cannot fulfill this request. The available tools do not provide information about events on a weather station. They only provide weather conditions.",False,,0,True,False,6.26e-05,2
int_output_only_gemini_20_flash_halueval_0085_1c3593,halueval_0085,gemini_20_flash,knowledge,output_only,The actor in the film D.C. Cab who also had a role in the TV series Barney Miller is Max Gail.,False,,0,False,True,5.57e-05,2
int_output_only_gemini_20_flash_medical_068_fc49c6,medical_068,gemini_20_flash,medical,output_only,"Appointment scheduled for patient P002 with doctor D001, specialist, on 2024-09-01.",False,,0,False,True,7.76e-05,2
int_output_only_gemini_20_flash_medical_034_dae7d0,medical_034,gemini_20_flash,medical,output_only,Patient P003 has hypertension and diabetes.,False,,0,True,False,3.3700000000000006e-05,2
int_output_only_gemini_20_flash_halueval_0001_03a058,halueval_0001,gemini_20_flash,knowledge,output_only,The Oberoi Group has its head office in Delhi.,False,,0,False,True,5.31e-05,2
int_output_only_gemini_20_flash_medical_062_bcf543,medical_062,gemini_20_flash,medical,output_only,OK. I have scheduled a checkup for patient P002 with doctor D003 on 2024-08-05.,False,,0,False,True,7.61e-05,2
int_output_only_gemini_20_flash_medical_092_4d71e0,medical_092,gemini_20_flash,medical,output_only,OK. I have scheduled a checkup for patient P004 with doctor D005 on 2024-08-01.,False,,0,False,True,7.65e-05,2
int_output_only_gemini_20_flash_calendar_033_b759da,calendar_033,gemini_20_flash,calendar,output_only,"Okay, I've scheduled a 90-minute 'All Hands' for 2024-08-01 at 09:00.",False,,0,True,False,7.02e-05,2
int_output_only_gemini_20_flash_calendar_099_f80cd1,calendar_099,gemini_20_flash,calendar,output_only,Here are the events for 2024-07-22: Budget Review at 10:00 for 45 minutes with attendees alice@company.com and carol@company.com.,False,,0,False,True,9.480000000000001e-05,2
int_output_only_gemini_20_flash_toolbench_syn_0024_b1ec9c,toolbench_syn_0024,gemini_20_flash,medical,output_only,Patient P005 is currently taking Lisinopril and Aspirin.,False,,0,False,True,3.51e-05,2
int_output_only_gemini_20_flash_toolbench_syn_0022_317161,toolbench_syn_0022,gemini_20_flash,weather,output_only,"I am sorry, I cannot fulfill this request. The available tools do not allow specifying the number of days for the forecast.",False,,0,False,True,3.7800000000000004e-05,2
int_output_only_gemini_20_flash_weather_003_07ede6,weather_003,gemini_20_flash,weather,output_only,"I'm sorry, I don't have the ability to provide a forecast for a specific number of days. However, I can provide the weather forecast for Sydney for the upcoming days. Would you like me to do that?",False,,0,True,False,4.62e-05,2
int_output_only_gemini_20_flash_halueval_0088_b1f4d5,halueval_0088,gemini_20_flash,knowledge,output_only,I am unable to answer this question.,False,,0,False,True,3.7000000000000005e-05,2
int_output_only_gemini_20_flash_weather_019_6fa7c1,weather_019,gemini_20_flash,weather,output_only,"I'm sorry, but I cannot fulfill that request. The tool does not provide information about ""events"" on a weather station. I can only provide historical weather data, such as temperature, precipitation,",False,,0,True,False,8.14e-05,2
int_output_only_gemini_20_flash_medical_064_eac2ac,medical_064,gemini_20_flash,medical,output_only,OK. I have scheduled a checkup for patient P002 with doctor D003 on 2024-09-10.,False,,0,False,True,7.65e-05,2
int_output_only_gemini_20_flash_weather_077_d48f29,weather_077,gemini_20_flash,weather,output_only,I have retrieved the weather for Moscow on 2024-07-08 and the forecast for the next 5 days. I can now compare the weather on 2024-07-08 with the forecast to see if it will change.,False,,0,True,False,9.130000000000001e-05,2
int_output_only_gemini_20_flash_medical_054_0fc645,medical_054,gemini_20_flash,medical,output_only,OK. I have scheduled a checkup for patient P005 with doctor D002 on 2024-08-20.,False,,0,False,True,7.65e-05,2
int_output_only_gemini_20_flash_toolbench_syn_0014_526ef3,toolbench_syn_0014,gemini_20_flash,calendar,output_only,"Okay, I've scheduled the Design Review for next Monday at 14:00.",False,,0,True,False,5.22e-05,2
int_output_only_gemini_20_flash_halueval_0071_0779a8,halueval_0071,gemini_20_flash,knowledge,output_only,Am Rong and Alexandre Rockwell are both filmmakers.,False,,0,False,True,4.64e-05,2
int_output_only_gemini_20_flash_toolbench_syn_0051_6bbecd,toolbench_syn_0051,gemini_20_flash,medical,output_only,OK. I have scheduled a follow-up appointment for patient P002.,False,,0,True,False,4.8400000000000004e-05,2
int_output_only_gemini_20_flash_calendar_044_1b7bb0,calendar_044,gemini_20_flash,calendar,output_only,There are no events on 2024-09-01.,False,,0,True,False,3.56e-05,2
int_output_only_gemini_20_flash_halueval_0049_9ef275,halueval_0049,gemini_20_flash,knowledge,output_only,"No, a Gin and Tonic is based on gin, while a Paloma is based on tequila.",False,,0,False,True,5.36e-05,2
int_output_only_gemini_20_flash_calendar_034_994c93,calendar_034,gemini_20_flash,calendar,output_only,There are no events on 2024-08-01.,False,,0,True,False,3.56e-05,2
int_output_only_gemini_20_flash_calendar_080_5c1b83,calendar_080,gemini_20_flash,calendar,output_only,Event created.,False,,0,False,True,9.11e-05,2
int_output_only_gemini_20_flash_weather_067_968152,weather_067,gemini_20_flash,weather,output_only,"I have retrieved the current weather in Toronto for 2024-04-05 and the historical weather data for Toronto from 2023-01-01 to 2023-01-07. I can now compare them, but I need to present the actual weath",False,,0,True,False,0.0001103,2
int_output_only_gemini_20_flash_calendar_045_83322f,calendar_045,gemini_20_flash,calendar,output_only,Event EVT_4986 deleted.,False,,0,True,False,3.3700000000000006e-05,2
int_output_only_gemini_20_flash_halueval_0006_aab909,halueval_0006,gemini_20_flash,knowledge,output_only,The genus of moth in India (the world's seventh-largest country) that contains only one species is called Mona. The species is Monaeses humerata.,False,,0,False,True,6.42e-05,2
int_output_only_gemini_20_flash_medical_081_e2d046,medical_081,gemini_20_flash,medical,output_only,Interaction check complete. Please see results for details.,False,,0,False,True,5.7600000000000004e-05,2
int_output_only_gemini_20_flash_medical_070_fa98e6,medical_070,gemini_20_flash,medical,output_only,Appointment scheduled for patient P002 with doctor D001 on 2024-08-15.,False,,0,False,True,7.410000000000001e-05,2
int_output_only_gemini_20_flash_halueval_0066_ae0356,halueval_0066,gemini_20_flash,knowledge,output_only,I am unable to answer this question.,False,,0,False,True,4.0300000000000004e-05,2
int_early_interceptor_gemini_20_flash_weather_089_5ad44c,weather_089,gemini_20_flash,weather,early_interceptor,OK. I have retrieved the weather for Dubai on 2024-05-22 and the forecast for the next 5 days. You can now analyze the data to see if the weather will change.,False,,0,True,False,8.05e-05,2
int_early_interceptor_gemini_20_flash_halueval_0039_4586c4,halueval_0039,gemini_20_flash,knowledge,early_interceptor,I am unable to answer this question.,False,,0,False,True,4.46e-05,2
int_early_interceptor_gemini_20_flash_weather_097_5d6acf,weather_097,gemini_20_flash,weather,early_interceptor,"I have retrieved the current weather in Toronto for 2024-07-08 and the historical weather data for Toronto from 2023-01-01 to 2023-01-07. I can now compare these two datasets. However, I need to actua",False,,0,True,False,0.0001183,2
int_early_interceptor_gemini_20_flash_weather_051_fbbd9f,weather_051,gemini_20_flash,weather,early_interceptor,I have the weather for Singapore on 2024-03-10 and the 5-day forecast for Singapore. Please specify if you would like me to provide the information I have.,False,,0,True,False,8.3e-05,2
int_early_interceptor_gemini_20_flash_toolbench_syn_0003_b6a948,toolbench_syn_0003,gemini_20_flash,calendar,early_interceptor,"Okay, I have scheduled a Workshop for Monday, October 28, 2024 at 14:00.",False,,0,True,False,6.77e-05,2
int_early_interceptor_gemini_20_flash_calendar_032_fa3338,calendar_032,gemini_20_flash,calendar,early_interceptor,No events found for 2024-08-20.,False,,0,True,False,3.65e-05,2
int_early_interceptor_gemini_20_flash_calendar_100_01cc85,calendar_100,gemini_20_flash,calendar,early_interceptor,"Okay, I have created an event called 'Interview' on 2024-08-01 at 15:00 for 45 minutes.",False,,0,False,True,9.620000000000001e-05,2
int_early_interceptor_gemini_20_flash_medical_098_3bf880,medical_098,gemini_20_flash,medical,early_interceptor,OK. I have scheduled an emergency appointment for patient P004 with doctor D002 on 2024-11-01.,False,,0,False,True,8.04e-05,2
int_early_interceptor_gemini_20_flash_calendar_021_36edd3,calendar_021,gemini_20_flash,calendar,early_interceptor,Event created.,False,,0,True,False,5.2000000000000004e-05,2
int_early_interceptor_gemini_20_flash_toolbench_syn_0070_3581a0,toolbench_syn_0070,gemini_20_flash,medical,early_interceptor,Patient P004 is currently taking Lisinopril and Aspirin.,False,,0,False,True,3.51e-05,2
int_early_interceptor_gemini_20_flash_toolbench_syn_0058_d5ff83,toolbench_syn_0058,gemini_20_flash,weather,early_interceptor,"I do not have the ability to provide a specific ""yes"" or ""no"" answer regarding rain. However, I can provide the forecast for Berlin, and you can interpret the likelihood of rain from the forecast deta",False,,0,False,True,4.5600000000000004e-05,2
int_early_interceptor_gemini_20_flash_calendar_081_06b7f5,calendar_081,gemini_20_flash,calendar,early_interceptor,OK. I've created the 'Training Session' event and retrieved all events for 2024-07-02.,False,,0,True,False,8.8e-05,2
int_early_interceptor_gemini_20_flash_weather_038_3757ae,weather_038,gemini_20_flash,weather,early_interceptor,"I am sorry, I cannot fulfill this request. The available tools do not allow specifying the number of days for the forecast.",False,,0,True,False,3.7800000000000004e-05,2
int_early_interceptor_gemini_20_flash_weather_005_d8acb3,weather_005,gemini_20_flash,weather,early_interceptor,"I am sorry, I cannot fulfill this request. The available tools do not support specifying the next day. I can only provide the forecast for the upcoming days without specifying a particular day.",False,,0,True,False,4.7100000000000006e-05,2
int_early_interceptor_gemini_20_flash_calendar_061_6f22c8,calendar_061,gemini_20_flash,calendar,early_interceptor,"Here are the events for 2024-08-12:
- Strategy Meeting at 10:00 for 60 minutes with attendees: dave@company.com, frank@company.com",False,,0,False,True,9.44e-05,2
int_early_interceptor_gemini_20_flash_toolbench_syn_0004_1edfb5,toolbench_syn_0004,gemini_20_flash,weather,early_interceptor,I don't have the current date. Please provide the date to get the current weather in Mumbai.,False,,0,False,True,3.3600000000000004e-05,2
int_early_interceptor_gemini_20_flash_toolbench_syn_0074_f1a6b5,toolbench_syn_0074,gemini_20_flash,weather,early_interceptor,I don't have the current weather information for Paris. Please try again later.,False,,0,False,True,3.2000000000000005e-05,2
int_early_interceptor_gemini_20_flash_weather_094_c61352,weather_094,gemini_20_flash,weather,early_interceptor,"I have retrieved the current weather in Rome for 2024-09-30 and the historical weather data for Rome from 2023-01-01 to 2023-01-07. I can now compare the two datasets. However, I am unable to perform ",False,,0,True,False,0.00010670000000000002,2
int_early_interceptor_gemini_20_flash_calendar_089_b5b0ba,calendar_089,gemini_20_flash,calendar,early_interceptor,"OK. I've created the 'Client Call' event and here are all the events for 2024-08-05:
```json
[
  {
    ""id"": ""6464"",
    ""date"": ""2024-08-05"",
    ""start_time"": ""09:00"",
    ""duration"": 60,
    ""title",False,,0,True,False,0.0001284,2
int_early_interceptor_gemini_20_flash_halueval_0053_a2ecf9,halueval_0053,gemini_20_flash,knowledge,early_interceptor,"Cynthia Nixon received the 2004 Primetime Emmy Award for Outstanding Supporting Actress in a Comedy Series and a Screen Actors Guild Award for her performance in ""Sex and the City"". Although the Emmy ",False,,0,False,True,8.31e-05,2
int_early_interceptor_gemini_20_flash_weather_095_e09c34,weather_095,gemini_20_flash,weather,early_interceptor,I have retrieved the weather for Mumbai on 2024-01-15 and the forecast for the next 7 days. I can now compare them to see if the weather will change.,False,,0,True,False,8.450000000000001e-05,2
int_early_interceptor_gemini_20_flash_halueval_0068_ecfbc9,halueval_0068,gemini_20_flash,knowledge,early_interceptor,I am unable to answer this question.,False,,0,False,True,3.77e-05,2
int_early_interceptor_gemini_20_flash_toolbench_syn_0040_10fa39,toolbench_syn_0040,gemini_20_flash,medical,early_interceptor,Patient P004 is currently taking Lisinopril and Aspirin.,False,,0,False,True,3.51e-05,2
int_early_interceptor_gemini_20_flash_halueval_0007_009c6a,halueval_0007,gemini_20_flash,knowledge,early_interceptor,I am unable to answer this question.,False,,0,False,True,3.9200000000000004e-05,2
int_early_interceptor_gemini_20_flash_medical_093_17d78e,medical_093,gemini_20_flash,medical,early_interceptor,Interaction check complete. Please see results for details.,False,,0,False,True,6.4e-05,2
int_early_interceptor_gemini_20_flash_halueval_0008_f69aa0,halueval_0008,gemini_20_flash,knowledge,early_interceptor,I am unable to answer this question.,False,,0,False,True,3.5100000000000006e-05,2
int_early_interceptor_gemini_20_flash_medical_014_d547e3,medical_014,gemini_20_flash,medical,early_interceptor,Patient P005 has hypertension and diabetes.,False,,0,True,False,3.57e-05,2
int_early_interceptor_gemini_20_flash_calendar_088_e7b000,calendar_088,gemini_20_flash,calendar,early_interceptor,"Okay, I've created a 'Sprint Review' event on 2024-07-01 at 15:00 for 60 minutes.",False,,0,False,True,9.630000000000001e-05,2
int_early_interceptor_gemini_20_flash_toolbench_syn_0034_66d33a,toolbench_syn_0034,gemini_20_flash,calendar,early_interceptor,I cannot reliably answer this question.,True,Early interceptor L3: L3: answer has unsupported numbers: ['-23.'],0,False,False,0.000106,5
int_early_interceptor_gemini_20_flash_calendar_028_ccc001,calendar_028,gemini_20_flash,calendar,early_interceptor,Event scheduled.,False,,0,True,False,5.6999999999999996e-05,2
int_early_interceptor_gemini_20_flash_weather_007_5da243,weather_007,gemini_20_flash,weather,early_interceptor,The temperature in Istanbul on 2024-10-12 is 63 degrees Fahrenheit.,False,,0,True,False,4.7000000000000004e-05,2
int_early_interceptor_gemini_20_flash_weather_012_aea12a,weather_012,gemini_20_flash,weather,early_interceptor,The temperature in Singapore on 2024-06-15 was 84 degrees Fahrenheit.,False,,0,True,False,5.3e-05,2
int_early_interceptor_gemini_20_flash_halueval_0042_c4c68d,halueval_0042,gemini_20_flash,knowledge,early_interceptor,I am unable to answer this question.,False,,0,False,True,3.69e-05,2
int_early_interceptor_gemini_20_flash_medical_047_96c9d2,medical_047,gemini_20_flash,medical,early_interceptor,No interactions found between lisinopril and metoprolol.,False,,0,True,False,4.2600000000000005e-05,2
int_early_interceptor_gemini_20_flash_halueval_0025_411e8e,halueval_0025,gemini_20_flash,knowledge,early_interceptor,I am unable to answer this question.,False,,0,False,True,4.3e-05,2
int_early_interceptor_gemini_20_flash_toolbench_syn_0096_d2fa4d,toolbench_syn_0096,gemini_20_flash,weather,early_interceptor,"I cannot provide a single temperature for ""last week"" in Paris. The historical weather data for Paris between October 19, 2023 and October 25, 2023 would be needed to determine the temperature.",False,,0,False,True,9.48e-05,2
int_early_interceptor_gemini_20_flash_toolbench_syn_0045_08b00e,toolbench_syn_0045,gemini_20_flash,weather,early_interceptor,I don't have the current weather information for Tokyo. I can only access weather information for a specific date. Please provide a date for which you want to know the weather in Tokyo.,False,,0,False,True,4.0400000000000006e-05,2
int_early_interceptor_gemini_20_flash_weather_090_4ab4e5,weather_090,gemini_20_flash,weather,early_interceptor,I have retrieved the weather for Singapore on 2024-12-01 and the 7-day forecast for Singapore. Please specify if you would like me to present the information in a specific format.,False,,0,True,False,8.060000000000001e-05,2
int_early_interceptor_gemini_20_flash_halueval_0026_14c8e3,halueval_0026,gemini_20_flash,knowledge,early_interceptor,"New Faces of 1952 is a musical revue with songs and comedy skits, it helped jump start the career of Eartha Kitt, and American actress.",False,,0,False,True,6.1000000000000005e-05,2
int_early_interceptor_gemini_20_flash_weather_027_99fd93,weather_027,gemini_20_flash,weather,early_interceptor,"I'm sorry, I cannot fulfill this request. The available tools lack the functionality to provide temperature in Fahrenheit.",False,,0,True,False,5.380000000000001e-05,2
int_early_interceptor_gemini_20_flash_weather_078_2b153a,weather_078,gemini_20_flash,weather,early_interceptor,I have retrieved the weather for London on 2024-11-25 and the 7-day forecast for London. Please ask me to present the information when you are ready.,False,,0,True,False,8.260000000000002e-05,2
int_early_interceptor_gemini_20_flash_medical_063_5ee3b8,medical_063,gemini_20_flash,medical,early_interceptor,Interaction check complete. Please see results for details.,False,,0,False,True,5.780000000000001e-05,2
int_early_interceptor_gemini_20_flash_calendar_085_d60968,calendar_085,gemini_20_flash,calendar,early_interceptor,"Here are the events for 2024-07-22:
- Code Review Session from 09:00 to 09:30 with eve@company.com and carol@company.com",False,,0,True,False,9.410000000000001e-05,2
int_early_interceptor_gemini_20_flash_medical_008_5470e5,medical_008,gemini_20_flash,medical,early_interceptor,OK. I have scheduled an emergency appointment for patient P005 with doctor D001 on 2024-09-01.,False,,0,True,False,6.440000000000001e-05,2
int_early_interceptor_gemini_20_flash_weather_096_87447d,weather_096,gemini_20_flash,weather,early_interceptor,I have retrieved the weather for Mumbai on 2024-02-20 and the 7-day forecast for Mumbai. Please ask if you need any more information.,False,,0,True,False,7.780000000000001e-05,2
int_early_interceptor_gemini_20_flash_calendar_083_e1e0e6,calendar_083,gemini_20_flash,calendar,early_interceptor,OK. I've created the 'Team Standup' meeting and retrieved all events for 2024-08-01.,False,,0,True,False,8.93e-05,2
int_early_interceptor_gemini_20_flash_calendar_001_0f0958,calendar_001,gemini_20_flash,calendar,early_interceptor,Event created.,False,,0,True,False,4.1700000000000004e-05,2
int_early_interceptor_gemini_20_flash_halueval_0019_fbc851,halueval_0019,gemini_20_flash,knowledge,early_interceptor,Catherine Cortez Masto served as the 32nd Attorney General of Nevada.,False,,0,False,True,5.41e-05,2
int_early_interceptor_gemini_20_flash_medical_031_b9c3a3,medical_031,gemini_20_flash,medical,early_interceptor,"Okay, retrieving medical record for patient P004. Please wait.",False,,0,True,False,4.02e-05,2
int_early_interceptor_gemini_20_flash_toolbench_syn_0094_0e4436,toolbench_syn_0094,gemini_20_flash,medical,early_interceptor,There is a moderate interaction between atorvastatin and ibuprofen. Ibuprofen may increase the blood levels of atorvastatin. This can increase the risk of side effects such as muscle pain and weakness,False,,0,False,True,5.39e-05,2
int_early_interceptor_gemini_20_flash_calendar_056_827639,calendar_056,gemini_20_flash,calendar,early_interceptor,"Okay, I've created a 'Budget Review' event on 2024-07-10 at 13:00 for 45 minutes.",False,,0,False,True,0.0001039,2
int_early_interceptor_gemini_20_flash_medical_038_629513,medical_038,gemini_20_flash,medical,early_interceptor,OK. I have scheduled an emergency appointment for patient P003 with doctor D003 on 2024-08-20.,False,,0,True,False,6.36e-05,2
int_early_interceptor_gemini_20_flash_toolbench_syn_0053_e23624,toolbench_syn_0053,gemini_20_flash,weather,early_interceptor,"I'm sorry, I need a date to get the current weather. Please provide the date for which you want to know the weather in Berlin.",False,,0,False,True,3.72e-05,2
int_early_interceptor_gemini_20_flash_toolbench_syn_0062_b553fc,toolbench_syn_0062,gemini_20_flash,weather,early_interceptor,"I cannot provide a single temperature for the entire week. The historical weather data for Mumbai between October 19, 2023, and October 25, 2023, would contain a range of temperatures for each day. If",False,,0,False,True,0.0001004,2
int_early_interceptor_gemini_20_flash_toolbench_syn_0023_5eeb52,toolbench_syn_0023,gemini_20_flash,medical,early_interceptor,OK. I have scheduled a checkup appointment for patient P004.,False,,0,True,False,4.35e-05,2
int_early_interceptor_gemini_20_flash_weather_086_61893e,weather_086,gemini_20_flash,weather,early_interceptor,"I have the weather for Toronto on 2024-03-10 and the forecast for the next 5 days. I can now compare them to see if the weather will change. However, I cannot directly compare them myself. You will ne",False,,0,True,False,8.650000000000002e-05,2
int_early_interceptor_gemini_20_flash_calendar_072_954b50,calendar_072,gemini_20_flash,calendar,early_interceptor,[I need the event data to determine if the 16:00 slot is free before I can create the event.],False,,0,False,True,8.630000000000001e-05,2
int_early_interceptor_gemini_20_flash_toolbench_syn_0013_014944,toolbench_syn_0013,gemini_20_flash,medical,early_interceptor,OK. I have scheduled a specialist appointment for patient P004.,False,,0,True,False,4.7000000000000004e-05,2
int_early_interceptor_gemini_20_flash_calendar_054_c32f07,calendar_054,gemini_20_flash,calendar,early_interceptor,The 09:00 slot is not free.,False,,0,False,True,9.82e-05,5
int_early_interceptor_gemini_20_flash_toolbench_syn_0092_0a0df8,toolbench_syn_0092,gemini_20_flash,medical,early_interceptor,Patient P002 is currently taking Lisinopril and Aspirin.,False,,0,False,True,3.51e-05,2
int_early_interceptor_gemini_20_flash_weather_039_b480ff,weather_039,gemini_20_flash,weather,early_interceptor,"I'm sorry, I cannot fulfill this request. The tool does not provide information about events on a weather station, only historical weather data.",False,,0,True,False,6.220000000000001e-05,2
int_early_interceptor_gemini_20_flash_toolbench_syn_0093_e503ec,toolbench_syn_0093,gemini_20_flash,calendar,early_interceptor,I was unable to delete the event with ID 'EVT_MOCK_4078' because it was not found. Please double check the event details and try again.,False,,2,False,True,0.00018570000000000001,8
int_early_interceptor_gemini_20_flash_calendar_007_6d084f,calendar_007,gemini_20_flash,calendar,early_interceptor,No events found for 2024-07-15.,False,,0,True,False,3.65e-05,2
int_early_interceptor_gemini_20_flash_toolbench_syn_0048_3b3473,toolbench_syn_0048,gemini_20_flash,medical,early_interceptor,Patient P002 is currently taking Lisinopril and Aspirin.,False,,0,False,True,3.51e-05,2
int_early_interceptor_gemini_20_flash_weather_070_34143b,weather_070,gemini_20_flash,weather,early_interceptor,I need the output from the tools to compare the weather. Please provide the weather data.,False,,0,False,True,9.190000000000001e-05,2
int_early_interceptor_gemini_20_flash_halueval_0089_fc0bc5,halueval_0089,gemini_20_flash,knowledge,early_interceptor,The New Orleans Outfall Canals are not the same length as the Augusta Canal.,False,,0,False,True,5.36e-05,2
int_early_interceptor_gemini_20_flash_halueval_0028_a3c5a2,halueval_0028,gemini_20_flash,knowledge,early_interceptor,"The New Pornographers are a Canadian indie rock band and Kings of Leon are an American rock band. So, no, both are not American.",False,,0,False,True,5.380000000000001e-05,2
int_early_interceptor_gemini_20_flash_calendar_059_4ac59b,calendar_059,gemini_20_flash,calendar,early_interceptor,OK.,False,,0,False,True,7.790000000000001e-05,2
int_early_interceptor_gemini_20_flash_medical_045_656691,medical_045,gemini_20_flash,medical,early_interceptor,Patient P004 is currently taking Lisinopril and Aspirin.,False,,0,True,False,3.58e-05,2
int_early_interceptor_gemini_20_flash_weather_032_433560,weather_032,gemini_20_flash,weather,early_interceptor,The temperature in Seoul on 2024-01-15 was 28.0°F.,False,,0,True,False,5.94e-05,2
int_early_interceptor_gemini_20_flash_weather_009_1d97a9,weather_009,gemini_20_flash,weather,early_interceptor,"I'm sorry, but I cannot access specific weather events or conditions from the historical weather data. I can only provide the general weather data like temperature, precipitation, wind speed etc. for ",False,,0,True,False,6.46e-05,2
int_early_interceptor_gemini_20_flash_halueval_0085_517d67,halueval_0085,gemini_20_flash,knowledge,early_interceptor,The actor in the film D.C. Cab who also had a role in the TV series Barney Miller is Max Gail.,False,,0,False,True,5.57e-05,2
int_early_interceptor_gemini_20_flash_medical_068_7d0b8e,medical_068,gemini_20_flash,medical,early_interceptor,"Appointment scheduled for patient P002 with doctor D001, specialist, on 2024-09-01.",False,,0,False,True,7.76e-05,2
int_early_interceptor_gemini_20_flash_medical_034_dff0a2,medical_034,gemini_20_flash,medical,early_interceptor,Patient P003 has hypertension and diabetes.,False,,0,True,False,3.3700000000000006e-05,2
int_early_interceptor_gemini_20_flash_halueval_0001_c56774,halueval_0001,gemini_20_flash,knowledge,early_interceptor,The Oberoi Group has its head office in Delhi.,False,,0,False,True,5.31e-05,2
int_early_interceptor_gemini_20_flash_medical_062_d93a14,medical_062,gemini_20_flash,medical,early_interceptor,OK. I have scheduled a checkup for patient P002 with doctor D003 on 2024-08-05.,False,,0,False,True,7.61e-05,2
int_early_interceptor_gemini_20_flash_medical_092_055c39,medical_092,gemini_20_flash,medical,early_interceptor,OK. I have scheduled a checkup for patient P004 with doctor D005 on 2024-08-01.,False,,0,False,True,7.410000000000001e-05,2
int_early_interceptor_gemini_20_flash_calendar_033_d26a0c,calendar_033,gemini_20_flash,calendar,early_interceptor,Event scheduled.,False,,0,True,False,5.46e-05,2
int_early_interceptor_gemini_20_flash_calendar_099_e28260,calendar_099,gemini_20_flash,calendar,early_interceptor,Here are the events for 2024-07-22: Budget Review at 10:00 for 45 minutes with attendees alice@company.com and carol@company.com.,False,,0,False,True,9.480000000000001e-05,2
int_early_interceptor_gemini_20_flash_toolbench_syn_0024_199265,toolbench_syn_0024,gemini_20_flash,medical,early_interceptor,Patient P005 is currently taking Lisinopril and Aspirin.,False,,0,False,True,3.51e-05,2
int_early_interceptor_gemini_20_flash_toolbench_syn_0022_6da108,toolbench_syn_0022,gemini_20_flash,weather,early_interceptor,"I am sorry, I cannot fulfill this request. The available tools do not allow specifying the number of days for the forecast.",False,,0,False,True,3.7800000000000004e-05,2
int_early_interceptor_gemini_20_flash_weather_003_f138c3,weather_003,gemini_20_flash,weather,early_interceptor,"I'm sorry, I don't have the ability to provide a forecast for a specific number of days. However, I can provide the weather forecast for Sydney for the upcoming days. Would you like me to do that?",False,,0,True,False,4.62e-05,2
int_early_interceptor_gemini_20_flash_weather_019_946830,weather_019,gemini_20_flash,weather,early_interceptor,"I'm sorry, but I cannot fulfill that request. The tool does not provide information about ""events"" on a weather station. I can only provide historical weather data, such as temperature, precipitation,",False,,0,True,False,8.14e-05,2
int_early_interceptor_gemini_20_flash_halueval_0088_02b3f9,halueval_0088,gemini_20_flash,knowledge,early_interceptor,I am unable to answer this question.,False,,0,False,True,3.7000000000000005e-05,2
int_early_interceptor_gemini_20_flash_medical_064_c8b7f5,medical_064,gemini_20_flash,medical,early_interceptor,Appointment scheduled for patient P002 with doctor D003 on 2024-09-10.,False,,0,False,True,7.410000000000001e-05,2
int_early_interceptor_gemini_20_flash_medical_054_00d06f,medical_054,gemini_20_flash,medical,early_interceptor,OK. I have scheduled a checkup for patient P005 with doctor D002 on 2024-08-20.,False,,0,False,True,7.65e-05,2
int_early_interceptor_gemini_20_flash_weather_077_45f489,weather_077,gemini_20_flash,weather,early_interceptor,I have retrieved the weather for Moscow on 2024-07-08 and the forecast for the next 5 days. I can now compare the weather on 2024-07-08 with the forecast to see if it will change.,False,,0,True,False,9.130000000000001e-05,2
int_early_interceptor_gemini_20_flash_toolbench_syn_0014_011611,toolbench_syn_0014,gemini_20_flash,calendar,early_interceptor,"Okay, I have scheduled a Design Review for next Monday at 14:00.",False,,0,True,False,4.8200000000000006e-05,2
int_early_interceptor_gemini_20_flash_halueval_0071_ad365b,halueval_0071,gemini_20_flash,knowledge,early_interceptor,Am Rong and Alexandre Rockwell are both filmmakers.,False,,0,False,True,4.72e-05,2
int_early_interceptor_gemini_20_flash_toolbench_syn_0051_52f8ae,toolbench_syn_0051,gemini_20_flash,medical,early_interceptor,OK. I have scheduled a follow-up appointment for patient P002.,False,,0,True,False,4.160000000000001e-05,2
int_early_interceptor_gemini_20_flash_calendar_044_89ce0e,calendar_044,gemini_20_flash,calendar,early_interceptor,There are no events on 2024-09-01.,False,,0,True,False,3.56e-05,2
int_early_interceptor_gemini_20_flash_halueval_0049_e947aa,halueval_0049,gemini_20_flash,knowledge,early_interceptor,The Paloma is a cocktail based on tequila. A Gin and Tonic is not; it's based on gin.,False,,0,False,True,5.52e-05,2
int_early_interceptor_gemini_20_flash_calendar_080_be7efd,calendar_080,gemini_20_flash,calendar,early_interceptor,Event created.,False,,0,False,True,9.11e-05,2
int_early_interceptor_gemini_20_flash_calendar_034_ceb07f,calendar_034,gemini_20_flash,calendar,early_interceptor,There are no events on 2024-08-01.,False,,0,True,False,3.56e-05,2
int_early_interceptor_gemini_20_flash_weather_067_09cc5a,weather_067,gemini_20_flash,weather,early_interceptor,"I have retrieved the current weather in Toronto for 2024-04-05 and the historical weather data for Toronto from 2023-01-01 to 2023-01-07. I can now compare the two and provide a summary. However, I ne",False,,0,True,False,0.00012110000000000002,2
int_early_interceptor_gemini_20_flash_calendar_045_b5b88e,calendar_045,gemini_20_flash,calendar,early_interceptor,Event EVT_4986 deleted.,False,,0,True,False,3.3700000000000006e-05,2
int_early_interceptor_gemini_20_flash_halueval_0006_20c098,halueval_0006,gemini_20_flash,knowledge,early_interceptor,The genus of moth in India that contains only one species is called Monathesia. The only species in this genus is Monathesia albirufa.,False,,0,False,True,5.940000000000001e-05,2
int_early_interceptor_gemini_20_flash_medical_081_5a7dbd,medical_081,gemini_20_flash,medical,early_interceptor,Interaction check complete. Please see results for details.,False,,0,False,True,5.7600000000000004e-05,2
int_early_interceptor_gemini_20_flash_halueval_0066_aaf668,halueval_0066,gemini_20_flash,knowledge,early_interceptor,I am unable to answer this question.,False,,0,False,True,4.0300000000000004e-05,2
int_early_interceptor_gemini_20_flash_medical_070_d010c3,medical_070,gemini_20_flash,medical,early_interceptor,Appointment scheduled for patient P002 with doctor D001 on 2024-08-15.,False,,0,False,True,7.410000000000001e-05,2
