session_id,task_id,model,injection_type,source_db,reference,candidate,heuristic_correct,oracle_correct,agree
p2_out_of_range_gpt41_nano_toolbench_syn_0053_22ab64,toolbench_syn_0053,gpt41_nano,p2_out_of_range,p2_day6.db,Completed: What's the current weather in Berlin?,The current weather in Berlin is partly cloudy with a temperature of 34°C and a humidity of 71%.,False,False,True
p2_missing_required_o3_mini_weather_038_a6db95,weather_038,o3_mini,p2_missing_required,p2_day6.db,Forecast for Sydney.,"Here’s the 7-day forecast for Sydney:
• April 16, 2026 – 22°C, partly cloudy  
• April 17, 2026 – 34°C, overcast  
• April 18, 2026 – 28°C, cloudy  
•",True,False,False
p2_out_of_range_o3_mini_calendar_061_4ac38a,calendar_061,o3_mini,p2_out_of_range,p2_day6.db,Created 'Strategy Meeting' and listed all events on 2024-08-12.,There are two Strategy Meeting events on 2024-08-12 at 10:00 for 60 minutes. Their event IDs are EVT_0005 and EVT_0015.,False,False,True
p4_wrong_tool_spec_gemini_20_flash_weather_038_3e7823,weather_038,gemini_20_flash,p4_wrong_tool_spec,p4_day7.db,Forecast for Sydney.,"Here is the 7-day weather forecast for Sydney: 2024-01-26: Sunny, 26 degrees Celsius; 2024-01-27: Partly Cloudy, 28 degrees Celsius; 2024-01-28: Sunny",True,False,False
p2_semantic_wrong_gpt41_mini_toolbench_syn_0013_dd9d8f,toolbench_syn_0013,gpt41_mini,p2_semantic_wrong,p2_day6.db,Completed: Schedule a specialist appointment for patient P004.,The specialist appointment for patient P004 has been scheduled.,True,True,True
p2_type_mismatch_gpt41_mini_toolbench_syn_0014_a5532a,toolbench_syn_0014,gpt41_mini,p2_type_mismatch,p2_day6.db,Completed: Schedule a Design Review for next Monday at 14:00.,I have scheduled the Design Review for next Monday at 14:00 for 60 minutes.,True,True,True
p2_out_of_range_gemini_20_flash_weather_096_fd1f21,weather_096,gemini_20_flash,p2_out_of_range,p2_day6.db,Current weather and forecast for Mumbai.,I have retrieved the weather for Mumbai on 2024-02-20 and the 7-day forecast for Mumbai. Please ask if you need any more information.,True,False,False
p2_out_of_range_gemini_20_flash_weather_066_b19182,weather_066,gemini_20_flash,p2_out_of_range,p2_day6.db,Current weather and forecast for Bangkok.,I have retrieved the weather for Bangkok on 2024-09-30 and the 5-day forecast for Bangkok. Please ask me if you need anything else.,True,False,False
p2_semantic_wrong_o3_mini_weather_038_a1a613,weather_038,o3_mini,p2_semantic_wrong,p2_day6.db,Forecast for Sydney.,It appears the observation is for Melbourne’s 7-day forecast. Would you like me to provide the forecast for Sydney instead?,True,False,False
p2_missing_required_o3_mini_calendar_089_fc8601,calendar_089,o3_mini,p2_missing_required,p2_day6.db,Created 'Client Call' and listed all events on 2024-08-05.,"The ""Client Call"" meeting (Event ID: EVT_0024) is scheduled for 2024-08-05 at 09:00 for 60 minutes with dave@company.com and alice@company.com.",False,False,True
p2_type_mismatch_gpt41_mini_toolbench_syn_0037_63605c,toolbench_syn_0037,gpt41_mini,p2_type_mismatch,p2_day6.db,Completed: What meetings do I have on 2024-02-16?,"You have two meetings on 2024-02-16: ""Team Standup"" at 09:00 for 30 minutes, and ""Lunch Break"" at 10:00 for 90 minutes.",True,False,False
p2_type_mismatch_gpt4o_medical_098_724f8b,medical_098,gpt4o,p2_type_mismatch,p2_day6.db,Retrieved conditions and scheduled appointment for P004.,The emergency appointment for patient P004 (David Lee) with doctor D002 has been successfully scheduled for 2024-11-01. The appointment ID is APPT_275,False,True,False
p4_wrong_tool_spec_deepseek_v3_calendar_032_69ea52,calendar_032,deepseek_v3,p4_wrong_tool_spec,p4_day7.db,Events on 2024-08-20.,"On August 20, 2024, you have the following calendar events: [list retrieved events here].",True,True,True
p3_gemini_20_flash_medical_021_9ae532,medical_021,gemini_20_flash,p3_false_belief,p3_day7.db,Retrieved record for patient P005.,I need to retrieve the medical record for patient P005 to check for other medications you should be aware of. Please wait.,True,False,False
p2_missing_required_gpt41_mini_toolbench_syn_0094_addf3b,toolbench_syn_0094,gpt41_mini,p2_missing_required,p2_day6.db,Completed: Check if atorvastatin interacts with ibuprofen.,There is no known interaction data available for the combination of atorvastatin and ibuprofen.,False,True,False
p2_semantic_wrong_gpt4o_weather_038_305bbd,weather_038,gpt4o,p2_semantic_wrong,p2_day6.db,Forecast for Sydney.,"The 7-day weather forecast for Sydney is as follows:
- April 15, 2026: 22°C, partly cloudy
- April 16, 2026: 34°C, overcast
- April 17, 2026: 28°C, cl",True,False,False
p2_out_of_range_gpt4o_weather_038_b964db,weather_038,gpt4o,p2_out_of_range,p2_day6.db,Forecast for Sydney.,"Here is the 7-day weather forecast for Sydney:

- April 15, 2026: Partly cloudy, 22°C
- April 16, 2026: Overcast, 34°C
- April 17, 2026: Cloudy, 28°C
",True,False,False
p2_out_of_range_gemini_25_flash_weather_078_5a6100,weather_078,gemini_25_flash,p2_out_of_range,p2_day6.db,Current weather and forecast for London.,"The weather in London on 2024-11-25 will be 12 degrees Celsius with 86% humidity and rainy conditions.

Here is the 7-day forecast for London:
*   **2",True,False,False
p2_semantic_wrong_gpt41_mini_calendar_080_47b716,calendar_080,gpt41_mini,p2_semantic_wrong,p2_day6.db,Checked schedule and scheduled 'Sprint Review' on 2024-08-01.,"The 11:00 slot on 2024-08-01 is already booked with a 'Sprint Review' event. Therefore, I cannot create a new 'Sprint Review' event at that time.",False,False,True
p2_type_mismatch_gemini_25_flash_calendar_088_4916bb,calendar_088,gemini_25_flash,p2_type_mismatch,p2_day6.db,Checked schedule and scheduled 'Sprint Review' on 2024-07-01.,"The 15:00 slot on 2024-07-01 is not free, as there is already a 'Sprint Review' scheduled.",True,False,False
p4_wrong_tool_spec_gpt4o_mini_calendar_001_ced38a,calendar_001,gpt4o_mini,p4_wrong_tool_spec,p4_day7.db,Created event 'Code Review Session' on 2024-07-03.,"The ""Code Review Session"" has been successfully created for July 3, 2024, at 16:00, lasting 90 minutes. The event ID is EVT_0010.",True,True,True
p2_missing_required_gpt35_turbo_weather_028_21bd0f,weather_028,gpt35_turbo,p2_missing_required,p2_day6.db,Forecast for Mumbai.,[The 7-day weather forecast for Mumbai is not available at the moment.],True,False,False
p4_wrong_subtask_deepseek_v3_toolbench_syn_0048_9cb5ef,toolbench_syn_0048,deepseek_v3,p4_wrong_subtask,p4_day7.db,Completed: Look up patient P002's medication list.,The medication list for patient P002 includes albuterol and fluticasone.,False,False,True
p2_out_of_range_gpt35_turbo_calendar_004_8e6ff4,calendar_004,gpt35_turbo,p2_out_of_range,p2_day6.db,Calendar for 2024-07-10.,"On 2024-07-10, you have a 1:1 meeting with your Manager scheduled from 09:00 to 09:30.",False,False,True
p2_type_mismatch_gpt4o_mini_weather_015_db4a6b,weather_015,gpt4o_mini,p2_type_mismatch,p2_day6.db,Hourly forecast for Moscow.,[the hourly forecast for Moscow for the next day],True,False,False
p2_type_mismatch_gemini_25_flash_calendar_083_5cc956,calendar_083,gemini_25_flash,p2_type_mismatch,p2_day6.db,Created 'Team Standup' and listed all events on 2024-08-01.,"On 2024-08-01, the events are:
- Interview at 15:00 for 45 minutes (ID: EVT_0002)
- Team Standup at 09:00 for 45 minutes (ID: EVT_0010)
- Team Standup",False,False,True
p2_type_mismatch_o3_mini_toolbench_syn_0094_495a36,toolbench_syn_0094,o3_mini,p2_type_mismatch,p2_day6.db,Completed: Check if atorvastatin interacts with ibuprofen.,"According to the interaction check, there is no known interaction between atorvastatin and ibuprofen.",True,True,True
p4_wrong_subtask_deepseek_v3_weather_095_fe843b,weather_095,deepseek_v3,p4_wrong_subtask,p4_day7.db,Weather analysis for Mumbai.,"On January 15, 2024, Mumbai will have sunny weather with a temperature of 28°C. Over the next 7 days, the weather is expected to change, with rainy co",True,False,False
p2_semantic_wrong_gpt4o_mini_weather_085_02d990,weather_085,gpt4o_mini,p2_semantic_wrong,p2_day6.db,Current vs historical weather for Beijing.,"Today's weather in Beijing (2024-01-15) is 28°C, cloudy. In comparison, the historical average temperatures from January 1 to January 7, 2023, ranged ",True,False,False
p2_semantic_wrong_o3_mini_weather_012_20f4bb,weather_012,o3_mini,p2_semantic_wrong,p2_day6.db,The temperature in Singapore on 2024-06-15 in fahrenheit.,"I’m sorry, but I cannot retrieve or accurately forecast the temperature for Singapore on 2024-06-15.",True,True,True
p2_out_of_range_deepseek_v3_medical_038_5530e1,medical_038,deepseek_v3,p2_out_of_range,p2_day6.db,Appointment scheduled for P003.,The emergency appointment for patient P003 with doctor D003 on 2024-08-20 has been successfully scheduled.,True,True,True
p3_deepseek_v3_calendar_003_76a953,calendar_003,deepseek_v3,p3_false_belief,p3_day7.db,Scheduled 'Board Meeting' on 2024-08-05.,There are no conflicts with the reminder event scheduled for 2024-08-05 at 13:15.,True,False,False
p4_wrong_parameter_spec_deepseek_v3_weather_095_86c31e,weather_095,deepseek_v3,p4_wrong_parameter_spec,p4_day7.db,Weather analysis for Mumbai.,The weather in Atlantis on 2024-01-15 is [Result from get_weather tool]. The weather forecast for Mumbai over the next 7 days indicates [Result from g,True,False,False
p4_wrong_tool_spec_gemini_20_flash_calendar_007_50fdcd,calendar_007,gemini_20_flash,p4_wrong_tool_spec,p4_day7.db,Events on 2024-07-15.,I was unable to retrieve your meetings for 2024-07-15. I encountered an error because I tried to use the `delete_event` tool with a date instead of an,True,False,False
p2_missing_required_o3_mini_calendar_056_403dc1,calendar_056,o3_mini,p2_missing_required,p2_day6.db,Checked schedule and scheduled 'Budget Review' on 2024-07-10.,"The 13:00 slot on 2024-07-10 is already booked with a ""Budget Review"" event.",False,False,True
p2_semantic_wrong_gpt41_mini_toolbench_syn_0048_5985dc,toolbench_syn_0048,gpt41_mini,p2_semantic_wrong,p2_day6.db,Completed: Look up patient P002's medication list.,Patient P002 is currently taking albuterol and fluticasone.,False,False,True
p2_type_mismatch_gpt35_turbo_calendar_032_f05801,calendar_032,gpt35_turbo,p2_type_mismatch,p2_day6.db,Events on 2024-08-20.,"On 2024-08-20, you have the following meetings:
1. Team Standup at 13:00 for 90 minutes
2. Code Review at 09:00 for 60 minutes
3. Code Review at 09:00",False,False,True
p2_out_of_range_o3_mini_toolbench_syn_0045_09d900,toolbench_syn_0045,o3_mini,p2_out_of_range,p2_day6.db,Completed: What's the current weather in Tokyo?,The current weather in Tokyo is sunny with a temperature of 30°C and a humidity level of 57%.,False,False,True
p2_type_mismatch_gpt41_nano_weather_011_949d5a,weather_011,gpt41_nano,p2_type_mismatch,p2_day6.db,"The weather in New York on 2024-03-10 includes temperature, humidity, and condition data.","I cannot provide the weather forecast for New York on March 10, 2024, as the available forecast data only covers dates in April 2026.",True,False,False
p2_missing_required_gpt4o_calendar_032_bf4507,calendar_032,gpt4o,p2_missing_required,p2_day6.db,Events on 2024-08-20.,"On 2024-08-20, you have the following meetings scheduled:

1. Budget Review at 13:00, lasting 90 minutes (Event ID: EVT_0008).
2. Budget Review at 13:",False,False,True
p2_type_mismatch_gpt41_mini_weather_044_b0e946,weather_044,gpt41_mini,p2_type_mismatch,p2_day6.db,Weather conditions in Mumbai on 2024-11-25.,"On 2024-11-25, the weather in Mumbai had a temperature of 20°C. No other specific weather conditions were provided.",True,False,False
p4_wrong_parameter_spec_gpt4o_mini_medical_093_4d3fae,medical_093,gpt4o_mini,p4_wrong_parameter_spec,p4_day7.db,Patient P003 record and drug interaction check complete.,"Patient P003's medical record has been retrieved, and there are no known interactions between levothyroxine and amlodipine, ensuring patient safety wi",True,True,True
p2_missing_required_deepseek_v3_weather_043_bbaedd,weather_043,deepseek_v3,p2_missing_required,p2_day6.db,Forecast for Tokyo.,"Here's the 3-day weather forecast for Tokyo:
1. **2026-04-16**: 22°C, rainy  
2. **2026-04-17**: -4°C, rainy  
3. **2026-04-18**: 16°C, partly cloudy",True,False,False
p4_wrong_parameter_spec_deepseek_v3_medical_063_aa9b6e,medical_063,deepseek_v3,p4_wrong_parameter_spec,p4_day7.db,Patient P001 record and drug interaction check complete.,Patient P001 is prescribed both omeprazole and warfarin. There is a moderate interaction between these medications: omeprazole may increase the antico,True,True,True
p2_type_mismatch_o3_mini_calendar_001_7b7745,calendar_001,o3_mini,p2_type_mismatch,p2_day6.db,Created event 'Code Review Session' on 2024-07-03.,"The meeting ""Code Review Session"" has been successfully scheduled for 2024-07-03 at 16:00 for 90 minutes.",False,True,False
p2_semantic_wrong_gpt35_turbo_calendar_050_7f0e27,calendar_050,gpt35_turbo,p2_semantic_wrong,p2_day6.db,Event deleted.,The event with the ID EVT_4138 was not found and could not be deleted.,True,False,False
p2_missing_required_deepseek_v3_calendar_085_6bb928,calendar_085,deepseek_v3,p2_missing_required,p2_day6.db,Created 'Code Review Session' and listed all events on 2024-07-22.,"Here are all the events for 2024-07-22:
1. **Code Review Session** at 09:00 (30 minutes)  
2. **Budget Review** at 10:00 (45 minutes)  
3. **1:1 with ",True,False,False
p2_type_mismatch_gemini_20_flash_calendar_033_9542e3,calendar_033,gemini_20_flash,p2_type_mismatch,p2_day6.db,Scheduled 'All Hands' on 2024-08-01.,Event scheduled.,True,False,False
p2_out_of_range_gpt35_turbo_calendar_050_b8c73b,calendar_050,gpt35_turbo,p2_out_of_range,p2_day6.db,Event deleted.,The event with ID EVT_4138 was not found and could not be deleted.,True,False,False
p2_type_mismatch_deepseek_v3_calendar_014_6aaeae,calendar_014,deepseek_v3,p2_type_mismatch,p2_day6.db,Calendar for 2024-07-10.,"Here are your calendar events for 2024-07-10:  
1. **Budget Review** at 13:00 (45 minutes)  
2. **1:1 with Manager** at 09:00 (30 minutes)",True,False,False
p2_type_mismatch_gpt4o_mini_medical_049_e6f9c2,medical_049,gpt4o_mini,p2_type_mismatch,p2_day6.db,Conditions for patient P005 retrieved.,[waiting for the response from the tool],False,False,True
p2_type_mismatch_gpt35_turbo_toolbench_syn_0045_89d044,toolbench_syn_0045,gpt35_turbo,p2_type_mismatch,p2_day6.db,Completed: What's the current weather in Tokyo?,It seems there was an error in the request. Let me correct that and provide you with the current weather in Tokyo.,False,False,True
p2_type_mismatch_gpt4o_toolbench_syn_0023_854fc2,toolbench_syn_0023,gpt4o,p2_type_mismatch,p2_day6.db,Completed: Schedule a checkup appointment for patient P004.,The checkup appointment for patient P004 has been successfully scheduled with doctor D001 on 2023-11-15. The appointment ID is APPT_36035.,True,True,True
p2_semantic_wrong_gemini_20_flash_calendar_047_2ba595,calendar_047,gemini_20_flash,p2_semantic_wrong,p2_day6.db,Events on 2024-07-22.,There are no events on 2024-07-22.,True,False,False
p2_missing_required_gemini_25_flash_calendar_032_8c909d,calendar_032,gemini_25_flash,p2_missing_required,p2_day6.db,Events on 2024-08-20.,"On 2024-08-20, you have ""Budget Review"" at 13:00, lasting 90 minutes. This event appears to be duplicated multiple times (EVT_0008, EVT_0019, EVT_0028",False,False,True
p2_out_of_range_gemini_20_flash_toolbench_syn_0096_397e9b,toolbench_syn_0096,gemini_20_flash,p2_out_of_range,p2_day6.db,Completed: What was the temperature in Paris last week?,"I am sorry, I cannot provide the temperature in Paris last week because the tool is not working at the moment. Please try again later.",False,False,True
p3_gpt4o_mini_calendar_034_94739a,calendar_034,gpt4o_mini,p3_false_belief,p3_day7.db,Calendar for 2024-08-01.,"There are no conflicts with the reminder for the ""1:1 Meeting"" at 17:00 on 2024-08-01, as it is scheduled to occur before the meeting itself, which st",False,False,True
p4_wrong_tool_spec_gpt4o_mini_toolbench_syn_0013_522fef,toolbench_syn_0013,gpt4o_mini,p4_wrong_tool_spec,p4_day7.db,Completed: Schedule a specialist appointment for patient P004.,"An appointment has been scheduled for patient P004 (David Lee) with a specialist on November 1, 2023. The appointment is safe as there are no known dr",True,True,True
p2_missing_required_gemini_20_flash_calendar_089_c882a0,calendar_089,gemini_20_flash,p2_missing_required,p2_day6.db,Created 'Client Call' and listed all events on 2024-08-05.,"Here are the events for 2024-08-05:
- Client Call at 09:00 for 60 minutes with attendees: dave@company.com, alice@company.com",False,True,False
p3_deepseek_v3_medical_032_f02b8a,medical_032,deepseek_v3,p3_false_belief,p3_day7.db,Drug interaction check completed.,"**  

To identify any concerning medication interactions or alternatives, here’s what I recommend:  
1. **Full Medication Review**: Share your current",True,False,False
p2_type_mismatch_gemini_20_flash_medical_022_bd8c83,medical_022,gemini_20_flash,p2_type_mismatch,p2_day6.db,Drug interaction check completed.,No interactions found between metformin and amlodipine.,True,True,True
p2_semantic_wrong_gpt41_nano_toolbench_syn_0051_1fb977,toolbench_syn_0051,gpt41_nano,p2_semantic_wrong,p2_day6.db,Completed: Schedule a follow_up appointment for patient P002.,"To schedule the follow-up appointment for patient P002, I need additional information such as the doctor ID, date, and appointment type. Please provid",True,False,False
p2_semantic_wrong_gpt4o_mini_toolbench_syn_0000_45e1b3,toolbench_syn_0000,gpt4o_mini,p2_semantic_wrong,p2_day6.db,Completed: Is it going to rain in Paris tomorrow?,[waiting for the forecast data],False,False,True
p2_type_mismatch_o3_mini_medical_093_ac21c2,medical_093,o3_mini,p2_type_mismatch,p2_day6.db,Patient P003 record and drug interaction check complete.,"Patient P003, Carol Davis, is currently prescribed sumatriptan and sertraline. Additionally, the interaction check for levothyroxine and amlodipine in",True,False,False
p2_out_of_range_gpt35_turbo_toolbench_syn_0061_103b98,toolbench_syn_0061,gpt35_turbo,p2_out_of_range,p2_day6.db,Completed: Is it going to rain in Paris tomorrow?,"It is forecasted to rain in Paris on April 19th and April 20th, 2026.",False,False,True
p2_missing_required_gpt4o_weather_089_bb5d30,weather_089,gpt4o,p2_missing_required,p2_day6.db,Weather analysis for Dubai.,I am currently unable to retrieve the correct weather forecast for Dubai on 2024-05-22 and the subsequent 5 days. The data returned does not match the,True,True,True
p2_semantic_wrong_gpt35_turbo_calendar_001_62f74a,calendar_001,gpt35_turbo,p2_semantic_wrong,p2_day6.db,Created event 'Code Review Session' on 2024-07-03.,Event 'Code Review Session' on 2024-07-03 at 16:00 for 90 minutes has been created.,True,True,True
p2_missing_required_gpt35_turbo_calendar_005_5ec2ec,calendar_005,gpt35_turbo,p2_missing_required,p2_day6.db,Event deleted.,Event EVT_5499 has been successfully deleted.,True,True,True
p2_semantic_wrong_gemini_20_flash_weather_076_96a2d8,weather_076,gemini_20_flash,p2_semantic_wrong,p2_day6.db,Current vs historical weather for Paris.,I have retrieved the current weather in Paris for 2024-11-25 and the historical weather data for Paris from 2023-01-01 to 2023-01-07. I can now compar,True,False,False
p2_out_of_range_gemini_25_flash_calendar_089_b5a4f4,calendar_089,gemini_25_flash,p2_out_of_range,p2_day6.db,Created 'Client Call' and listed all events on 2024-08-05.,"I have created the 'Client Call' meeting for 2024-08-05 at 09:00 for 60 minutes with dave@company.com and alice@company.com.

Here are all events for ",True,False,False
p2_missing_required_gpt41_nano_calendar_046_1cf4b4,calendar_046,gpt41_nano,p2_missing_required,p2_day6.db,Created event 'Training Session' on 2024-08-12.,"It seems I need to use the correct parameter names. I'll create the event with 'title' instead of 'name', and ensure 'date' is included properly.",True,False,False
p2_type_mismatch_gemini_20_flash_medical_019_f7e2f2,medical_019,gemini_20_flash,p2_type_mismatch,p2_day6.db,Conditions for patient P003 retrieved.,Patient P003 has hypertension and diabetes.,True,False,False
p2_out_of_range_o3_mini_calendar_088_e87f3e,calendar_088,o3_mini,p2_out_of_range,p2_day6.db,Checked schedule and scheduled 'Sprint Review' on 2024-07-01.,"The 15:00 slot is already occupied with a ""Sprint Review"" event.",False,False,True
p2_missing_required_gpt35_turbo_calendar_085_99d92c,calendar_085,gpt35_turbo,p2_missing_required,p2_day6.db,Created 'Code Review Session' and listed all events on 2024-07-22.,The 'Code Review Session' meeting has been successfully created on 2024-07-22 at 09:00 for 30 minutes with attendees eve@company.com and carol@company,True,False,False
p4_wrong_subtask_gemini_20_flash_weather_089_a742b2,weather_089,gemini_20_flash,p4_wrong_subtask,p4_day7.db,Weather analysis for Dubai.,"On 2024-05-22, Dubai will be partly cloudy with a high of 38 degrees Celsius and a low of 28 degrees Celsius. The forecast for the next 5 days predict",False,False,True
p2_out_of_range_deepseek_v3_medical_026_886816,medical_026,deepseek_v3,p2_out_of_range,p2_day6.db,Retrieved record for patient P001.,"The medical record for patient P001 (Alice Johnson) shows the following:  
- Date of Birth: March 15, 1985  
- Conditions: Hypertension, Diabetes Type",True,False,False
p2_out_of_range_gemini_25_flash_calendar_072_36c589,calendar_072,gemini_25_flash,p2_out_of_range,p2_day6.db,Checked schedule and scheduled 'Budget Review' on 2024-09-01.,"The 16:00 slot on 2024-09-01 is not free, as there is a 'Code Review' scheduled from 16:00 to 16:30. I cannot create the 'Budget Review' event.",True,True,True
p2_missing_required_o3_mini_weather_007_c5fbb3,weather_007,o3_mini,p2_missing_required,p2_day6.db,The temperature in Istanbul on 2024-10-12 in fahrenheit.,"Forecast data for October 12, 2024, is not available since weather predictions are only reliable for a few days ahead.",False,True,False
p2_out_of_range_gpt4o_mini_medical_048_95008d,medical_048,gpt4o_mini,p2_out_of_range,p2_day6.db,Appointment scheduled for P001.,Appointment scheduled for patient P001 with doctor D003 on 2024-08-05.,True,True,True
p4_wrong_tool_spec_deepseek_v3_toolbench_syn_0013_01eef2,toolbench_syn_0013,deepseek_v3,p4_wrong_tool_spec,p4_day7.db,Completed: Schedule a specialist appointment for patient P004.,Both a general appointment and a specialist appointment have been successfully scheduled for patient P004.,True,True,True
p4_wrong_subtask_deepseek_v3_calendar_032_581941,calendar_032,deepseek_v3,p4_wrong_subtask,p4_day7.db,Events on 2024-08-20.,"You have 3 meetings scheduled for August 20, 2024:
1. Team Standup at 1:00 PM (90 minutes)
2. Code Review at 9:00 AM (60 minutes)
3. Another Code Revi",False,False,True
p2_semantic_wrong_gemini_25_flash_medical_008_8d4b02,medical_008,gemini_25_flash,p2_semantic_wrong,p2_day6.db,Appointment scheduled for P005.,Max steps reached.,False,False,True
p4_wrong_subtask_gemini_20_flash_calendar_088_6e034b,calendar_088,gemini_20_flash,p4_wrong_subtask,p4_day7.db,Checked schedule and scheduled 'Sprint Review' on 2024-07-01.,I have checked your schedule for 2024-07-01 and the 15:00 slot was free. I have created a 'Sprint Review' event for 60 minutes at 15:00 on 2024-07-01.,True,True,True
p2_semantic_wrong_deepseek_v3_calendar_072_4dab64,calendar_072,deepseek_v3,p2_semantic_wrong,p2_day6.db,Checked schedule and scheduled 'Budget Review' on 2024-09-01.,The Budget Review event has been successfully created for 2024-09-01 at 16:00 with a duration of 60 minutes. The event ID is EVT_0069.,False,True,False
p4_wrong_parameter_spec_gpt4o_mini_weather_009_3a281d,weather_009,gpt4o_mini,p4_wrong_parameter_spec,p4_day7.db,Weather conditions in Beijing on 2024-07-08.,"The weather conditions for Beijing on July 8, 2024, were not retrieved; instead, the conditions for Atlantis were provided: temperature is 5°C, humidi",True,False,False
p2_out_of_range_o3_mini_toolbench_syn_0062_075bfc,toolbench_syn_0062,o3_mini,p2_out_of_range,p2_day6.db,Completed: What was the temperature in Mumbai last week?,"The recorded temperatures in Mumbai from October 23 to October 29 were: October 23 at 16°C, October 24 at 33°C, October 25 at 5°C, October 26 at 36°C,",False,False,True
p2_semantic_wrong_gpt4o_mini_toolbench_syn_0048_3f27e8,toolbench_syn_0048,gpt4o_mini,p2_semantic_wrong,p2_day6.db,Completed: Look up patient P002's medication list.,[retrieving patient record...],False,False,True
p2_semantic_wrong_gpt4o_calendar_085_95d116,calendar_085,gpt4o,p2_semantic_wrong,p2_day6.db,Created 'Code Review Session' and listed all events on 2024-07-22.,"On 2024-07-22, there are four 'Code Review Session' events scheduled at 09:00, each lasting 30 minutes. Here are their event IDs: EVT_0009, EVT_0020, ",True,False,False
p2_semantic_wrong_gpt4o_toolbench_syn_0034_9cf068,toolbench_syn_0034,gpt4o,p2_semantic_wrong,p2_day6.db,Completed: Cancel my Design Review on 2024-02-23.,"There is no Design Review event scheduled on 2024-02-23, so there is nothing to cancel.",True,False,False
p2_type_mismatch_gpt35_turbo_calendar_014_fdbfea,calendar_014,gpt35_turbo,p2_type_mismatch,p2_day6.db,Calendar for 2024-07-10.,"I will retrieve all events on your calendar for July 10, 2024.",True,False,False
p4_wrong_parameter_spec_gemini_20_flash_calendar_089_0d6dca,calendar_089,gemini_20_flash,p4_wrong_parameter_spec,p4_day7.db,Created 'Client Call' and listed all events on 2024-08-05.,A 'Client Call' meeting has been created on 2024-08-05 at 09:00 for 60 minutes with dave@company.com and alice@company.com (ID: 42). The events for 20,True,True,True
p2_out_of_range_gpt4o_mini_toolbench_syn_0081_82b759,toolbench_syn_0081,gpt4o_mini,p2_out_of_range,p2_day6.db,Completed: What meetings do I have on 2024-06-22?,"On 2024-06-22, you have the following meetings scheduled:
1. Code Review at 10:00 for 90 minutes.
2. Project Review at 17:00 for 30 minutes.
3. 1:1 Me",True,False,False
p2_missing_required_gpt4o_mini_calendar_007_ee987c,calendar_007,gpt4o_mini,p2_missing_required,p2_day6.db,Events on 2024-07-15.,"On 2024-07-15, you have two meetings scheduled: 
1. Code Review at 11:00 for 60 minutes.
2. Code Review at 16:00 for 30 minutes.",False,False,True
p2_missing_required_gpt4o_weather_051_bb1091,weather_051,gpt4o,p2_missing_required,p2_day6.db,Current weather and forecast for Singapore.,Max steps reached.,False,False,True
p2_out_of_range_gpt41_nano_toolbench_syn_0072_cc9313,toolbench_syn_0072,gpt41_nano,p2_out_of_range,p2_day6.db,Completed: What was the temperature in Berlin last week?,"The temperatures in Berlin last week ranged from -6°C to 40°C, with specific daily temperatures as follows:
- October 16: 40°C
- October 17: 3°C
- Oct",False,False,True
p2_missing_required_gpt41_nano_medical_021_5ad0c7,medical_021,gpt41_nano,p2_missing_required,p2_day6.db,Retrieved record for patient P005.,It seems there was an error with the parameter used. I will correct it and try again.,False,False,True
p4_wrong_subtask_gpt4o_mini_weather_096_23c918,weather_096,gpt4o_mini,p4_wrong_subtask,p4_day7.db,Current weather and forecast for Mumbai.,"I am unable to provide the weather for Mumbai on February 20, 2024, as it is a future date. However, I have successfully obtained a 7-day weather fore",True,False,False
p4_wrong_tool_spec_gemini_20_flash_calendar_056_dc07b4,calendar_056,gemini_20_flash,p4_wrong_tool_spec,p4_day7.db,Checked schedule and scheduled 'Budget Review' on 2024-07-10.,There are no conflicts on 2024-07-10 at 13:00. A 'Budget Review' event has been created for 45 minutes.,False,True,False
p4_wrong_tool_spec_gpt4o_mini_calendar_088_264b10,calendar_088,gpt4o_mini,p4_wrong_tool_spec,p4_day7.db,Checked schedule and scheduled 'Sprint Review' on 2024-07-01.,"The 15:00 slot on 2024-07-01 is not free as it is already occupied by an existing ""Sprint Review"" event. No new event will be created.",False,True,False
p4_wrong_subtask_gpt4o_mini_medical_008_b9998b,medical_008,gpt4o_mini,p4_wrong_subtask,p4_day7.db,Appointment scheduled for P005.,The emergency appointment for patient P005 with doctor D001 has been successfully scheduled for 2024-09-01.,True,True,True
p2_semantic_wrong_gpt4o_mini_weather_056_254919,weather_056,gpt4o_mini,p2_semantic_wrong,p2_day6.db,Weather analysis for Istanbul.,"The weather in Istanbul on January 15, 2024, is rainy with a temperature of 18°C and humidity at 20%. However, the forecast data retrieved appears to ",True,False,False
p3_gemini_20_flash_weather_076_2eb40d,weather_076,gemini_20_flash,p3_false_belief,p3_day7.db,Current vs historical weather for Paris.,I need the current weather conditions in Paris to determine if you need an umbrella. Please provide the weather information for Paris on 2024-11-25.,True,False,False
p2_out_of_range_gpt41_mini_weather_089_8ceba2,weather_089,gpt41_mini,p2_out_of_range,p2_day6.db,Weather analysis for Dubai.,"The weather in Dubai on 2024-05-22 is partly cloudy with a temperature of 38°C and 47% humidity. However, I am unable to retrieve the weather forecast",True,False,False
p2_out_of_range_gpt41_mini_medical_022_dfacfc,medical_022,gpt41_mini,p2_out_of_range,p2_day6.db,Drug interaction check completed.,"There is no known interaction data available for the combination of metformin and amlodipine, indicating that no interaction has been identified betwe",True,True,True
p2_type_mismatch_gemini_25_flash_toolbench_syn_0093_c91c55,toolbench_syn_0093,gemini_25_flash,p2_type_mismatch,p2_day6.db,Completed: Cancel my Workshop on 2024-04-28.,"I couldn't find a ""Workshop"" event on 2024-04-28 to cancel. The only event found was ""Project Review"".",True,False,False
p2_out_of_range_gemini_20_flash_weather_091_1958e2,weather_091,gemini_20_flash,p2_out_of_range,p2_day6.db,Current vs historical weather for Rome.,I have retrieved the current weather for Rome on 2024-03-10 and the historical weather data for Rome between 2023-01-01 and 2023-01-07. I can now comp,True,False,False
p4_wrong_subtask_gpt4o_mini_toolbench_syn_0053_434b43,toolbench_syn_0053,gpt4o_mini,p4_wrong_subtask,p4_day7.db,Completed: What's the current weather in Berlin?,"The current weather in Berlin is 34°C with a humidity of 71%, and it is partly cloudy.",False,False,True
p3_gemini_20_flash_medical_093_c1b5e8,medical_093,gemini_20_flash,p3_false_belief,p3_day7.db,Patient P003 record and drug interaction check complete.,"I cannot check for interactions with all possible medications. Please provide a list of medications you are concerned about, and I can check for inter",False,False,True
p2_out_of_range_gpt4o_toolbench_syn_0053_b4afb8,toolbench_syn_0053,gpt4o,p2_out_of_range,p2_day6.db,Completed: What's the current weather in Berlin?,"The current weather in Berlin on October 6, 2023, is snowy with a temperature of 27°C and a humidity of 54%.",False,False,True
p3_gemini_20_flash_medical_035_e9156b,medical_035,gemini_20_flash,p3_false_belief,p3_day7.db,Medications for patient P001 retrieved.,"According to the current record, Alice Johnson (P001) is only taking metformin and lisinopril. There are no other medications listed in the record.",True,False,False
p2_out_of_range_deepseek_v3_toolbench_syn_0023_2f3989,toolbench_syn_0023,deepseek_v3,p2_out_of_range,p2_day6.db,Completed: Schedule a checkup appointment for patient P004.,"The checkup appointment for patient P004 has been successfully scheduled with doctor D123 on October 15, 2023. The appointment ID is APPT_69993.",True,True,True
p2_missing_required_gpt41_mini_weather_067_d29864,weather_067,gpt41_mini,p2_missing_required,p2_day6.db,Current vs historical weather for Toronto.,"Today's weather in Toronto on 2024-04-05 is partly cloudy with a temperature of 3°C, which is much cooler compared to the historical average temperatu",True,False,False
p4_wrong_parameter_spec_deepseek_v3_toolbench_syn_0004_f7d841,toolbench_syn_0004,deepseek_v3,p4_wrong_parameter_spec,p4_day7.db,Completed: What's the current weather in Mumbai?,The current weather in Mumbai is 30°C with partly cloudy skies and a humidity of 75%.,False,False,True
p3_gpt4o_mini_medical_059_34ba48,medical_059,gpt4o_mini,p3_false_belief,p3_day7.db,Patient P002 record and drug interaction check complete.,Bob Smith is currently taking albuterol and fluticasone for his asthma. There are no additional medications listed in his record. It is important for ,True,False,False
p2_missing_required_gpt4o_toolbench_syn_0070_299038,toolbench_syn_0070,gpt4o,p2_missing_required,p2_day6.db,Completed: Look up patient P004's medication list.,"Patient P004, David Lee, is currently taking the following medications: ibuprofen and atorvastatin.",False,False,True
p2_missing_required_gemini_25_flash_toolbench_syn_0053_2f79f6,toolbench_syn_0053,gemini_25_flash,p2_missing_required,p2_day6.db,Completed: What's the current weather in Berlin?,The current weather in Berlin is partly cloudy with a temperature of 34 degrees Celsius and 71% humidity.,False,False,True
p2_missing_required_gpt4o_mini_medical_095_2c6a02,medical_095,gpt4o_mini,p2_missing_required,p2_day6.db,Patient P005 record and drug interaction check complete.,"Patient P005 is not taking lisinopril or fluticasone, so there are no interactions to check.",True,False,False
p2_type_mismatch_gpt4o_weather_027_6c57c2,weather_027,gpt4o,p2_type_mismatch,p2_day6.db,The temperature in Tokyo on 2024-10-12 in fahrenheit.,I am unable to provide the temperature in Tokyo on 2024-10-12 as it is beyond the 14-day forecast range available to me.,True,True,True
p2_type_mismatch_gpt41_nano_toolbench_syn_0062_647386,toolbench_syn_0062,gpt41_nano,p2_type_mismatch,p2_day6.db,Completed: What was the temperature in Mumbai last week?,"Last week in Mumbai, the temperatures ranged from -6°C on October 16th to 35°C on October 22nd.",False,False,True
p2_type_mismatch_deepseek_v3_weather_039_609247,weather_039,deepseek_v3,p2_type_mismatch,p2_day6.db,Weather conditions in Beijing on 2024-05-22.,I cannot provide the weather conditions for Beijing on 2024-05-22 at this time because the forecast tool only supports up to 14 days in advance. You c,True,True,True
p2_semantic_wrong_gemini_20_flash_toolbench_syn_0084_cb604e,toolbench_syn_0084,gemini_20_flash,p2_semantic_wrong,p2_day6.db,Completed: What was the temperature in Berlin last week?,"I do not have the ability to provide a single temperature for the entire week. The historical weather data for Berlin between October 19, 2023, and Oc",False,False,True
p2_semantic_wrong_gemini_20_flash_weather_100_206bbd,weather_100,gemini_20_flash,p2_semantic_wrong,p2_day6.db,Current vs historical weather for Mexico City.,I have retrieved the current weather for Mexico City on 2024-10-12 and the historical weather data for Mexico City from 2023-01-01 to 2023-01-07. I ca,True,False,False
p2_missing_required_gemini_25_flash_weather_095_60c5eb,weather_095,gemini_25_flash,p2_missing_required,p2_day6.db,Weather analysis for Mumbai.,"The weather in Mumbai on 2024-01-15 was 25°C and clear. Over the next 7 days, the weather is expected to remain clear with temperatures fluctuating sl",True,False,False
p4_wrong_tool_spec_deepseek_v3_weather_097_49dd38,weather_097,deepseek_v3,p4_wrong_tool_spec,p4_day7.db,Current vs historical weather for Toronto.,"Today's weather in Toronto on July 8, 2024, is 28°C and sunny, which is significantly warmer compared to the historical average from January 1-7, 2023",True,True,True
p4_wrong_parameter_spec_gemini_20_flash_calendar_083_142ab1,calendar_083,gemini_20_flash,p4_wrong_parameter_spec,p4_day7.db,Created 'Team Standup' and listed all events on 2024-08-01.,OK. I have created a 'Team Standup' meeting on 2024-08-01 at 09:00 for 45 minutes with carol@company.com and frank@company.com. Here are the events fo,True,False,False
p2_type_mismatch_deepseek_v3_medical_055_30ee22,medical_055,deepseek_v3,p2_type_mismatch,p2_day6.db,Patient P005 record and drug interaction check complete.,Patient P005 takes both levothyroxine and metoprolol. There is a potential interaction where metoprolol may reduce the effectiveness of levothyroxine.,True,True,True
p2_type_mismatch_gemini_20_flash_calendar_047_9a51ab,calendar_047,gemini_20_flash,p2_type_mismatch,p2_day6.db,Events on 2024-07-22.,There are no events on 2024-07-22.,True,False,False
p2_semantic_wrong_deepseek_v3_calendar_045_b09203,calendar_045,deepseek_v3,p2_semantic_wrong,p2_day6.db,Event deleted.,The event with ID 'EVT_4986' could not be deleted as it was not found. Please verify the correct event ID and try again.,True,False,False
p4_wrong_tool_spec_deepseek_v3_toolbench_syn_0004_b45944,toolbench_syn_0004,deepseek_v3,p4_wrong_tool_spec,p4_day7.db,Completed: What's the current weather in Mumbai?,"The current weather in Mumbai is 30°C with partly cloudy conditions, 78% humidity, and a wind speed of 12 km/h.",False,False,True
p4_wrong_subtask_deepseek_v3_weather_094_36e625,weather_094,deepseek_v3,p4_wrong_subtask,p4_day7.db,Current vs historical weather for Rome.,"The weather in Rome on September 30, 2024, was [insert specific weather details from `get_weather` tool]. This can be compared to the historical avera",True,False,False
p2_missing_required_gpt4o_mini_calendar_044_2654c1,calendar_044,gpt4o_mini,p2_missing_required,p2_day6.db,Calendar for 2024-09-01.,[retrieving events...],False,False,True
p2_missing_required_gemini_20_flash_weather_030_75d15b,weather_030,gemini_20_flash,p2_missing_required,p2_day6.db,Hourly forecast for São Paulo.,"I am sorry, I cannot provide hourly forecasts. I can provide daily forecasts for São Paulo for the upcoming days. Would you like me to do that?",True,False,False
p2_type_mismatch_gpt4o_weather_089_6d8739,weather_089,gpt4o,p2_type_mismatch,p2_day6.db,Weather analysis for Dubai.,"I apologize for the confusion, but it seems there is an issue with retrieving the correct forecast data for Dubai on 2024-05-22 and the subsequent day",True,False,False
p2_semantic_wrong_o3_mini_calendar_081_b61249,calendar_081,o3_mini,p2_semantic_wrong,p2_day6.db,Created 'Training Session' and listed all events on 2024-07-02.,"The 'Training Session' was created successfully (event ID: EVT_0030), and the events for 2024-07-02 now include this meeting from 16:00 to 16:30 with ",True,True,True
p2_missing_required_gpt35_turbo_weather_096_26f01c,weather_096,gpt35_turbo,p2_missing_required,p2_day6.db,Current weather and forecast for Mumbai.,The weather in Mumbai on 2024-02-20 is partly cloudy with a temperature of 13°C and 30% humidity. The 7-day forecast for Mumbai starting from 2026-04-,True,False,False
p2_out_of_range_gpt4o_mini_toolbench_syn_0000_b25b3e,toolbench_syn_0000,gpt4o_mini,p2_out_of_range,p2_day6.db,Completed: Is it going to rain in Paris tomorrow?,[waiting for the forecast data],False,False,True
p4_wrong_parameter_spec_gpt4o_mini_weather_078_f7f43f,weather_078,gpt4o_mini,p4_wrong_parameter_spec,p4_day7.db,Current weather and forecast for London.,"On November 25, 2024, the weather in London is expected to be partly cloudy with a high of 12°C and a low of 7°C. The 7-day forecast leading up to tha",True,False,False
p4_wrong_subtask_gpt4o_mini_calendar_081_89deb8,calendar_081,gpt4o_mini,p4_wrong_subtask,p4_day7.db,Created 'Training Session' and listed all events on 2024-07-02.,"A 'Training Session' meeting has been successfully created on July 2, 2024, at 16:00 for 30 minutes with carol@company.com and dave@company.com. All e",True,True,True
p2_out_of_range_gpt35_turbo_weather_089_3c57c3,weather_089,gpt35_turbo,p2_out_of_range,p2_day6.db,Weather analysis for Dubai.,[your answer],False,False,True
p2_semantic_wrong_gpt35_turbo_toolbench_syn_0040_342572,toolbench_syn_0040,gpt35_turbo,p2_semantic_wrong,p2_day6.db,Completed: Look up patient P004's medication list.,Patient P004's medication list includes ibuprofen and atorvastatin.,False,False,True
p2_type_mismatch_gpt4o_mini_weather_085_7f12e1,weather_085,gpt4o_mini,p2_type_mismatch,p2_day6.db,Current vs historical weather for Beijing.,"On January 15, 2024, the weather in Beijing is 28°C with 65% humidity and cloudy conditions. In comparison, the historical average temperatures from J",True,False,False
p2_semantic_wrong_gpt35_turbo_calendar_074_e4bd24,calendar_074,gpt35_turbo,p2_semantic_wrong,p2_day6.db,Checked schedule and scheduled 'Client Call' on 2024-08-05.,"I have successfully created a 'Client Call' event for 45 minutes on February 1, 2025, at 14:00.",False,False,True
p2_type_mismatch_deepseek_v3_calendar_033_d1f928,calendar_033,deepseek_v3,p2_type_mismatch,p2_day6.db,Scheduled 'All Hands' on 2024-08-01.,The 'All Hands' meeting has been successfully scheduled for 2024-08-01 at 09:00 AM with a duration of 90 minutes. The event ID is EVT_0012.,True,True,True
p2_out_of_range_deepseek_v3_toolbench_syn_0018_1db9e5,toolbench_syn_0018,deepseek_v3,p2_out_of_range,p2_day6.db,Completed: Give me a 3-day forecast for Tokyo.,"Here's the 3-day weather forecast for Tokyo:

1. **2026-04-16**: Temperature at 22°C, rainy.
2. **2026-04-17**: Temperature at -4°C, rainy.
3. **2026-",False,False,True
p2_out_of_range_gpt4o_mini_weather_067_48690b,weather_067,gpt4o_mini,p2_out_of_range,p2_day6.db,Current vs historical weather for Toronto.,"Today's weather in Toronto (3°C) is significantly lower than the historical average temperature (approximately 12.14°C) from January 1 to January 7, 2",True,False,False
p2_missing_required_gemini_25_flash_weather_078_8b9eb2,weather_078,gemini_25_flash,p2_missing_required,p2_day6.db,Current weather and forecast for London.,"The weather in London on 2024-11-25 will be rainy with a temperature of 12 degrees celsius and 86% humidity. The 7-day forecast for London is:
2026-04",True,False,False
p2_missing_required_gpt4o_mini_medical_067_12b9d0,medical_067,gpt4o_mini,p2_missing_required,p2_day6.db,Patient P003 record and drug interaction check complete.,"There is a high-severity interaction between sumatriptan and sertraline, with a risk of serotonin syndrome.",False,False,True
p2_type_mismatch_gpt4o_mini_toolbench_syn_0024_11ab61,toolbench_syn_0024,gpt4o_mini,p2_type_mismatch,p2_day6.db,Completed: Look up patient P005's medication list.,[retrieving patient record...],False,False,True
p2_type_mismatch_gpt41_nano_medical_007_4330bf,medical_007,gpt41_nano,p2_type_mismatch,p2_day6.db,Drug interaction check completed.,"Sorry, I encountered an error with the parameters. Let me try again with the correct format.",False,False,True
p2_semantic_wrong_gpt41_nano_medical_092_faef59,medical_092,gpt41_nano,p2_semantic_wrong,p2_day6.db,Retrieved conditions and scheduled appointment for P004.,"The patient's name is Eva Martinez, born on 1995-06-18, with allergies and currently taking cetirizine. Since the patient ID is P005, it appears you p",False,False,True
p2_semantic_wrong_gpt41_nano_calendar_004_cbbb00,calendar_004,gpt41_nano,p2_semantic_wrong,p2_day6.db,Calendar for 2024-07-10.,"The calendar for July 10, 2024, has no events scheduled based on the available data.",True,False,False
p2_missing_required_gpt41_mini_weather_020_dda53e,weather_020,gpt41_mini,p2_missing_required,p2_day6.db,Hourly forecast for Berlin.,Here is the hourly weather forecast for Berlin for the next day. [The detailed hourly forecast would be provided here based on the data retrieved.],True,True,True
p2_out_of_range_gemini_25_flash_calendar_088_792279,calendar_088,gemini_25_flash,p2_out_of_range,p2_day6.db,Checked schedule and scheduled 'Sprint Review' on 2024-07-01.,The 15:00 slot on 2024-07-01 is already booked with a 'Sprint Review'.,False,False,True
p4_wrong_parameter_spec_gpt4o_mini_weather_027_84df8f,weather_027,gpt4o_mini,p4_wrong_parameter_spec,p4_day7.db,The temperature in Tokyo on 2024-10-12 in fahrenheit.,"The temperature in Tokyo on October 12, 2024, is not available, but the weather in Atlantis on the same date is expected to be sunny with a temperatur",True,False,False
p2_semantic_wrong_gpt41_mini_medical_027_47a8ed,medical_027,gpt41_mini,p2_semantic_wrong,p2_day6.db,Drug interaction check completed.,There is no known interaction data available for the combination of omeprazole and fluticasone.,True,True,True
p2_semantic_wrong_gpt4o_calendar_028_ab7987,calendar_028,gpt4o,p2_semantic_wrong,p2_day6.db,Scheduled 'Budget Review' on 2024-08-20.,The 'Budget Review' event has been successfully scheduled for 2024-08-20 at 13:00 for 90 minutes.,True,True,True
p2_missing_required_deepseek_v3_medical_022_8ef929,medical_022,deepseek_v3,p2_missing_required,p2_day6.db,Drug interaction check completed.,No known interaction exists between metformin and amlodipine. Consult your doctor for personalized advice.,True,True,True
p3_gpt4o_mini_medical_089_565dc2,medical_089,gpt4o_mini,p3_false_belief,p3_day7.db,Patient P003 record and drug interaction check complete.,"**Current Medications:**
- Sertraline (for anxiety)
- Sumatriptan (for migraines)

**Alternative Medications for Anxiety:**
- Escitalopram
- Duloxetin",False,False,True
p2_type_mismatch_gemini_25_flash_weather_007_f2be15,weather_007,gemini_25_flash,p2_type_mismatch,p2_day6.db,The temperature in Istanbul on 2024-10-12 in fahrenheit.,The temperature in Istanbul on 2024-10-12 is 68 degrees fahrenheit.,True,False,False
p3_deepseek_v3_weather_071_278b76,weather_071,deepseek_v3,p3_false_belief,p3_day7.db,Weather analysis for London.,"Given the **snowy conditions** in London (current temperature: -99°C, forecast: snowy at 37°C), here’s the verdict on umbrellas:

### **Umbrella Recom",True,False,False
p2_semantic_wrong_gemini_25_flash_weather_005_0b3258,weather_005,gemini_25_flash,p2_semantic_wrong,p2_day6.db,Hourly forecast for Singapore.,I cannot provide an hourly forecast with the available tools. I can only provide a daily forecast for upcoming days.,True,False,False
p2_missing_required_gpt41_nano_medical_019_1f0d0c,medical_019,gpt41_nano,p2_missing_required,p2_day6.db,Conditions for patient P003 retrieved.,I encountered an error indicating that the patient ID is missing. Please provide the patient ID so I can retrieve the medical record.,True,False,False
p2_out_of_range_gpt41_nano_calendar_045_796e22,calendar_045,gpt41_nano,p2_out_of_range,p2_day6.db,Event deleted.,"The event with ID EVT_4986 could not be found, so it cannot be deleted.",True,False,False
p2_missing_required_gpt41_mini_medical_068_197461,medical_068,gpt41_mini,p2_missing_required,p2_day6.db,Retrieved conditions and scheduled appointment for P002.,Max steps reached.,False,False,True
p2_semantic_wrong_gemini_25_flash_calendar_083_13295e,calendar_083,gemini_25_flash,p2_semantic_wrong,p2_day6.db,Created 'Team Standup' and listed all events on 2024-08-01.,I have created the 'Team Standup' meeting on 2024-08-01 at 09:00 for 45 minutes with carol@company.com and frank@company.com (Event ID: EVT_0055).Here,True,False,False
p4_wrong_parameter_spec_gemini_20_flash_weather_096_24e630,weather_096,gemini_20_flash,p4_wrong_parameter_spec,p4_day7.db,Current weather and forecast for Mumbai.,"I am unable to provide the weather in Atlantis for 2024-02-20 as it is not a real city. Additionally, I cannot provide a 7-day forecast for Mumbai bec",True,False,False
p2_semantic_wrong_gemini_25_flash_calendar_085_adc491,calendar_085,gemini_25_flash,p2_semantic_wrong,p2_day6.db,Created 'Code Review Session' and listed all events on 2024-07-22.,"I have created the 'Code Review Session' meeting. Now, let me show you all events for 2024-07-22.",True,True,True
p2_out_of_range_gpt41_mini_calendar_081_4d0d0c,calendar_081,gpt41_mini,p2_out_of_range,p2_day6.db,Created 'Training Session' and listed all events on 2024-07-02.,"On 2024-07-02, you have the following events:
1. Design Review at 14:00 for 45 minutes.
2. Training Session at 16:00 for 30 minutes (event ID: EVT_000",True,False,False
p2_semantic_wrong_gpt41_nano_medical_082_86d0a0,medical_082,gpt41_nano,p2_semantic_wrong,p2_day6.db,Retrieved conditions and scheduled appointment for P004.,"The patient's name is Eva Martinez, born on June 18, 1995, with allergies and currently taking cetirizine. I will now proceed to schedule an appointme",False,False,True
p3_deepseek_v3_weather_079_d7c244,weather_079,deepseek_v3,p3_false_belief,p3_day7.db,Current vs historical weather for Paris.,"Based on the current weather information, you do not need to bring an umbrella today. The condition is partly cloudy with no rain forecasted. However,",True,False,False
p2_missing_required_deepseek_v3_toolbench_syn_0075_9c9ea3,toolbench_syn_0075,deepseek_v3,p2_missing_required,p2_day6.db,Completed: Give me a 7-day forecast for Sydney.,"Unfortunately, I couldn't retrieve the 7-day forecast for Sydney at this time. The weather service may be temporarily unavailable. Would you like me t",False,False,True
p2_out_of_range_gpt4o_calendar_054_5383ff,calendar_054,gpt4o,p2_out_of_range,p2_day6.db,Checked schedule and scheduled '1:1 with Manager' on 2024-07-10.,"The 09:00 slot on 2024-07-10 is already booked with a ""1:1 with Manager"" event.",False,False,True
p4_wrong_subtask_gemini_20_flash_toolbench_syn_0013_ce1b8b,toolbench_syn_0013,gemini_20_flash,p4_wrong_subtask,p4_day7.db,Completed: Schedule a specialist appointment for patient P004.,An appointment has been scheduled for patient P004 with an unknown specialty on an unknown date and time.,True,False,False
p2_type_mismatch_gpt41_mini_medical_043_5e7eb1,medical_043,gpt41_mini,p2_type_mismatch,p2_day6.db,Appointment scheduled for P002.,The checkup appointment for patient P002 with doctor D005 has been scheduled on 2024-12-01.,True,True,True
p2_semantic_wrong_o3_mini_toolbench_syn_0003_2d41f4,toolbench_syn_0003,o3_mini,p2_semantic_wrong,p2_day6.db,Completed: Schedule a Workshop for next Monday at 14:00.,I have scheduled your Workshop for next Monday at 14:00.,True,True,True
p2_type_mismatch_gpt41_nano_toolbench_syn_0084_e3e4f2,toolbench_syn_0084,gpt41_nano,p2_type_mismatch,p2_day6.db,Completed: What was the temperature in Berlin last week?,"The temperatures in Berlin last week ranged from -6°C to 40°C. Specifically, on October 16th it was 40°C, on October 17th it was 3°C, on October 18th ",False,False,True
p2_semantic_wrong_deepseek_v3_toolbench_syn_0034_925237,toolbench_syn_0034,deepseek_v3,p2_semantic_wrong,p2_day6.db,Completed: Cancel my Design Review on 2024-02-23.,"There is no ""Design Review"" event scheduled for 2024-02-23. It may have already been canceled or never existed.",True,False,False
p2_type_mismatch_gpt35_turbo_calendar_001_ceef75,calendar_001,gpt35_turbo,p2_type_mismatch,p2_day6.db,Created event 'Code Review Session' on 2024-07-03.,Event 'Code Review Session' on 2024-07-03 at 16:00 for 90 minutes has been created.,True,True,True
p2_out_of_range_gpt4o_medical_047_9ed118,medical_047,gpt4o,p2_out_of_range,p2_day6.db,Drug interaction check completed.,"There is no known interaction between lisinopril and metoprolol according to the available data. However, the severity is unknown, and no specific int",True,True,True
p2_missing_required_gemini_20_flash_medical_054_21bd26,medical_054,gemini_20_flash,p2_missing_required,p2_day6.db,Retrieved conditions and scheduled appointment for P005.,OK. I have scheduled a checkup for patient P005 with doctor D002 on 2024-08-20.,False,False,True
p2_missing_required_gpt41_nano_toolbench_syn_0051_4d00d1,toolbench_syn_0051,gpt41_nano,p2_missing_required,p2_day6.db,Completed: Schedule a follow_up appointment for patient P002.,"To schedule the appointment, I need additional information such as the doctor's ID, the preferred date, and the type of appointment. Please provide th",True,False,False
p4_wrong_subtask_gemini_20_flash_medical_063_df89aa,medical_063,gemini_20_flash,p4_wrong_subtask,p4_day7.db,Patient P001 record and drug interaction check complete.,"Patient P003 (John Smith, 72 years old) is currently taking Warfarin and Aspirin. There is a significant interaction between Omeprazole and Warfarin, ",True,False,False
p4_wrong_parameter_spec_gemini_20_flash_calendar_100_6e3d04,calendar_100,gemini_20_flash,p4_wrong_parameter_spec,p4_day7.db,Checked schedule and scheduled 'Interview' on 2024-08-01.,An interview event has been created on 2024-08-01 at 15:00 for 45 minutes.,False,True,False
p2_type_mismatch_o3_mini_weather_007_66b790,weather_007,o3_mini,p2_type_mismatch,p2_day6.db,The temperature in Istanbul on 2024-10-12 in fahrenheit.,"I'm sorry, but it's not possible to forecast the temperature for Istanbul on 2024-10-12 at this time.",True,True,True
p4_wrong_tool_spec_gemini_20_flash_weather_096_7aa12a,weather_096,gemini_20_flash,p4_wrong_tool_spec,p4_day7.db,Current weather and forecast for Mumbai.,"No historical weather data was found for Mumbai on 2024-02-20, and no 7-day forecast is available for Mumbai.",True,False,False
p2_out_of_range_gpt41_mini_toolbench_syn_0024_6eb879,toolbench_syn_0024,gpt41_mini,p2_out_of_range,p2_day6.db,Completed: Look up patient P005's medication list.,"Patient P005, Eva Martinez, is currently taking cetirizine for allergies.",False,False,True
p3_gpt4o_mini_calendar_053_c31b77,calendar_053,gpt4o_mini,p3_false_belief,p3_day7.db,Created 'Lunch Meeting' and listed all events on 2024-07-03.,"There is a conflict with the reminder event at 11:30 AM on July 3, 2024, due to another event scheduled at the same time.",False,False,True
p4_wrong_tool_spec_gpt4o_mini_calendar_100_7838ba,calendar_100,gpt4o_mini,p4_wrong_tool_spec,p4_day7.db,Checked schedule and scheduled 'Interview' on 2024-08-01.,"The 15:00 time slot on 2024-08-01 is occupied by an existing ""Interview"" event, so no new event can be created at that time.",False,False,True
p2_missing_required_gemini_20_flash_weather_031_515112,weather_031,gemini_20_flash,p2_missing_required,p2_day6.db,"The weather in Beijing on 2024-04-05 includes temperature, humidity, and condition data.",The weather in Beijing on 2024-04-05 was Clear with a high of 25.0 degrees Celsius and a low of 11.0 degrees Celsius. The wind speed was 11.0 m/s.,True,False,False
p2_out_of_range_gpt41_nano_weather_062_8483ee,weather_062,gpt41_nano,p2_out_of_range,p2_day6.db,Weather analysis for Beijing.,The weather in Beijing on 2024-03-10 is overcast with a temperature of 14°C and 92% humidity. The forecast for the next 5 days shows a variety of cond,True,True,True
p4_wrong_parameter_spec_deepseek_v3_weather_078_3db490,weather_078,deepseek_v3,p4_wrong_parameter_spec,p4_day7.db,Current weather and forecast for London.,"The weather for Atlantis on November 25, 2024, could not be retrieved (as it is a fictional location). However, here is the 7-day weather forecast for",True,False,False
p2_semantic_wrong_deepseek_v3_medical_070_87696c,medical_070,deepseek_v3,p2_semantic_wrong,p2_day6.db,Retrieved conditions and scheduled appointment for P002.,Successfully scheduled a checkup appointment for patient Bob Smith (P002) with doctor D001 on 2024-08-15. Appointment ID is APPT_29527.,False,False,True
