session_id,task_id,model,domain,condition,seed,injection_applied,final_correct,hallucination,eps,cost,steps
seed_1_baseline_gpt4o_mini_halueval_0039_845ccc,halueval_0039,gpt4o_mini,knowledge,baseline,1,False,False,True,0.0,6.765e-05,2
seed_1_baseline_gpt4o_mini_toolbench_syn_0003_27ac3e,toolbench_syn_0003,gpt4o_mini,calendar,baseline,1,False,True,False,0.0,6.765e-05,2
seed_1_baseline_gpt4o_mini_weather_051_439ec7,weather_051,gpt4o_mini,weather,baseline,1,False,True,False,0.0,7.455e-05,2
seed_1_baseline_gpt4o_mini_weather_089_b52ce7,weather_089,gpt4o_mini,weather,baseline,1,False,False,True,0.0,0.0006081,15
seed_1_baseline_gpt4o_mini_weather_097_9a292f,weather_097,gpt4o_mini,weather,baseline,1,False,True,False,0.0,0.0004954499999999999,11
seed_1_baseline_gpt4o_mini_calendar_100_690598,calendar_100,gpt4o_mini,calendar,baseline,1,False,False,True,0.0,0.0004674,14
seed_1_baseline_gpt4o_mini_calendar_032_02e519,calendar_032,gpt4o_mini,calendar,baseline,1,False,False,True,0.0,0.00020175,8
seed_1_baseline_gpt4o_mini_calendar_021_70bd01,calendar_021,gpt4o_mini,calendar,baseline,1,False,True,False,0.0,7.755e-05,2
seed_1_baseline_gpt4o_mini_toolbench_syn_0058_f50761,toolbench_syn_0058,gpt4o_mini,weather,baseline,1,False,False,True,0.0,4.47e-05,2
seed_1_baseline_gpt4o_mini_toolbench_syn_0070_a8db94,toolbench_syn_0070,gpt4o_mini,medical,baseline,1,False,False,True,0.0,4.2149999999999995e-05,2
seed_1_baseline_gpt4o_mini_weather_038_3ed058,weather_038,gpt4o_mini,weather,baseline,1,False,True,False,0.0,4.6649999999999996e-05,2
seed_1_baseline_gpt4o_mini_medical_098_7c24f4,medical_098,gpt4o_mini,medical,baseline,1,False,False,True,0.0,0.00042195,14
seed_1_baseline_gpt4o_mini_weather_005_94c09d,weather_005,gpt4o_mini,weather,baseline,1,False,False,True,0.0,4.6949999999999996e-05,2
seed_1_baseline_gpt4o_mini_calendar_081_0973e5,calendar_081,gpt4o_mini,calendar,baseline,1,False,True,False,0.0,0.00042134999999999997,11
seed_1_baseline_gpt4o_mini_toolbench_syn_0004_0f13e1,toolbench_syn_0004,gpt4o_mini,weather,baseline,1,False,False,True,0.0,4.56e-05,2
seed_1_baseline_gpt4o_mini_calendar_061_3dbf88,calendar_061,gpt4o_mini,calendar,baseline,1,False,True,False,0.0,0.00049515,14
seed_1_baseline_gpt4o_mini_calendar_089_62ff83,calendar_089,gpt4o_mini,calendar,baseline,1,False,False,True,0.0,9.72e-05,2
seed_1_baseline_gpt4o_mini_toolbench_syn_0074_852bd2,toolbench_syn_0074,gpt4o_mini,weather,baseline,1,False,False,True,0.0,3.9e-05,2
seed_1_baseline_gpt4o_mini_halueval_0053_fc37f3,halueval_0053,gpt4o_mini,knowledge,baseline,1,False,False,True,0.0,8.1e-05,2
seed_1_baseline_gpt4o_mini_weather_095_5f2dc2,weather_095,gpt4o_mini,weather,baseline,1,False,True,False,0.0,9.225e-05,2
seed_1_baseline_gpt4o_mini_halueval_0068_da6107,halueval_0068,gpt4o_mini,knowledge,baseline,1,False,False,True,0.0,8.46e-05,2
seed_1_baseline_gpt4o_mini_toolbench_syn_0040_7d77bf,toolbench_syn_0040,gpt4o_mini,medical,baseline,1,False,False,True,0.0,4.2149999999999995e-05,2
seed_1_baseline_gpt4o_mini_weather_094_d406ac,weather_094,gpt4o_mini,weather,baseline,1,False,True,False,0.0,0.00056505,11
seed_1_baseline_gpt4o_mini_halueval_0007_a50d7a,halueval_0007,gpt4o_mini,knowledge,baseline,1,False,False,True,0.0,8.924999999999999e-05,2
seed_1_baseline_gpt4o_mini_halueval_0008_8ae430,halueval_0008,gpt4o_mini,knowledge,baseline,1,False,False,True,0.0,6.720000000000001e-05,2
seed_1_baseline_gpt4o_mini_medical_093_8bd999,medical_093,gpt4o_mini,medical,baseline,1,False,True,False,0.0,0.00044324999999999996,14
seed_1_baseline_gpt4o_mini_toolbench_syn_0034_2901c0,toolbench_syn_0034,gpt4o_mini,calendar,baseline,1,False,False,True,0.0,0.0001944,8
seed_1_baseline_gpt4o_mini_calendar_028_6134e0,calendar_028,gpt4o_mini,calendar,baseline,1,False,True,False,0.0,7.47e-05,2
seed_1_baseline_gpt4o_mini_medical_014_453ffe,medical_014,gpt4o_mini,medical,baseline,1,False,True,False,0.0,0.00014025,8
seed_1_baseline_gpt4o_mini_weather_012_fe3065,weather_012,gpt4o_mini,weather,baseline,1,False,False,True,0.0,5.13e-05,2
seed_1_baseline_gpt4o_mini_weather_007_5827f6,weather_007,gpt4o_mini,weather,baseline,1,False,False,True,0.0,5.55e-05,2
seed_1_baseline_gpt4o_mini_halueval_0042_e14215,halueval_0042,gpt4o_mini,knowledge,baseline,1,False,False,True,0.0,8.4e-05,2
seed_1_baseline_gpt4o_mini_medical_047_7ea7c1,medical_047,gpt4o_mini,medical,baseline,1,False,True,False,0.0,5.46e-05,2
seed_1_baseline_gpt4o_mini_toolbench_syn_0096_3af3d2,toolbench_syn_0096,gpt4o_mini,weather,baseline,1,False,False,True,0.0,5.489999999999999e-05,2
seed_1_baseline_gpt4o_mini_halueval_0025_2f8e3a,halueval_0025,gpt4o_mini,knowledge,baseline,1,False,False,True,0.0,6.644999999999999e-05,2
seed_1_baseline_gpt4o_mini_toolbench_syn_0045_98f0b7,toolbench_syn_0045,gpt4o_mini,weather,baseline,1,False,False,True,0.0,4.68e-05,2
seed_1_baseline_gpt4o_mini_weather_090_f728b7,weather_090,gpt4o_mini,weather,baseline,1,False,True,False,0.0,8.834999999999999e-05,2
seed_1_baseline_gpt4o_mini_halueval_0026_a8527b,halueval_0026,gpt4o_mini,knowledge,baseline,1,False,False,True,0.0,7.485e-05,2
seed_1_baseline_gpt4o_mini_weather_027_124f89,weather_027,gpt4o_mini,weather,baseline,1,False,False,True,0.0,5.43e-05,2
seed_1_baseline_gpt4o_mini_weather_078_5152c4,weather_078,gpt4o_mini,weather,baseline,1,False,True,False,0.0,0.00010515,2
seed_1_baseline_gpt4o_mini_medical_063_e760c8,medical_063,gpt4o_mini,medical,baseline,1,False,True,False,0.0,0.0002097,8
seed_1_baseline_gpt4o_mini_medical_008_43c454,medical_008,gpt4o_mini,medical,baseline,1,False,True,False,0.0,5.655e-05,2
seed_1_baseline_gpt4o_mini_calendar_085_ad2790,calendar_085,gpt4o_mini,calendar,baseline,1,False,True,False,0.0,0.00037154999999999995,11
seed_1_baseline_gpt4o_mini_calendar_083_94fdb2,calendar_083,gpt4o_mini,calendar,baseline,1,False,True,False,0.0,0.00010215,2
seed_1_baseline_gpt4o_mini_calendar_001_d8d6ae,calendar_001,gpt4o_mini,calendar,baseline,1,False,True,False,0.0,8.13e-05,2
seed_1_baseline_gpt4o_mini_halueval_0019_42786e,halueval_0019,gpt4o_mini,knowledge,baseline,1,False,False,True,0.0,6.795e-05,2
seed_1_baseline_gpt4o_mini_weather_096_7fd3fa,weather_096,gpt4o_mini,weather,baseline,1,False,True,False,0.0,0.0003306,8
seed_1_baseline_gpt4o_mini_toolbench_syn_0094_fd7cf0,toolbench_syn_0094,gpt4o_mini,medical,baseline,1,False,True,False,0.0,5.49e-05,2
seed_1_baseline_gpt4o_mini_calendar_088_f2ffba,calendar_088,gpt4o_mini,calendar,baseline,1,False,False,True,0.0,0.0005028,14
seed_2_baseline_gpt4o_mini_weather_089_3ac32f,weather_089,gpt4o_mini,weather,baseline,2,False,True,False,0.0,8.385e-05,2
seed_2_baseline_gpt4o_mini_halueval_0039_fe2c2d,halueval_0039,gpt4o_mini,knowledge,baseline,2,False,False,True,0.0,6.585e-05,2
seed_1_baseline_gpt4o_mini_calendar_056_33863d,calendar_056,gpt4o_mini,calendar,baseline,1,False,False,True,0.0,0.00044655,14
seed_2_baseline_gpt4o_mini_toolbench_syn_0003_2b6945,toolbench_syn_0003,gpt4o_mini,calendar,baseline,2,False,True,False,0.0,6.765e-05,2
seed_2_baseline_gpt4o_mini_weather_051_34002b,weather_051,gpt4o_mini,weather,baseline,2,False,True,False,0.0,8.415e-05,2
seed_2_baseline_gpt4o_mini_weather_097_b77ad5,weather_097,gpt4o_mini,weather,baseline,2,False,True,False,0.0,0.0004850999999999999,11
seed_2_baseline_gpt4o_mini_calendar_100_eef009,calendar_100,gpt4o_mini,calendar,baseline,2,False,False,True,0.0,0.0002103,8
seed_2_baseline_gpt4o_mini_calendar_021_8ac5ab,calendar_021,gpt4o_mini,calendar,baseline,2,False,True,False,0.0,7.874999999999999e-05,2
seed_2_baseline_gpt4o_mini_medical_098_8030f8,medical_098,gpt4o_mini,medical,baseline,2,False,False,True,0.0,0.00042344999999999997,14
seed_2_baseline_gpt4o_mini_toolbench_syn_0058_6ae2d9,toolbench_syn_0058,gpt4o_mini,weather,baseline,2,False,False,True,0.0,4.47e-05,2
seed_2_baseline_gpt4o_mini_toolbench_syn_0070_77bad9,toolbench_syn_0070,gpt4o_mini,medical,baseline,2,False,False,True,0.0,4.2149999999999995e-05,2
seed_2_baseline_gpt4o_mini_weather_038_4adc03,weather_038,gpt4o_mini,weather,baseline,2,False,True,False,0.0,4.5449999999999993e-05,2
seed_2_baseline_gpt4o_mini_calendar_032_61eecd,calendar_032,gpt4o_mini,calendar,baseline,2,False,False,True,0.0,0.00020235,8
seed_2_baseline_gpt4o_mini_weather_005_33fda9,weather_005,gpt4o_mini,weather,baseline,2,False,True,False,0.0,4.815e-05,2
seed_2_baseline_gpt4o_mini_calendar_081_6ee36b,calendar_081,gpt4o_mini,calendar,baseline,2,False,True,False,0.0,0.00042645,11
seed_2_baseline_gpt4o_mini_toolbench_syn_0004_263f95,toolbench_syn_0004,gpt4o_mini,weather,baseline,2,False,False,True,0.0,3.7199999999999996e-05,2
seed_2_baseline_gpt4o_mini_calendar_061_a76db2,calendar_061,gpt4o_mini,calendar,baseline,2,False,True,False,0.0,0.0005191499999999999,14
seed_2_baseline_gpt4o_mini_calendar_089_9afb41,calendar_089,gpt4o_mini,calendar,baseline,2,False,False,True,0.0,9.72e-05,2
seed_2_baseline_gpt4o_mini_toolbench_syn_0074_7a60d7,toolbench_syn_0074,gpt4o_mini,weather,baseline,2,False,False,True,0.0,3.78e-05,2
seed_2_baseline_gpt4o_mini_halueval_0053_9c27b8,halueval_0053,gpt4o_mini,knowledge,baseline,2,False,False,True,0.0,7.319999999999999e-05,2
seed_2_baseline_gpt4o_mini_halueval_0068_454ccc,halueval_0068,gpt4o_mini,knowledge,baseline,2,False,False,True,0.0,0.00011699999999999998,2
seed_2_baseline_gpt4o_mini_weather_094_5b85f2,weather_094,gpt4o_mini,weather,baseline,2,False,True,False,0.0,0.0005538,11
seed_2_baseline_gpt4o_mini_weather_095_8f3069,weather_095,gpt4o_mini,weather,baseline,2,False,False,True,0.0,0.00048015000000000004,15
seed_2_baseline_gpt4o_mini_toolbench_syn_0040_1cb038,toolbench_syn_0040,gpt4o_mini,medical,baseline,2,False,False,True,0.0,4.2149999999999995e-05,2
seed_2_baseline_gpt4o_mini_halueval_0007_98d93d,halueval_0007,gpt4o_mini,knowledge,baseline,2,False,False,True,0.0,8.924999999999999e-05,2
seed_2_baseline_gpt4o_mini_halueval_0008_df4ec3,halueval_0008,gpt4o_mini,knowledge,baseline,2,False,False,True,0.0,7.8e-05,2
seed_2_baseline_gpt4o_mini_medical_093_722e19,medical_093,gpt4o_mini,medical,baseline,2,False,True,False,0.0,0.00044114999999999996,14
seed_2_baseline_gpt4o_mini_toolbench_syn_0034_2d1e3d,toolbench_syn_0034,gpt4o_mini,calendar,baseline,2,False,True,False,0.0,0.00016785000000000001,8
seed_2_baseline_gpt4o_mini_calendar_088_977550,calendar_088,gpt4o_mini,calendar,baseline,2,False,False,True,0.0,0.000216,8
seed_2_baseline_gpt4o_mini_calendar_028_16d0b1,calendar_028,gpt4o_mini,calendar,baseline,2,False,True,False,0.0,7.47e-05,2
seed_2_baseline_gpt4o_mini_medical_014_3c60ac,medical_014,gpt4o_mini,medical,baseline,2,False,True,False,0.0,0.00014025,8
seed_2_baseline_gpt4o_mini_weather_012_dd2825,weather_012,gpt4o_mini,weather,baseline,2,False,False,True,0.0,5.13e-05,2
seed_2_baseline_gpt4o_mini_weather_007_4adb7c,weather_007,gpt4o_mini,weather,baseline,2,False,False,True,0.0,5.55e-05,2
seed_2_baseline_gpt4o_mini_medical_047_106ac7,medical_047,gpt4o_mini,medical,baseline,2,False,True,False,0.0,5.88e-05,2
seed_2_baseline_gpt4o_mini_halueval_0042_5b04b1,halueval_0042,gpt4o_mini,knowledge,baseline,2,False,False,True,0.0,9.48e-05,2
seed_2_baseline_gpt4o_mini_toolbench_syn_0096_406c33,toolbench_syn_0096,gpt4o_mini,weather,baseline,2,False,False,True,0.0,5.4300000000000005e-05,2
seed_2_baseline_gpt4o_mini_toolbench_syn_0045_d04af9,toolbench_syn_0045,gpt4o_mini,weather,baseline,2,False,False,True,0.0,3.7199999999999996e-05,2
seed_2_baseline_gpt4o_mini_halueval_0025_8260a8,halueval_0025,gpt4o_mini,knowledge,baseline,2,False,False,True,0.0,6.405e-05,2
seed_2_baseline_gpt4o_mini_halueval_0026_272a92,halueval_0026,gpt4o_mini,knowledge,baseline,2,False,False,True,0.0,7.304999999999999e-05,2
seed_2_baseline_gpt4o_mini_weather_027_1cd789,weather_027,gpt4o_mini,weather,baseline,2,False,False,True,0.0,5.19e-05,2
seed_2_baseline_gpt4o_mini_weather_090_345f62,weather_090,gpt4o_mini,weather,baseline,2,False,False,True,0.0,7.035e-05,2
seed_2_baseline_gpt4o_mini_weather_078_1b7aff,weather_078,gpt4o_mini,weather,baseline,2,False,True,False,0.0,0.00011295,2
seed_2_baseline_gpt4o_mini_medical_008_229779,medical_008,gpt4o_mini,medical,baseline,2,False,True,False,0.0,5.655e-05,2
seed_2_baseline_gpt4o_mini_medical_063_031a03,medical_063,gpt4o_mini,medical,baseline,2,False,True,False,0.0,0.00021794999999999999,8
seed_2_baseline_gpt4o_mini_weather_096_827968,weather_096,gpt4o_mini,weather,baseline,2,False,False,True,0.0,7.214999999999999e-05,2
seed_2_baseline_gpt4o_mini_calendar_085_446cc6,calendar_085,gpt4o_mini,calendar,baseline,2,False,True,False,0.0,0.00038129999999999994,11
seed_2_baseline_gpt4o_mini_calendar_001_187784,calendar_001,gpt4o_mini,calendar,baseline,2,False,True,False,0.0,8.19e-05,2
seed_2_baseline_gpt4o_mini_halueval_0019_e5352d,halueval_0019,gpt4o_mini,knowledge,baseline,2,False,False,True,0.0,5.8949999999999996e-05,2
seed_2_baseline_gpt4o_mini_toolbench_syn_0094_62631b,toolbench_syn_0094,gpt4o_mini,medical,baseline,2,False,True,False,0.0,5.37e-05,2
seed_2_baseline_gpt4o_mini_calendar_083_f91bc5,calendar_083,gpt4o_mini,calendar,baseline,2,False,True,False,0.0,0.00040019999999999997,11
seed_3_baseline_gpt4o_mini_weather_089_51a045,weather_089,gpt4o_mini,weather,baseline,3,False,True,False,0.0,9.345000000000001e-05,2
seed_2_baseline_gpt4o_mini_calendar_056_a6ec43,calendar_056,gpt4o_mini,calendar,baseline,2,False,False,True,0.0,0.00020324999999999998,8
seed_3_baseline_gpt4o_mini_halueval_0039_b7ca6c,halueval_0039,gpt4o_mini,knowledge,baseline,3,False,False,True,0.0,6.705e-05,2
seed_3_baseline_gpt4o_mini_toolbench_syn_0003_dc2ee1,toolbench_syn_0003,gpt4o_mini,calendar,baseline,3,False,True,False,0.0,6.765e-05,2
seed_3_baseline_gpt4o_mini_weather_051_708557,weather_051,gpt4o_mini,weather,baseline,3,False,True,False,0.0,8.415e-05,2
seed_3_baseline_gpt4o_mini_calendar_100_d95e73,calendar_100,gpt4o_mini,calendar,baseline,3,False,False,True,0.0,0.00021285,8
seed_3_baseline_gpt4o_mini_weather_097_ebf303,weather_097,gpt4o_mini,weather,baseline,3,False,True,False,0.0,0.00049245,11
seed_3_baseline_gpt4o_mini_medical_098_459139,medical_098,gpt4o_mini,medical,baseline,3,False,False,True,0.0,0.00042105,14
seed_3_baseline_gpt4o_mini_toolbench_syn_0058_c5a140,toolbench_syn_0058,gpt4o_mini,weather,baseline,3,False,False,True,0.0,4.47e-05,2
seed_3_baseline_gpt4o_mini_calendar_021_3e57de,calendar_021,gpt4o_mini,calendar,baseline,3,False,True,False,0.0,7.874999999999999e-05,2
seed_3_baseline_gpt4o_mini_calendar_032_fabf4b,calendar_032,gpt4o_mini,calendar,baseline,3,False,False,True,0.0,0.00020235,8
seed_3_baseline_gpt4o_mini_toolbench_syn_0070_76444a,toolbench_syn_0070,gpt4o_mini,medical,baseline,3,False,False,True,0.0,4.2149999999999995e-05,2
seed_3_baseline_gpt4o_mini_weather_038_827265,weather_038,gpt4o_mini,weather,baseline,3,False,True,False,0.0,4.5449999999999993e-05,2
seed_3_baseline_gpt4o_mini_weather_005_b8c239,weather_005,gpt4o_mini,weather,baseline,3,False,True,False,0.0,4.9949999999999994e-05,2
seed_3_baseline_gpt4o_mini_calendar_081_9ca8cb,calendar_081,gpt4o_mini,calendar,baseline,3,False,True,False,0.0,0.00041729999999999995,11
seed_3_baseline_gpt4o_mini_toolbench_syn_0004_77a801,toolbench_syn_0004,gpt4o_mini,weather,baseline,3,False,False,True,0.0,3.9e-05,2
seed_3_baseline_gpt4o_mini_calendar_061_520cfe,calendar_061,gpt4o_mini,calendar,baseline,3,False,True,False,0.0,0.00049875,14
seed_3_baseline_gpt4o_mini_toolbench_syn_0074_222bc1,toolbench_syn_0074,gpt4o_mini,weather,baseline,3,False,False,True,0.0,3.7199999999999996e-05,2
seed_3_baseline_gpt4o_mini_weather_094_d2e86d,weather_094,gpt4o_mini,weather,baseline,3,False,True,False,0.0,0.00056835,11
seed_3_baseline_gpt4o_mini_halueval_0053_4935c3,halueval_0053,gpt4o_mini,knowledge,baseline,3,False,False,True,0.0,0.0001008,2
seed_3_baseline_gpt4o_mini_weather_095_108ce8,weather_095,gpt4o_mini,weather,baseline,3,False,True,False,0.0,9.285e-05,2
seed_3_baseline_gpt4o_mini_halueval_0068_517fb5,halueval_0068,gpt4o_mini,knowledge,baseline,3,False,False,True,0.0,0.0002226,4
seed_3_baseline_gpt4o_mini_toolbench_syn_0040_adfde0,toolbench_syn_0040,gpt4o_mini,medical,baseline,3,False,False,True,0.0,4.2149999999999995e-05,2
seed_3_baseline_gpt4o_mini_calendar_089_28f1b0,calendar_089,gpt4o_mini,calendar,baseline,3,False,True,False,0.0,0.0005457,14
seed_3_baseline_gpt4o_mini_halueval_0007_3019f4,halueval_0007,gpt4o_mini,knowledge,baseline,3,False,False,True,0.0,8.924999999999999e-05,2
seed_3_baseline_gpt4o_mini_halueval_0008_7c424d,halueval_0008,gpt4o_mini,knowledge,baseline,3,False,False,True,0.0,7.08e-05,2
seed_3_baseline_gpt4o_mini_medical_093_a6f330,medical_093,gpt4o_mini,medical,baseline,3,False,False,True,0.0,0.00043814999999999994,14
seed_3_baseline_gpt4o_mini_toolbench_syn_0034_669370,toolbench_syn_0034,gpt4o_mini,calendar,baseline,3,False,True,False,0.0,0.0001638,8
seed_3_baseline_gpt4o_mini_medical_014_d91ead,medical_014,gpt4o_mini,medical,baseline,3,False,True,False,0.0,0.00014025,8
seed_3_baseline_gpt4o_mini_calendar_088_b53e07,calendar_088,gpt4o_mini,calendar,baseline,3,False,False,True,0.0,0.000216,8
seed_3_baseline_gpt4o_mini_weather_012_72ef8e,weather_012,gpt4o_mini,weather,baseline,3,False,False,True,0.0,5.79e-05,2
seed_3_baseline_gpt4o_mini_calendar_028_3540e9,calendar_028,gpt4o_mini,calendar,baseline,3,False,True,False,0.0,7.47e-05,2
seed_3_baseline_gpt4o_mini_weather_007_27e994,weather_007,gpt4o_mini,weather,baseline,3,False,False,True,0.0,5.73e-05,2
seed_3_baseline_gpt4o_mini_medical_047_ee64b9,medical_047,gpt4o_mini,medical,baseline,3,False,True,False,0.0,5.88e-05,2
seed_3_baseline_gpt4o_mini_toolbench_syn_0096_9c431e,toolbench_syn_0096,gpt4o_mini,weather,baseline,3,False,False,True,0.0,5.489999999999999e-05,2
seed_3_baseline_gpt4o_mini_halueval_0042_26c958,halueval_0042,gpt4o_mini,knowledge,baseline,3,False,False,True,0.0,8.4e-05,2
seed_3_baseline_gpt4o_mini_toolbench_syn_0045_e49c77,toolbench_syn_0045,gpt4o_mini,weather,baseline,3,False,False,True,0.0,3.9e-05,2
seed_3_baseline_gpt4o_mini_halueval_0025_8f5d6e,halueval_0025,gpt4o_mini,knowledge,baseline,3,False,False,True,0.0,6.405e-05,2
seed_3_baseline_gpt4o_mini_weather_090_9f3f65,weather_090,gpt4o_mini,weather,baseline,3,False,False,True,0.0,7.095e-05,2
seed_3_baseline_gpt4o_mini_weather_027_f0f2b4,weather_027,gpt4o_mini,weather,baseline,3,False,False,True,0.0,5.55e-05,2
seed_3_baseline_gpt4o_mini_halueval_0026_928230,halueval_0026,gpt4o_mini,knowledge,baseline,3,False,False,True,0.0,7.304999999999999e-05,2
seed_3_baseline_gpt4o_mini_weather_078_076707,weather_078,gpt4o_mini,weather,baseline,3,False,True,False,0.0,0.00010215,2
seed_3_baseline_gpt4o_mini_medical_008_1ba4f1,medical_008,gpt4o_mini,medical,baseline,3,False,True,False,0.0,5.655e-05,2
seed_3_baseline_gpt4o_mini_medical_063_125505,medical_063,gpt4o_mini,medical,baseline,3,False,False,True,0.0,0.00040725,14
seed_3_baseline_gpt4o_mini_calendar_085_d8792b,calendar_085,gpt4o_mini,calendar,baseline,3,False,True,False,0.0,0.00038564999999999997,11
seed_3_baseline_gpt4o_mini_weather_096_b9e623,weather_096,gpt4o_mini,weather,baseline,3,False,True,False,0.0,8.534999999999999e-05,2
seed_3_baseline_gpt4o_mini_calendar_001_c8e468,calendar_001,gpt4o_mini,calendar,baseline,3,False,True,False,0.0,8.13e-05,2
seed_3_baseline_gpt4o_mini_halueval_0019_dfd59f,halueval_0019,gpt4o_mini,knowledge,baseline,3,False,False,True,0.0,6.855e-05,2
seed_3_baseline_gpt4o_mini_toolbench_syn_0094_8c160b,toolbench_syn_0094,gpt4o_mini,medical,baseline,3,False,True,False,0.0,5.37e-05,2
seed_3_baseline_gpt4o_mini_calendar_083_2c9fc7,calendar_083,gpt4o_mini,calendar,baseline,3,False,True,False,0.0,0.0006486,14
seed_3_baseline_gpt4o_mini_calendar_056_a487a3,calendar_056,gpt4o_mini,calendar,baseline,3,False,False,True,0.0,0.00020355,8
seed_1_p2_semantic_gpt4o_mini_halueval_0039_16bb62,halueval_0039,gpt4o_mini,knowledge,p2_semantic,1,False,False,True,0.0,6.585e-05,2
seed_1_p2_semantic_gpt4o_mini_toolbench_syn_0003_f80e15,toolbench_syn_0003,gpt4o_mini,calendar,p2_semantic,1,False,True,False,0.0,6.765e-05,2
seed_1_p2_semantic_gpt4o_mini_weather_089_5b9645,weather_089,gpt4o_mini,weather,p2_semantic,1,True,False,True,3.0,0.0005758499999999999,15
seed_1_p2_semantic_gpt4o_mini_calendar_100_84d1ef,calendar_100,gpt4o_mini,calendar,p2_semantic,1,True,True,False,2.0,0.00020894999999999998,8
seed_1_p2_semantic_gpt4o_mini_weather_051_48c6d2,weather_051,gpt4o_mini,weather,p2_semantic,1,True,False,True,3.0,0.0004896,15
seed_1_p2_semantic_gpt4o_mini_weather_097_ec89bc,weather_097,gpt4o_mini,weather,p2_semantic,1,True,True,False,2.0,0.0005505,11
seed_1_p2_semantic_gpt4o_mini_calendar_021_94cf89,calendar_021,gpt4o_mini,calendar,p2_semantic,1,False,True,False,0.0,7.755e-05,2
seed_1_p2_semantic_gpt4o_mini_calendar_032_3cf8d9,calendar_032,gpt4o_mini,calendar,p2_semantic,1,True,False,True,3.0,0.00020235,8
seed_1_p2_semantic_gpt4o_mini_medical_098_252a84,medical_098,gpt4o_mini,medical,p2_semantic,1,True,False,True,3.0,0.00042554999999999996,14
seed_1_p2_semantic_gpt4o_mini_toolbench_syn_0058_66793f,toolbench_syn_0058,gpt4o_mini,weather,p2_semantic,1,False,False,True,0.0,4.47e-05,2
seed_1_p2_semantic_gpt4o_mini_toolbench_syn_0070_90f421,toolbench_syn_0070,gpt4o_mini,medical,p2_semantic,1,False,False,True,0.0,4.2149999999999995e-05,2
seed_1_p2_semantic_gpt4o_mini_weather_038_fdd9d2,weather_038,gpt4o_mini,weather,p2_semantic,1,False,True,False,0.0,4.3049999999999996e-05,2
seed_1_p2_semantic_gpt4o_mini_weather_005_d2488a,weather_005,gpt4o_mini,weather,p2_semantic,1,False,True,False,0.0,4.815e-05,2
seed_1_p2_semantic_gpt4o_mini_calendar_081_b23611,calendar_081,gpt4o_mini,calendar,p2_semantic,1,True,True,False,2.0,0.00042435,11
seed_1_p2_semantic_gpt4o_mini_toolbench_syn_0004_27d837,toolbench_syn_0004,gpt4o_mini,weather,p2_semantic,1,False,False,True,0.0,3.9e-05,2
seed_1_p2_semantic_gpt4o_mini_calendar_089_4fc5a3,calendar_089,gpt4o_mini,calendar,p2_semantic,1,False,False,True,0.0,9.72e-05,2
seed_1_p2_semantic_gpt4o_mini_toolbench_syn_0074_443b7f,toolbench_syn_0074,gpt4o_mini,weather,p2_semantic,1,False,False,True,0.0,3.9e-05,2
seed_1_p2_semantic_gpt4o_mini_calendar_061_7e49b0,calendar_061,gpt4o_mini,calendar,p2_semantic,1,True,True,False,2.0,0.00050355,14
seed_1_p2_semantic_gpt4o_mini_halueval_0053_50e661,halueval_0053,gpt4o_mini,knowledge,p2_semantic,1,False,False,True,0.0,7.319999999999999e-05,2
seed_1_p2_semantic_gpt4o_mini_weather_094_20b72e,weather_094,gpt4o_mini,weather,p2_semantic,1,True,True,False,2.0,0.00055035,11
seed_1_p2_semantic_gpt4o_mini_halueval_0068_eb2cb6,halueval_0068,gpt4o_mini,knowledge,p2_semantic,1,False,False,True,0.0,0.00011399999999999999,2
seed_1_p2_semantic_gpt4o_mini_toolbench_syn_0040_e9c208,toolbench_syn_0040,gpt4o_mini,medical,p2_semantic,1,False,False,True,0.0,4.2149999999999995e-05,2
seed_1_p2_semantic_gpt4o_mini_halueval_0007_7e22f2,halueval_0007,gpt4o_mini,knowledge,p2_semantic,1,False,False,True,0.0,8.984999999999999e-05,2
seed_1_p2_semantic_gpt4o_mini_medical_093_86d627,medical_093,gpt4o_mini,medical,p2_semantic,1,True,False,True,3.0,0.00043965,14
seed_1_p2_semantic_gpt4o_mini_halueval_0008_ac9b20,halueval_0008,gpt4o_mini,knowledge,p2_semantic,1,False,False,True,0.0,7.74e-05,2
seed_1_p2_semantic_gpt4o_mini_calendar_088_b01d52,calendar_088,gpt4o_mini,calendar,p2_semantic,1,True,False,True,3.0,0.000216,8
seed_1_p2_semantic_gpt4o_mini_toolbench_syn_0034_f79ad3,toolbench_syn_0034,gpt4o_mini,calendar,p2_semantic,1,True,True,False,2.0,0.00016605,8
seed_1_p2_semantic_gpt4o_mini_weather_095_38cf7a,weather_095,gpt4o_mini,weather,p2_semantic,1,True,True,False,2.0,0.0006837,14
seed_1_p2_semantic_gpt4o_mini_medical_014_c48157,medical_014,gpt4o_mini,medical,p2_semantic,1,False,False,True,0.0,4.4999999999999996e-05,2
seed_1_p2_semantic_gpt4o_mini_calendar_028_26d203,calendar_028,gpt4o_mini,calendar,p2_semantic,1,False,True,False,0.0,7.17e-05,2
seed_1_p2_semantic_gpt4o_mini_weather_007_cc3782,weather_007,gpt4o_mini,weather,p2_semantic,1,False,False,True,0.0,5.49e-05,2
seed_1_p2_semantic_gpt4o_mini_weather_012_2793fb,weather_012,gpt4o_mini,weather,p2_semantic,1,False,True,False,0.0,6.869999999999999e-05,2
seed_1_p2_semantic_gpt4o_mini_medical_047_7db55b,medical_047,gpt4o_mini,medical,p2_semantic,1,False,True,False,0.0,6.24e-05,2
seed_1_p2_semantic_gpt4o_mini_toolbench_syn_0096_416892,toolbench_syn_0096,gpt4o_mini,weather,p2_semantic,1,False,False,True,0.0,4.77e-05,2
seed_1_p2_semantic_gpt4o_mini_halueval_0042_b84015,halueval_0042,gpt4o_mini,knowledge,p2_semantic,1,False,False,True,0.0,8.999999999999999e-05,2
seed_1_p2_semantic_gpt4o_mini_toolbench_syn_0045_909450,toolbench_syn_0045,gpt4o_mini,weather,p2_semantic,1,False,False,True,0.0,3.78e-05,2
seed_1_p2_semantic_gpt4o_mini_halueval_0025_35d0db,halueval_0025,gpt4o_mini,knowledge,p2_semantic,1,False,False,True,0.0,6.644999999999999e-05,2
seed_1_p2_semantic_gpt4o_mini_weather_090_8b75ab,weather_090,gpt4o_mini,weather,p2_semantic,1,False,False,True,0.0,7.274999999999999e-05,2
seed_1_p2_semantic_gpt4o_mini_halueval_0026_79d705,halueval_0026,gpt4o_mini,knowledge,p2_semantic,1,False,False,True,0.0,7.065e-05,2
seed_1_p2_semantic_gpt4o_mini_weather_027_1588c6,weather_027,gpt4o_mini,weather,p2_semantic,1,False,False,True,0.0,6.81e-05,2
seed_1_p2_semantic_gpt4o_mini_weather_078_5e1edd,weather_078,gpt4o_mini,weather,p2_semantic,1,False,True,False,0.0,0.00010515,2
seed_1_p2_semantic_gpt4o_mini_calendar_085_9c6758,calendar_085,gpt4o_mini,calendar,p2_semantic,1,False,True,False,0.0,0.00010935,2
seed_1_p2_semantic_gpt4o_mini_medical_008_b9018c,medical_008,gpt4o_mini,medical,p2_semantic,1,False,True,False,0.0,5.655e-05,2
seed_1_p2_semantic_gpt4o_mini_medical_063_d69128,medical_063,gpt4o_mini,medical,p2_semantic,1,True,True,False,2.0,0.00021194999999999997,8
seed_1_p2_semantic_gpt4o_mini_weather_096_ffeacc,weather_096,gpt4o_mini,weather,p2_semantic,1,True,False,True,2.0,0.0005991,15
seed_1_p2_semantic_gpt4o_mini_halueval_0019_2e251d,halueval_0019,gpt4o_mini,knowledge,p2_semantic,1,False,False,True,0.0,5.8949999999999996e-05,2
seed_1_p2_semantic_gpt4o_mini_calendar_083_dfc0d3,calendar_083,gpt4o_mini,calendar,p2_semantic,1,True,True,False,2.0,0.0004014,11
seed_1_p2_semantic_gpt4o_mini_calendar_001_a70a37,calendar_001,gpt4o_mini,calendar,p2_semantic,1,False,True,False,0.0,8.19e-05,2
seed_1_p2_semantic_gpt4o_mini_toolbench_syn_0094_0d21d8,toolbench_syn_0094,gpt4o_mini,medical,p2_semantic,1,False,True,False,0.0,5.73e-05,2
seed_1_p2_semantic_gpt4o_mini_calendar_056_e07bfe,calendar_056,gpt4o_mini,calendar,p2_semantic,1,True,False,True,3.0,0.0002184,8
seed_2_p2_semantic_gpt4o_mini_halueval_0039_09db79,halueval_0039,gpt4o_mini,knowledge,p2_semantic,2,False,False,True,0.0,6.585e-05,2
seed_2_p2_semantic_gpt4o_mini_weather_089_fefb08,weather_089,gpt4o_mini,weather,p2_semantic,2,True,False,True,3.0,0.0004968,15
seed_2_p2_semantic_gpt4o_mini_toolbench_syn_0003_d41580,toolbench_syn_0003,gpt4o_mini,calendar,p2_semantic,2,False,True,False,0.0,6.765e-05,2
seed_2_p2_semantic_gpt4o_mini_weather_051_52da52,weather_051,gpt4o_mini,weather,p2_semantic,2,False,True,False,0.0,7.455e-05,2
seed_2_p2_semantic_gpt4o_mini_calendar_100_3fdc92,calendar_100,gpt4o_mini,calendar,p2_semantic,2,True,False,True,3.0,0.00022274999999999997,8
seed_2_p2_semantic_gpt4o_mini_weather_097_90c19e,weather_097,gpt4o_mini,weather,p2_semantic,2,True,True,False,2.0,0.0005571,11
seed_2_p2_semantic_gpt4o_mini_calendar_032_51cd36,calendar_032,gpt4o_mini,calendar,p2_semantic,2,True,False,True,3.0,0.00020175,8
seed_2_p2_semantic_gpt4o_mini_medical_098_0fb5a6,medical_098,gpt4o_mini,medical,p2_semantic,2,True,False,True,3.0,0.00042464999999999994,14
seed_2_p2_semantic_gpt4o_mini_calendar_021_f48825,calendar_021,gpt4o_mini,calendar,p2_semantic,2,False,True,False,0.0,7.934999999999999e-05,2
seed_2_p2_semantic_gpt4o_mini_toolbench_syn_0058_a3b25e,toolbench_syn_0058,gpt4o_mini,weather,p2_semantic,2,False,False,True,0.0,4.47e-05,2
seed_2_p2_semantic_gpt4o_mini_toolbench_syn_0070_cee4eb,toolbench_syn_0070,gpt4o_mini,medical,p2_semantic,2,False,False,True,0.0,4.2149999999999995e-05,2
seed_2_p2_semantic_gpt4o_mini_weather_038_486aa7,weather_038,gpt4o_mini,weather,p2_semantic,2,False,True,False,0.0,4.365e-05,2
seed_2_p2_semantic_gpt4o_mini_weather_005_ea9a81,weather_005,gpt4o_mini,weather,p2_semantic,2,False,False,True,0.0,4.6949999999999996e-05,2
seed_2_p2_semantic_gpt4o_mini_calendar_081_d50a2f,calendar_081,gpt4o_mini,calendar,p2_semantic,2,True,True,False,2.0,0.00042915,11
seed_2_p2_semantic_gpt4o_mini_toolbench_syn_0004_4a53ef,toolbench_syn_0004,gpt4o_mini,weather,p2_semantic,2,False,False,True,0.0,3.9e-05,2
seed_2_p2_semantic_gpt4o_mini_calendar_061_54480a,calendar_061,gpt4o_mini,calendar,p2_semantic,2,True,True,False,2.0,0.0005113499999999999,14
seed_2_p2_semantic_gpt4o_mini_toolbench_syn_0074_4562b2,toolbench_syn_0074,gpt4o_mini,weather,p2_semantic,2,False,False,True,0.0,3.9e-05,2
seed_2_p2_semantic_gpt4o_mini_calendar_089_8a1731,calendar_089,gpt4o_mini,calendar,p2_semantic,2,False,False,True,0.0,9.72e-05,2
seed_2_p2_semantic_gpt4o_mini_halueval_0053_9893e8,halueval_0053,gpt4o_mini,knowledge,p2_semantic,2,False,False,True,0.0,0.00017654999999999998,5
seed_2_p2_semantic_gpt4o_mini_halueval_0068_ab4c54,halueval_0068,gpt4o_mini,knowledge,p2_semantic,2,False,False,True,0.0,9.3e-05,2
seed_2_p2_semantic_gpt4o_mini_weather_094_c161be,weather_094,gpt4o_mini,weather,p2_semantic,2,True,True,False,2.0,0.0005361,11
seed_2_p2_semantic_gpt4o_mini_toolbench_syn_0040_33655a,toolbench_syn_0040,gpt4o_mini,medical,p2_semantic,2,False,False,True,0.0,4.2149999999999995e-05,2
seed_2_p2_semantic_gpt4o_mini_weather_095_a3c8be,weather_095,gpt4o_mini,weather,p2_semantic,2,True,True,False,2.0,0.0004996499999999999,14
seed_2_p2_semantic_gpt4o_mini_halueval_0008_eb251c,halueval_0008,gpt4o_mini,knowledge,p2_semantic,2,False,False,True,0.0,7.74e-05,2
seed_2_p2_semantic_gpt4o_mini_halueval_0007_f51315,halueval_0007,gpt4o_mini,knowledge,p2_semantic,2,False,False,True,0.0,8.984999999999999e-05,2
seed_2_p2_semantic_gpt4o_mini_medical_093_5ae7c5,medical_093,gpt4o_mini,medical,p2_semantic,2,True,True,False,2.0,0.00044025,14
seed_2_p2_semantic_gpt4o_mini_medical_014_ebefac,medical_014,gpt4o_mini,medical,p2_semantic,2,False,False,True,0.0,4.4999999999999996e-05,2
seed_2_p2_semantic_gpt4o_mini_toolbench_syn_0034_d55952,toolbench_syn_0034,gpt4o_mini,calendar,p2_semantic,2,True,True,False,2.0,0.0001638,8
seed_2_p2_semantic_gpt4o_mini_calendar_028_34c813,calendar_028,gpt4o_mini,calendar,p2_semantic,2,False,True,False,0.0,7.47e-05,2
seed_2_p2_semantic_gpt4o_mini_calendar_088_428ad8,calendar_088,gpt4o_mini,calendar,p2_semantic,2,True,False,True,3.0,0.000216,8
seed_2_p2_semantic_gpt4o_mini_weather_012_cc3516,weather_012,gpt4o_mini,weather,p2_semantic,2,False,False,True,0.0,5.37e-05,2
seed_2_p2_semantic_gpt4o_mini_weather_007_418441,weather_007,gpt4o_mini,weather,p2_semantic,2,False,False,True,0.0,5.73e-05,2
seed_2_p2_semantic_gpt4o_mini_toolbench_syn_0096_c89956,toolbench_syn_0096,gpt4o_mini,weather,p2_semantic,2,False,False,True,0.0,4.47e-05,2
seed_2_p2_semantic_gpt4o_mini_medical_047_2bf767,medical_047,gpt4o_mini,medical,p2_semantic,2,False,True,False,0.0,6.12e-05,2
seed_2_p2_semantic_gpt4o_mini_halueval_0042_bbf98b,halueval_0042,gpt4o_mini,knowledge,p2_semantic,2,False,False,True,0.0,9.599999999999999e-05,2
seed_2_p2_semantic_gpt4o_mini_toolbench_syn_0045_752471,toolbench_syn_0045,gpt4o_mini,weather,p2_semantic,2,False,False,True,0.0,3.78e-05,2
seed_2_p2_semantic_gpt4o_mini_halueval_0025_3a7dcf,halueval_0025,gpt4o_mini,knowledge,p2_semantic,2,False,False,True,0.0,6.405e-05,2
seed_2_p2_semantic_gpt4o_mini_weather_090_ab5a8a,weather_090,gpt4o_mini,weather,p2_semantic,2,False,False,True,0.0,8.654999999999999e-05,2
seed_2_p2_semantic_gpt4o_mini_weather_027_d0a5c5,weather_027,gpt4o_mini,weather,p2_semantic,2,False,False,True,0.0,5.3099999999999996e-05,2
seed_2_p2_semantic_gpt4o_mini_halueval_0026_2aafaa,halueval_0026,gpt4o_mini,knowledge,p2_semantic,2,False,False,True,0.0,7.005e-05,2
seed_2_p2_semantic_gpt4o_mini_weather_078_a64349,weather_078,gpt4o_mini,weather,p2_semantic,2,False,False,True,0.0,8.415e-05,2
seed_2_p2_semantic_gpt4o_mini_calendar_085_3b6124,calendar_085,gpt4o_mini,calendar,p2_semantic,2,False,False,True,0.0,0.00010575,2
seed_2_p2_semantic_gpt4o_mini_medical_008_8d33a0,medical_008,gpt4o_mini,medical,p2_semantic,2,False,True,False,0.0,5.655e-05,2
seed_2_p2_semantic_gpt4o_mini_medical_063_c7f82a,medical_063,gpt4o_mini,medical,p2_semantic,2,True,True,False,2.0,0.0002076,8
seed_2_p2_semantic_gpt4o_mini_calendar_001_2253e0,calendar_001,gpt4o_mini,calendar,p2_semantic,2,False,True,False,0.0,8.13e-05,2
seed_2_p2_semantic_gpt4o_mini_halueval_0019_58f878,halueval_0019,gpt4o_mini,knowledge,p2_semantic,2,False,False,True,0.0,6.855e-05,2
seed_2_p2_semantic_gpt4o_mini_toolbench_syn_0094_493bed,toolbench_syn_0094,gpt4o_mini,medical,p2_semantic,2,False,True,False,0.0,5.37e-05,2
seed_2_p2_semantic_gpt4o_mini_calendar_083_2018fc,calendar_083,gpt4o_mini,calendar,p2_semantic,2,True,True,False,2.0,0.0005051999999999999,11
seed_2_p2_semantic_gpt4o_mini_weather_096_fb2431,weather_096,gpt4o_mini,weather,p2_semantic,2,True,True,False,2.0,0.000384,8
seed_2_p2_semantic_gpt4o_mini_calendar_056_1b1866,calendar_056,gpt4o_mini,calendar,p2_semantic,2,True,False,True,3.0,0.0002196,8
seed_3_p2_semantic_gpt4o_mini_weather_089_296526,weather_089,gpt4o_mini,weather,p2_semantic,3,True,True,False,2.0,0.00034395,11
seed_3_p2_semantic_gpt4o_mini_halueval_0039_5ce655,halueval_0039,gpt4o_mini,knowledge,p2_semantic,3,False,False,True,0.0,6.345e-05,2
seed_3_p2_semantic_gpt4o_mini_toolbench_syn_0003_730047,toolbench_syn_0003,gpt4o_mini,calendar,p2_semantic,3,False,True,False,0.0,6.765e-05,2
seed_3_p2_semantic_gpt4o_mini_weather_051_295284,weather_051,gpt4o_mini,weather,p2_semantic,3,False,True,False,0.0,7.455e-05,2
seed_3_p2_semantic_gpt4o_mini_calendar_100_1587c6,calendar_100,gpt4o_mini,calendar,p2_semantic,3,True,False,True,3.0,0.0002238,8
seed_3_p2_semantic_gpt4o_mini_weather_097_a1ee08,weather_097,gpt4o_mini,weather,p2_semantic,3,True,True,False,2.0,0.00058395,11
seed_3_p2_semantic_gpt4o_mini_medical_098_6a5df1,medical_098,gpt4o_mini,medical,p2_semantic,3,True,False,True,3.0,0.00042195,14
seed_3_p2_semantic_gpt4o_mini_calendar_032_fc9dca,calendar_032,gpt4o_mini,calendar,p2_semantic,3,True,False,True,3.0,0.00020175,8
seed_3_p2_semantic_gpt4o_mini_calendar_021_ca5b73,calendar_021,gpt4o_mini,calendar,p2_semantic,3,False,True,False,0.0,7.755e-05,2
seed_3_p2_semantic_gpt4o_mini_toolbench_syn_0058_107302,toolbench_syn_0058,gpt4o_mini,weather,p2_semantic,3,False,False,True,0.0,4.47e-05,2
seed_3_p2_semantic_gpt4o_mini_toolbench_syn_0070_799e2e,toolbench_syn_0070,gpt4o_mini,medical,p2_semantic,3,False,False,True,0.0,4.2149999999999995e-05,2
seed_3_p2_semantic_gpt4o_mini_weather_038_723504,weather_038,gpt4o_mini,weather,p2_semantic,3,False,False,True,0.0,4.185e-05,2
seed_3_p2_semantic_gpt4o_mini_weather_005_28a418,weather_005,gpt4o_mini,weather,p2_semantic,3,False,True,False,0.0,4.815e-05,2
seed_3_p2_semantic_gpt4o_mini_calendar_081_06850e,calendar_081,gpt4o_mini,calendar,p2_semantic,3,True,True,False,2.0,0.00057405,14
seed_3_p2_semantic_gpt4o_mini_calendar_061_18e663,calendar_061,gpt4o_mini,calendar,p2_semantic,3,True,True,False,2.0,0.00052095,14
seed_3_p2_semantic_gpt4o_mini_toolbench_syn_0004_d35de6,toolbench_syn_0004,gpt4o_mini,weather,p2_semantic,3,False,False,True,0.0,4.56e-05,2
seed_3_p2_semantic_gpt4o_mini_toolbench_syn_0074_f56b7b,toolbench_syn_0074,gpt4o_mini,weather,p2_semantic,3,False,False,True,0.0,3.9e-05,2
seed_3_p2_semantic_gpt4o_mini_halueval_0053_ba2ec8,halueval_0053,gpt4o_mini,knowledge,p2_semantic,3,False,False,True,0.0,0.0001008,2
seed_3_p2_semantic_gpt4o_mini_weather_094_6152f1,weather_094,gpt4o_mini,weather,p2_semantic,3,True,True,False,2.0,0.0005512500000000001,11
seed_3_p2_semantic_gpt4o_mini_halueval_0068_a708e7,halueval_0068,gpt4o_mini,knowledge,p2_semantic,3,False,False,True,0.0,0.00018734999999999997,3
seed_3_p2_semantic_gpt4o_mini_calendar_089_e4838a,calendar_089,gpt4o_mini,calendar,p2_semantic,3,True,True,False,2.0,0.00052695,14
seed_3_p2_semantic_gpt4o_mini_toolbench_syn_0040_f91594,toolbench_syn_0040,gpt4o_mini,medical,p2_semantic,3,False,False,True,0.0,4.2149999999999995e-05,2
seed_3_p2_semantic_gpt4o_mini_weather_095_c63c5f,weather_095,gpt4o_mini,weather,p2_semantic,3,True,True,False,2.0,0.00043155,11
seed_3_p2_semantic_gpt4o_mini_halueval_0008_1cd0d4,halueval_0008,gpt4o_mini,knowledge,p2_semantic,3,False,False,True,0.0,6.84e-05,2
seed_3_p2_semantic_gpt4o_mini_halueval_0007_3903be,halueval_0007,gpt4o_mini,knowledge,p2_semantic,3,False,False,True,0.0,8.984999999999999e-05,2
seed_3_p2_semantic_gpt4o_mini_medical_093_1f5282,medical_093,gpt4o_mini,medical,p2_semantic,3,True,True,False,2.0,0.00043769999999999996,14
seed_3_p2_semantic_gpt4o_mini_toolbench_syn_0034_979e81,toolbench_syn_0034,gpt4o_mini,calendar,p2_semantic,3,True,True,False,2.0,0.0001638,8
seed_3_p2_semantic_gpt4o_mini_calendar_088_acd95e,calendar_088,gpt4o_mini,calendar,p2_semantic,3,True,False,True,3.0,0.00021075,8
seed_3_p2_semantic_gpt4o_mini_calendar_028_9edf53,calendar_028,gpt4o_mini,calendar,p2_semantic,3,False,True,False,0.0,7.47e-05,2
seed_3_p2_semantic_gpt4o_mini_medical_014_38ae35,medical_014,gpt4o_mini,medical,p2_semantic,3,True,True,False,2.0,0.00014025,8
seed_3_p2_semantic_gpt4o_mini_weather_012_b70cc1,weather_012,gpt4o_mini,weather,p2_semantic,3,False,True,False,0.0,7.35e-05,2
seed_3_p2_semantic_gpt4o_mini_weather_007_96da29,weather_007,gpt4o_mini,weather,p2_semantic,3,False,False,True,0.0,5.6099999999999995e-05,2
seed_3_p2_semantic_gpt4o_mini_medical_047_1e871b,medical_047,gpt4o_mini,medical,p2_semantic,3,False,True,False,0.0,5.76e-05,2
seed_3_p2_semantic_gpt4o_mini_halueval_0042_f7775c,halueval_0042,gpt4o_mini,knowledge,p2_semantic,3,False,False,True,0.0,9.12e-05,2
seed_3_p2_semantic_gpt4o_mini_toolbench_syn_0045_e79c70,toolbench_syn_0045,gpt4o_mini,weather,p2_semantic,3,False,False,True,0.0,3.9e-05,2
seed_3_p2_semantic_gpt4o_mini_toolbench_syn_0096_9000a5,toolbench_syn_0096,gpt4o_mini,weather,p2_semantic,3,False,False,True,0.0,5.489999999999999e-05,2
seed_3_p2_semantic_gpt4o_mini_halueval_0025_8e80c6,halueval_0025,gpt4o_mini,knowledge,p2_semantic,3,False,False,True,0.0,9.164999999999999e-05,2
seed_3_p2_semantic_gpt4o_mini_halueval_0026_11acc7,halueval_0026,gpt4o_mini,knowledge,p2_semantic,3,False,False,True,0.0,7.304999999999999e-05,2
seed_3_p2_semantic_gpt4o_mini_weather_090_cca9b8,weather_090,gpt4o_mini,weather,p2_semantic,3,False,True,False,0.0,6.255e-05,2
seed_3_p2_semantic_gpt4o_mini_weather_027_93e86f,weather_027,gpt4o_mini,weather,p2_semantic,3,False,False,True,0.0,6.75e-05,2
seed_3_p2_semantic_gpt4o_mini_weather_078_e43aea,weather_078,gpt4o_mini,weather,p2_semantic,3,False,True,False,0.0,9.735e-05,2
seed_3_p2_semantic_gpt4o_mini_medical_008_b659ca,medical_008,gpt4o_mini,medical,p2_semantic,3,False,True,False,0.0,5.655e-05,2
seed_3_p2_semantic_gpt4o_mini_calendar_085_1e461a,calendar_085,gpt4o_mini,calendar,p2_semantic,3,True,True,False,2.0,0.00039119999999999997,11
seed_3_p2_semantic_gpt4o_mini_medical_063_7d133b,medical_063,gpt4o_mini,medical,p2_semantic,3,True,False,True,3.0,0.0004580999999999999,14
seed_3_p2_semantic_gpt4o_mini_weather_096_745b3b,weather_096,gpt4o_mini,weather,p2_semantic,3,True,True,False,1.0,0.00045434999999999996,11
seed_3_p2_semantic_gpt4o_mini_calendar_083_f652af,calendar_083,gpt4o_mini,calendar,p2_semantic,3,True,True,False,2.0,0.00051165,11
seed_3_p2_semantic_gpt4o_mini_halueval_0019_5ac542,halueval_0019,gpt4o_mini,knowledge,p2_semantic,3,False,False,True,0.0,5.8949999999999996e-05,2
seed_3_p2_semantic_gpt4o_mini_calendar_001_aefdeb,calendar_001,gpt4o_mini,calendar,p2_semantic,3,False,True,False,0.0,8.19e-05,2
seed_1_baseline_gemini_20_flash_weather_089_7405fc,weather_089,gemini_20_flash,weather,baseline,1,False,True,False,0.0,8.05e-05,2
seed_3_p2_semantic_gpt4o_mini_toolbench_syn_0094_a781a7,toolbench_syn_0094,gpt4o_mini,medical,p2_semantic,3,True,False,True,3.0,0.00019635,8
seed_1_baseline_gemini_20_flash_weather_097_2d3188,weather_097,gemini_20_flash,weather,baseline,1,False,True,False,0.0,0.0001115,2
seed_1_baseline_gemini_20_flash_halueval_0039_3d3b1b,halueval_0039,gemini_20_flash,knowledge,baseline,1,False,False,True,0.0,6.86e-05,2
seed_3_p2_semantic_gpt4o_mini_calendar_056_6434f4,calendar_056,gpt4o_mini,calendar,p2_semantic,3,True,False,True,3.0,0.0002151,8
seed_1_baseline_gemini_20_flash_toolbench_syn_0003_386cab,toolbench_syn_0003,gemini_20_flash,calendar,baseline,1,False,True,False,0.0,6.77e-05,2
seed_1_baseline_gemini_20_flash_weather_051_bc2f7f,weather_051,gemini_20_flash,weather,baseline,1,False,True,False,0.0,8.3e-05,2
seed_1_baseline_gemini_20_flash_calendar_100_8fe92c,calendar_100,gemini_20_flash,calendar,baseline,1,False,False,True,0.0,9.620000000000001e-05,2
seed_1_baseline_gemini_20_flash_medical_098_d1e2c4,medical_098,gemini_20_flash,medical,baseline,1,False,False,True,0.0,8.04e-05,2
seed_1_baseline_gemini_20_flash_calendar_032_92228c,calendar_032,gemini_20_flash,calendar,baseline,1,False,True,False,0.0,3.7300000000000005e-05,2
seed_1_baseline_gemini_20_flash_calendar_021_075b52,calendar_021,gemini_20_flash,calendar,baseline,1,False,True,False,0.0,5.2000000000000004e-05,2
seed_1_baseline_gemini_20_flash_toolbench_syn_0058_197043,toolbench_syn_0058,gemini_20_flash,weather,baseline,1,False,False,True,0.0,4.5600000000000004e-05,2
seed_1_baseline_gemini_20_flash_toolbench_syn_0070_d832cc,toolbench_syn_0070,gemini_20_flash,medical,baseline,1,False,False,True,0.0,3.51e-05,2
seed_1_baseline_gemini_20_flash_calendar_081_8bd0c8,calendar_081,gemini_20_flash,calendar,baseline,1,False,True,False,0.0,8.840000000000001e-05,2
seed_1_baseline_gemini_20_flash_weather_038_371f20,weather_038,gemini_20_flash,weather,baseline,1,False,True,False,0.0,3.7800000000000004e-05,2
seed_1_baseline_gemini_20_flash_weather_005_6711b9,weather_005,gemini_20_flash,weather,baseline,1,False,True,False,0.0,4.7100000000000006e-05,2
seed_1_baseline_gemini_20_flash_calendar_061_9678bc,calendar_061,gemini_20_flash,calendar,baseline,1,False,False,True,0.0,9.44e-05,2
seed_1_baseline_gemini_20_flash_toolbench_syn_0004_516c61,toolbench_syn_0004,gemini_20_flash,weather,baseline,1,False,False,True,0.0,3.3600000000000004e-05,2
seed_1_baseline_gemini_20_flash_weather_094_66e2bf,weather_094,gemini_20_flash,weather,baseline,1,False,True,False,0.0,0.00010750000000000001,2
seed_1_baseline_gemini_20_flash_toolbench_syn_0074_59a808,toolbench_syn_0074,gemini_20_flash,weather,baseline,1,False,False,True,0.0,3.72e-05,2
seed_1_baseline_gemini_20_flash_calendar_089_e73820,calendar_089,gemini_20_flash,calendar,baseline,1,False,True,False,0.0,0.0001284,2
seed_1_baseline_gemini_20_flash_halueval_0053_0cdd18,halueval_0053,gemini_20_flash,knowledge,baseline,1,False,False,True,0.0,8.31e-05,2
seed_1_baseline_gemini_20_flash_weather_095_85acf4,weather_095,gemini_20_flash,weather,baseline,1,False,True,False,0.0,8.450000000000001e-05,2
seed_1_baseline_gemini_20_flash_halueval_0068_6ca403,halueval_0068,gemini_20_flash,knowledge,baseline,1,False,False,True,0.0,4.610000000000001e-05,2
seed_1_baseline_gemini_20_flash_medical_093_ab22ee,medical_093,gemini_20_flash,medical,baseline,1,False,False,True,0.0,6.48e-05,2
seed_1_baseline_gemini_20_flash_halueval_0007_1cb642,halueval_0007,gemini_20_flash,knowledge,baseline,1,False,False,True,0.0,3.9200000000000004e-05,2
seed_1_baseline_gemini_20_flash_toolbench_syn_0040_6174f3,toolbench_syn_0040,gemini_20_flash,medical,baseline,1,False,False,True,0.0,3.51e-05,2
seed_1_baseline_gemini_20_flash_halueval_0008_b76ba0,halueval_0008,gemini_20_flash,knowledge,baseline,1,False,False,True,0.0,3.5100000000000006e-05,2
seed_1_baseline_gemini_20_flash_medical_014_b3b43d,medical_014,gemini_20_flash,medical,baseline,1,False,True,False,0.0,3.33e-05,2
seed_1_baseline_gemini_20_flash_calendar_088_554152,calendar_088,gemini_20_flash,calendar,baseline,1,False,False,True,0.0,9.630000000000001e-05,2
seed_1_baseline_gemini_20_flash_calendar_028_a7499e,calendar_028,gemini_20_flash,calendar,baseline,1,False,True,False,0.0,5.46e-05,2
seed_1_baseline_gemini_20_flash_weather_012_42627e,weather_012,gemini_20_flash,weather,baseline,1,False,True,False,0.0,5.3e-05,2
seed_1_baseline_gemini_20_flash_toolbench_syn_0034_b169ff,toolbench_syn_0034,gemini_20_flash,calendar,baseline,1,False,False,True,0.0,0.0001943,8
seed_1_baseline_gemini_20_flash_halueval_0042_2a2359,halueval_0042,gemini_20_flash,knowledge,baseline,1,False,False,True,0.0,3.69e-05,2
seed_1_baseline_gemini_20_flash_weather_007_fbb288,weather_007,gemini_20_flash,weather,baseline,1,False,False,True,0.0,5.42e-05,2
seed_1_baseline_gemini_20_flash_halueval_0025_466c6f,halueval_0025,gemini_20_flash,knowledge,baseline,1,False,False,True,0.0,4.3e-05,2
seed_1_baseline_gemini_20_flash_medical_047_3d4982,medical_047,gemini_20_flash,medical,baseline,1,False,True,False,0.0,5.2600000000000005e-05,2
seed_1_baseline_gemini_20_flash_toolbench_syn_0096_dee7f1,toolbench_syn_0096,gemini_20_flash,weather,baseline,1,False,False,True,0.0,6.0400000000000004e-05,2
seed_1_baseline_gemini_20_flash_toolbench_syn_0045_3a0785,toolbench_syn_0045,gemini_20_flash,weather,baseline,1,False,False,True,0.0,4.0400000000000006e-05,2
seed_1_baseline_gemini_20_flash_halueval_0026_0a0e88,halueval_0026,gemini_20_flash,knowledge,baseline,1,False,False,True,0.0,6.02e-05,2
seed_1_baseline_gemini_20_flash_weather_090_90d7e3,weather_090,gemini_20_flash,weather,baseline,1,False,True,False,0.0,8.060000000000001e-05,2
seed_1_baseline_gemini_20_flash_weather_027_a54e7f,weather_027,gemini_20_flash,weather,baseline,1,False,True,False,0.0,5.42e-05,2
seed_1_baseline_gemini_20_flash_weather_078_70e9eb,weather_078,gemini_20_flash,weather,baseline,1,False,True,False,0.0,6.42e-05,2
seed_1_baseline_gemini_20_flash_calendar_085_f83fa1,calendar_085,gemini_20_flash,calendar,baseline,1,False,True,False,0.0,9.13e-05,2
seed_1_baseline_gemini_20_flash_medical_063_2796ba,medical_063,gemini_20_flash,medical,baseline,1,False,False,True,0.0,5.780000000000001e-05,2
seed_1_baseline_gemini_20_flash_medical_008_721682,medical_008,gemini_20_flash,medical,baseline,1,False,True,False,0.0,6.48e-05,2
seed_1_baseline_gemini_20_flash_calendar_001_2d9372,calendar_001,gemini_20_flash,calendar,baseline,1,False,True,False,0.0,4.1700000000000004e-05,2
seed_1_baseline_gemini_20_flash_weather_096_784b80,weather_096,gemini_20_flash,weather,baseline,1,False,True,False,0.0,7.780000000000001e-05,2
seed_1_baseline_gemini_20_flash_calendar_083_9e1041,calendar_083,gemini_20_flash,calendar,baseline,1,False,True,False,0.0,9.210000000000002e-05,2
seed_1_baseline_gemini_20_flash_halueval_0019_a01db7,halueval_0019,gemini_20_flash,knowledge,baseline,1,False,False,True,0.0,5.25e-05,2
seed_1_baseline_gemini_20_flash_toolbench_syn_0094_9f632d,toolbench_syn_0094,gemini_20_flash,medical,baseline,1,False,False,True,0.0,5.39e-05,2
seed_1_baseline_gemini_20_flash_calendar_056_548883,calendar_056,gemini_20_flash,calendar,baseline,1,False,False,True,0.0,0.0001039,2
seed_2_baseline_gemini_20_flash_weather_089_5da3dc,weather_089,gemini_20_flash,weather,baseline,2,False,True,False,0.0,7.970000000000001e-05,2
seed_2_baseline_gemini_20_flash_halueval_0039_a7ac4f,halueval_0039,gemini_20_flash,knowledge,baseline,2,False,False,True,0.0,4.46e-05,2
seed_2_baseline_gemini_20_flash_weather_097_9b3c46,weather_097,gemini_20_flash,weather,baseline,2,False,True,False,0.0,0.0001183,2
seed_2_baseline_gemini_20_flash_toolbench_syn_0003_7020b5,toolbench_syn_0003,gemini_20_flash,calendar,baseline,2,False,True,False,0.0,6.77e-05,2
seed_2_baseline_gemini_20_flash_weather_051_791936,weather_051,gemini_20_flash,weather,baseline,2,False,True,False,0.0,8.3e-05,2
seed_2_baseline_gemini_20_flash_calendar_032_43f460,calendar_032,gemini_20_flash,calendar,baseline,2,False,True,False,0.0,3.65e-05,2
seed_2_baseline_gemini_20_flash_calendar_100_d9ff2d,calendar_100,gemini_20_flash,calendar,baseline,2,False,False,True,0.0,9.620000000000001e-05,2
seed_2_baseline_gemini_20_flash_medical_098_ee562c,medical_098,gemini_20_flash,medical,baseline,2,False,False,True,0.0,7.999999999999999e-05,2
seed_2_baseline_gemini_20_flash_calendar_021_1370a1,calendar_021,gemini_20_flash,calendar,baseline,2,False,True,False,0.0,5.2000000000000004e-05,2
seed_2_baseline_gemini_20_flash_toolbench_syn_0058_56c3ed,toolbench_syn_0058,gemini_20_flash,weather,baseline,2,False,False,True,0.0,4.5600000000000004e-05,2
seed_2_baseline_gemini_20_flash_calendar_081_e2981c,calendar_081,gemini_20_flash,calendar,baseline,2,False,True,False,0.0,8.840000000000001e-05,2
seed_2_baseline_gemini_20_flash_toolbench_syn_0070_f5d24f,toolbench_syn_0070,gemini_20_flash,medical,baseline,2,False,False,True,0.0,3.51e-05,2
seed_2_baseline_gemini_20_flash_weather_038_f4737d,weather_038,gemini_20_flash,weather,baseline,2,False,True,False,0.0,4.4200000000000004e-05,2
seed_2_baseline_gemini_20_flash_weather_005_fbee08,weather_005,gemini_20_flash,weather,baseline,2,False,True,False,0.0,5.270000000000001e-05,2
seed_2_baseline_gemini_20_flash_calendar_061_3f12e0,calendar_061,gemini_20_flash,calendar,baseline,2,False,True,False,0.0,0.00010000000000000002,2
seed_2_baseline_gemini_20_flash_toolbench_syn_0004_7a8d76,toolbench_syn_0004,gemini_20_flash,weather,baseline,2,False,False,True,0.0,3.4e-05,2
seed_2_baseline_gemini_20_flash_weather_094_42fc8a,weather_094,gemini_20_flash,weather,baseline,2,False,True,False,0.0,0.00010750000000000001,2
seed_2_baseline_gemini_20_flash_toolbench_syn_0074_0e6642,toolbench_syn_0074,gemini_20_flash,weather,baseline,2,False,False,True,0.0,3.2000000000000005e-05,2
seed_2_baseline_gemini_20_flash_calendar_089_5c39f5,calendar_089,gemini_20_flash,calendar,baseline,2,False,False,True,0.0,9.480000000000001e-05,2
seed_2_baseline_gemini_20_flash_halueval_0053_32e6bf,halueval_0053,gemini_20_flash,knowledge,baseline,2,False,False,True,0.0,8.31e-05,2
seed_2_baseline_gemini_20_flash_weather_095_ac64c9,weather_095,gemini_20_flash,weather,baseline,2,False,True,False,0.0,8.450000000000001e-05,2
seed_2_baseline_gemini_20_flash_halueval_0068_ed9fc9,halueval_0068,gemini_20_flash,knowledge,baseline,2,False,False,True,0.0,3.77e-05,2
seed_2_baseline_gemini_20_flash_halueval_0007_ccaf41,halueval_0007,gemini_20_flash,knowledge,baseline,2,False,False,True,0.0,3.9200000000000004e-05,2
seed_2_baseline_gemini_20_flash_medical_093_9fb786,medical_093,gemini_20_flash,medical,baseline,2,False,False,True,0.0,6.48e-05,2
seed_2_baseline_gemini_20_flash_toolbench_syn_0040_c998a5,toolbench_syn_0040,gemini_20_flash,medical,baseline,2,False,False,True,0.0,3.51e-05,2
seed_2_baseline_gemini_20_flash_halueval_0008_9e7c49,halueval_0008,gemini_20_flash,knowledge,baseline,2,False,False,True,0.0,4.4300000000000006e-05,2
seed_2_baseline_gemini_20_flash_calendar_088_6725a5,calendar_088,gemini_20_flash,calendar,baseline,2,False,False,True,0.0,8.350000000000001e-05,2
seed_2_baseline_gemini_20_flash_medical_014_8d5ea6,medical_014,gemini_20_flash,medical,baseline,2,False,True,False,0.0,3.57e-05,2
seed_2_baseline_gemini_20_flash_toolbench_syn_0034_fe2a25,toolbench_syn_0034,gemini_20_flash,calendar,baseline,2,False,False,True,0.0,0.000106,5
seed_2_baseline_gemini_20_flash_calendar_028_3f622f,calendar_028,gemini_20_flash,calendar,baseline,2,False,True,False,0.0,5.6999999999999996e-05,2
seed_2_baseline_gemini_20_flash_weather_012_09baec,weather_012,gemini_20_flash,weather,baseline,2,False,True,False,0.0,5.3e-05,2
seed_2_baseline_gemini_20_flash_weather_007_243b0a,weather_007,gemini_20_flash,weather,baseline,2,False,False,True,0.0,5.42e-05,2
seed_2_baseline_gemini_20_flash_medical_047_5d5587,medical_047,gemini_20_flash,medical,baseline,2,False,True,False,0.0,4.2600000000000005e-05,2
seed_2_baseline_gemini_20_flash_halueval_0042_d2878c,halueval_0042,gemini_20_flash,knowledge,baseline,2,False,False,True,0.0,6.53e-05,3
seed_2_baseline_gemini_20_flash_halueval_0025_e21308,halueval_0025,gemini_20_flash,knowledge,baseline,2,False,False,True,0.0,4.3e-05,2
seed_2_baseline_gemini_20_flash_toolbench_syn_0096_bb2001,toolbench_syn_0096,gemini_20_flash,weather,baseline,2,False,False,True,0.0,9.48e-05,2
seed_2_baseline_gemini_20_flash_toolbench_syn_0045_e22add,toolbench_syn_0045,gemini_20_flash,weather,baseline,2,False,False,True,0.0,4.0400000000000006e-05,2
seed_2_baseline_gemini_20_flash_weather_090_8f74b3,weather_090,gemini_20_flash,weather,baseline,2,False,True,False,0.0,8.180000000000001e-05,2
seed_2_baseline_gemini_20_flash_halueval_0026_e5222f,halueval_0026,gemini_20_flash,knowledge,baseline,2,False,False,True,0.0,6.1000000000000005e-05,2
seed_2_baseline_gemini_20_flash_weather_027_af171a,weather_027,gemini_20_flash,weather,baseline,2,False,True,False,0.0,5.380000000000001e-05,2
seed_2_baseline_gemini_20_flash_weather_078_5f25ff,weather_078,gemini_20_flash,weather,baseline,2,False,True,False,0.0,8.260000000000002e-05,2
seed_2_baseline_gemini_20_flash_medical_063_1e301f,medical_063,gemini_20_flash,medical,baseline,2,False,False,True,0.0,5.780000000000001e-05,2
seed_2_baseline_gemini_20_flash_calendar_085_d5491b,calendar_085,gemini_20_flash,calendar,baseline,2,False,True,False,0.0,9.13e-05,2
seed_2_baseline_gemini_20_flash_medical_008_255edd,medical_008,gemini_20_flash,medical,baseline,2,False,True,False,0.0,6.440000000000001e-05,2
seed_2_baseline_gemini_20_flash_calendar_083_9d90a7,calendar_083,gemini_20_flash,calendar,baseline,2,False,True,False,0.0,9.210000000000002e-05,2
seed_2_baseline_gemini_20_flash_weather_096_08f782,weather_096,gemini_20_flash,weather,baseline,2,False,True,False,0.0,7.780000000000001e-05,2
seed_2_baseline_gemini_20_flash_calendar_001_2c72a3,calendar_001,gemini_20_flash,calendar,baseline,2,False,True,False,0.0,4.1700000000000004e-05,2
seed_2_baseline_gemini_20_flash_halueval_0019_f55d57,halueval_0019,gemini_20_flash,knowledge,baseline,2,False,False,True,0.0,5.41e-05,2
seed_2_baseline_gemini_20_flash_toolbench_syn_0094_7e4b52,toolbench_syn_0094,gemini_20_flash,medical,baseline,2,False,False,True,0.0,5.67e-05,2
seed_3_baseline_gemini_20_flash_weather_089_46da2b,weather_089,gemini_20_flash,weather,baseline,3,False,True,False,0.0,8.05e-05,2
seed_2_baseline_gemini_20_flash_calendar_056_3e1333,calendar_056,gemini_20_flash,calendar,baseline,2,False,False,True,0.0,0.0001039,2
seed_3_baseline_gemini_20_flash_halueval_0039_08e698,halueval_0039,gemini_20_flash,knowledge,baseline,3,False,False,True,0.0,6.86e-05,2
seed_3_baseline_gemini_20_flash_weather_097_0515a8,weather_097,gemini_20_flash,weather,baseline,3,False,True,False,0.0,0.0001183,2
seed_3_baseline_gemini_20_flash_toolbench_syn_0003_60b69a,toolbench_syn_0003,gemini_20_flash,calendar,baseline,3,False,True,False,0.0,6.77e-05,2
seed_3_baseline_gemini_20_flash_weather_051_485094,weather_051,gemini_20_flash,weather,baseline,3,False,True,False,0.0,8.3e-05,2
seed_3_baseline_gemini_20_flash_medical_098_ae7547,medical_098,gemini_20_flash,medical,baseline,3,False,False,True,0.0,8.04e-05,2
seed_3_baseline_gemini_20_flash_calendar_100_0447ff,calendar_100,gemini_20_flash,calendar,baseline,3,False,False,True,0.0,9.620000000000001e-05,2
seed_3_baseline_gemini_20_flash_toolbench_syn_0058_614ffd,toolbench_syn_0058,gemini_20_flash,weather,baseline,3,False,False,True,0.0,4.52e-05,2
seed_3_baseline_gemini_20_flash_calendar_032_70789d,calendar_032,gemini_20_flash,calendar,baseline,3,False,True,False,0.0,3.7300000000000005e-05,2
seed_3_baseline_gemini_20_flash_calendar_021_975f9b,calendar_021,gemini_20_flash,calendar,baseline,3,False,True,False,0.0,5.2000000000000004e-05,2
seed_3_baseline_gemini_20_flash_toolbench_syn_0070_e8589e,toolbench_syn_0070,gemini_20_flash,medical,baseline,3,False,False,True,0.0,3.51e-05,2
seed_3_baseline_gemini_20_flash_weather_038_b0c758,weather_038,gemini_20_flash,weather,baseline,3,False,True,False,0.0,4.4200000000000004e-05,2
seed_3_baseline_gemini_20_flash_calendar_081_59c1f5,calendar_081,gemini_20_flash,calendar,baseline,3,False,True,False,0.0,8.840000000000001e-05,2
seed_3_baseline_gemini_20_flash_weather_005_384665,weather_005,gemini_20_flash,weather,baseline,3,False,True,False,0.0,5.270000000000001e-05,2
seed_3_baseline_gemini_20_flash_calendar_061_f80bdc,calendar_061,gemini_20_flash,calendar,baseline,3,False,True,False,0.0,0.00010000000000000002,2
seed_3_baseline_gemini_20_flash_toolbench_syn_0004_f7e396,toolbench_syn_0004,gemini_20_flash,weather,baseline,3,False,False,True,0.0,3.3600000000000004e-05,2
seed_3_baseline_gemini_20_flash_weather_094_e35543,weather_094,gemini_20_flash,weather,baseline,3,False,True,False,0.0,0.00010750000000000001,2
seed_3_baseline_gemini_20_flash_toolbench_syn_0074_6cbcec,toolbench_syn_0074,gemini_20_flash,weather,baseline,3,False,False,True,0.0,3.2000000000000005e-05,2
seed_3_baseline_gemini_20_flash_calendar_089_261662,calendar_089,gemini_20_flash,calendar,baseline,3,False,False,True,0.0,9.480000000000001e-05,2
seed_3_baseline_gemini_20_flash_halueval_0053_a46a5d,halueval_0053,gemini_20_flash,knowledge,baseline,3,False,False,True,0.0,8.31e-05,2
seed_3_baseline_gemini_20_flash_halueval_0068_2ed66a,halueval_0068,gemini_20_flash,knowledge,baseline,3,False,False,True,0.0,3.77e-05,2
seed_3_baseline_gemini_20_flash_weather_095_dbb400,weather_095,gemini_20_flash,weather,baseline,3,False,True,False,0.0,8.450000000000001e-05,2
seed_3_baseline_gemini_20_flash_medical_093_06a7d1,medical_093,gemini_20_flash,medical,baseline,3,False,False,True,0.0,6.48e-05,2
seed_3_baseline_gemini_20_flash_halueval_0007_80949e,halueval_0007,gemini_20_flash,knowledge,baseline,3,False,False,True,0.0,3.9200000000000004e-05,2
seed_3_baseline_gemini_20_flash_toolbench_syn_0040_a644d9,toolbench_syn_0040,gemini_20_flash,medical,baseline,3,False,False,True,0.0,3.51e-05,2
seed_3_baseline_gemini_20_flash_halueval_0008_e21632,halueval_0008,gemini_20_flash,knowledge,baseline,3,False,False,True,0.0,4.4300000000000006e-05,2
seed_3_baseline_gemini_20_flash_medical_014_c06af4,medical_014,gemini_20_flash,medical,baseline,3,False,True,False,0.0,3.57e-05,2
seed_3_baseline_gemini_20_flash_calendar_088_843c60,calendar_088,gemini_20_flash,calendar,baseline,3,False,False,True,0.0,9.630000000000001e-05,2
seed_3_baseline_gemini_20_flash_toolbench_syn_0034_d9f623,toolbench_syn_0034,gemini_20_flash,calendar,baseline,3,False,False,True,0.0,0.000106,5
seed_3_baseline_gemini_20_flash_calendar_028_6df550,calendar_028,gemini_20_flash,calendar,baseline,3,False,True,False,0.0,5.46e-05,2
seed_3_baseline_gemini_20_flash_weather_012_092014,weather_012,gemini_20_flash,weather,baseline,3,False,True,False,0.0,5.3e-05,2
seed_3_baseline_gemini_20_flash_weather_007_87c2d2,weather_007,gemini_20_flash,weather,baseline,3,False,True,False,0.0,4.7000000000000004e-05,2
seed_3_baseline_gemini_20_flash_halueval_0042_3fead1,halueval_0042,gemini_20_flash,knowledge,baseline,3,False,False,True,0.0,3.69e-05,2
seed_3_baseline_gemini_20_flash_medical_047_5766d2,medical_047,gemini_20_flash,medical,baseline,3,False,True,False,0.0,4.2600000000000005e-05,2
seed_3_baseline_gemini_20_flash_toolbench_syn_0096_263e7c,toolbench_syn_0096,gemini_20_flash,weather,baseline,3,False,False,True,0.0,6.0400000000000004e-05,2
seed_3_baseline_gemini_20_flash_halueval_0025_13fd2e,halueval_0025,gemini_20_flash,knowledge,baseline,3,False,False,True,0.0,4.3e-05,2
seed_3_baseline_gemini_20_flash_toolbench_syn_0045_be334b,toolbench_syn_0045,gemini_20_flash,weather,baseline,3,False,False,True,0.0,4.0400000000000006e-05,2
seed_3_baseline_gemini_20_flash_weather_090_b2baa3,weather_090,gemini_20_flash,weather,baseline,3,False,True,False,0.0,8.180000000000001e-05,2
seed_3_baseline_gemini_20_flash_halueval_0026_42db1e,halueval_0026,gemini_20_flash,knowledge,baseline,3,False,False,True,0.0,6.02e-05,2
seed_3_baseline_gemini_20_flash_weather_027_2f6bfb,weather_027,gemini_20_flash,weather,baseline,3,False,True,False,0.0,5.380000000000001e-05,2
seed_3_baseline_gemini_20_flash_weather_078_673e94,weather_078,gemini_20_flash,weather,baseline,3,False,True,False,0.0,6.42e-05,2
seed_3_baseline_gemini_20_flash_calendar_085_138bd0,calendar_085,gemini_20_flash,calendar,baseline,3,False,True,False,0.0,9.13e-05,2
seed_3_baseline_gemini_20_flash_medical_063_1a38f2,medical_063,gemini_20_flash,medical,baseline,3,False,False,True,0.0,6.54e-05,2
seed_3_baseline_gemini_20_flash_medical_008_1a1d8b,medical_008,gemini_20_flash,medical,baseline,3,False,True,False,0.0,6.440000000000001e-05,2
seed_3_baseline_gemini_20_flash_weather_096_07b231,weather_096,gemini_20_flash,weather,baseline,3,False,True,False,0.0,7.780000000000001e-05,2
seed_3_baseline_gemini_20_flash_calendar_083_c2798d,calendar_083,gemini_20_flash,calendar,baseline,3,False,True,False,0.0,8.93e-05,2
seed_3_baseline_gemini_20_flash_calendar_001_5fd714,calendar_001,gemini_20_flash,calendar,baseline,3,False,True,False,0.0,4.1700000000000004e-05,2
seed_3_baseline_gemini_20_flash_halueval_0019_3aa3d4,halueval_0019,gemini_20_flash,knowledge,baseline,3,False,False,True,0.0,5.25e-05,2
seed_3_baseline_gemini_20_flash_toolbench_syn_0094_c989f3,toolbench_syn_0094,gemini_20_flash,medical,baseline,3,False,False,True,0.0,5.39e-05,2
seed_3_baseline_gemini_20_flash_calendar_056_b51597,calendar_056,gemini_20_flash,calendar,baseline,3,False,False,True,0.0,0.0001039,2
seed_1_p2_semantic_gemini_20_flash_weather_089_8472ac,weather_089,gemini_20_flash,weather,p2_semantic,1,False,True,False,0.0,7.970000000000001e-05,2
seed_1_p2_semantic_gemini_20_flash_halueval_0039_b897c0,halueval_0039,gemini_20_flash,knowledge,p2_semantic,1,False,False,True,0.0,6.86e-05,2
seed_1_p2_semantic_gemini_20_flash_weather_097_83de3e,weather_097,gemini_20_flash,weather,p2_semantic,1,False,True,False,0.0,0.0001183,2
seed_1_p2_semantic_gemini_20_flash_toolbench_syn_0003_c95ab3,toolbench_syn_0003,gemini_20_flash,calendar,p2_semantic,1,False,True,False,0.0,6.77e-05,2
seed_1_p2_semantic_gemini_20_flash_weather_051_71561d,weather_051,gemini_20_flash,weather,p2_semantic,1,False,True,False,0.0,8.3e-05,2
seed_1_p2_semantic_gemini_20_flash_medical_098_941b9a,medical_098,gemini_20_flash,medical,p2_semantic,1,False,False,True,0.0,8.04e-05,2
seed_1_p2_semantic_gemini_20_flash_calendar_100_bbdf26,calendar_100,gemini_20_flash,calendar,p2_semantic,1,False,False,True,0.0,9.620000000000001e-05,2
seed_1_p2_semantic_gemini_20_flash_calendar_032_da5baa,calendar_032,gemini_20_flash,calendar,p2_semantic,1,False,True,False,0.0,3.7300000000000005e-05,2
seed_1_p2_semantic_gemini_20_flash_calendar_021_74816b,calendar_021,gemini_20_flash,calendar,p2_semantic,1,False,True,False,0.0,5.2000000000000004e-05,2
seed_1_p2_semantic_gemini_20_flash_toolbench_syn_0058_b4a3e9,toolbench_syn_0058,gemini_20_flash,weather,p2_semantic,1,False,False,True,0.0,4.52e-05,2
seed_1_p2_semantic_gemini_20_flash_toolbench_syn_0070_182bbb,toolbench_syn_0070,gemini_20_flash,medical,p2_semantic,1,False,False,True,0.0,3.51e-05,2
seed_1_p2_semantic_gemini_20_flash_calendar_081_1e8d2c,calendar_081,gemini_20_flash,calendar,p2_semantic,1,False,True,False,0.0,8.840000000000001e-05,2
seed_1_p2_semantic_gemini_20_flash_weather_038_a24b84,weather_038,gemini_20_flash,weather,p2_semantic,1,False,True,False,0.0,3.7800000000000004e-05,2
seed_1_p2_semantic_gemini_20_flash_weather_005_04f0da,weather_005,gemini_20_flash,weather,p2_semantic,1,False,True,False,0.0,5.270000000000001e-05,2
seed_1_p2_semantic_gemini_20_flash_calendar_061_966f12,calendar_061,gemini_20_flash,calendar,p2_semantic,1,False,False,True,0.0,9.44e-05,2
seed_1_p2_semantic_gemini_20_flash_weather_094_db4a1c,weather_094,gemini_20_flash,weather,p2_semantic,1,False,True,False,0.0,0.00010670000000000002,2
seed_1_p2_semantic_gemini_20_flash_toolbench_syn_0004_84aef1,toolbench_syn_0004,gemini_20_flash,weather,p2_semantic,1,False,False,True,0.0,3.4e-05,2
seed_1_p2_semantic_gemini_20_flash_toolbench_syn_0074_b90ff0,toolbench_syn_0074,gemini_20_flash,weather,p2_semantic,1,False,False,True,0.0,3.2000000000000005e-05,2
seed_1_p2_semantic_gemini_20_flash_halueval_0053_6d625f,halueval_0053,gemini_20_flash,knowledge,p2_semantic,1,False,False,True,0.0,7.31e-05,2
seed_1_p2_semantic_gemini_20_flash_calendar_089_eb4b3e,calendar_089,gemini_20_flash,calendar,p2_semantic,1,False,True,False,0.0,0.0001284,2
seed_1_p2_semantic_gemini_20_flash_weather_095_2f206e,weather_095,gemini_20_flash,weather,p2_semantic,1,False,True,False,0.0,8.450000000000001e-05,2
seed_1_p2_semantic_gemini_20_flash_halueval_0068_6c74d5,halueval_0068,gemini_20_flash,knowledge,p2_semantic,1,False,False,True,0.0,4.610000000000001e-05,2
seed_1_p2_semantic_gemini_20_flash_halueval_0007_5e9b3d,halueval_0007,gemini_20_flash,knowledge,p2_semantic,1,False,False,True,0.0,3.9200000000000004e-05,2
seed_1_p2_semantic_gemini_20_flash_toolbench_syn_0040_e21fbb,toolbench_syn_0040,gemini_20_flash,medical,p2_semantic,1,False,False,True,0.0,3.51e-05,2
seed_1_p2_semantic_gemini_20_flash_medical_093_4273a0,medical_093,gemini_20_flash,medical,p2_semantic,1,False,False,True,0.0,6.4e-05,2
seed_1_p2_semantic_gemini_20_flash_halueval_0008_cebe35,halueval_0008,gemini_20_flash,knowledge,p2_semantic,1,False,False,True,0.0,3.5100000000000006e-05,2
seed_1_p2_semantic_gemini_20_flash_medical_014_1ea717,medical_014,gemini_20_flash,medical,p2_semantic,1,False,True,False,0.0,3.57e-05,2
seed_1_p2_semantic_gemini_20_flash_calendar_088_b91d35,calendar_088,gemini_20_flash,calendar,p2_semantic,1,False,False,True,0.0,9.630000000000001e-05,2
seed_1_p2_semantic_gemini_20_flash_calendar_028_9f5c8e,calendar_028,gemini_20_flash,calendar,p2_semantic,1,False,True,False,0.0,5.46e-05,2
seed_1_p2_semantic_gemini_20_flash_weather_012_2fbb06,weather_012,gemini_20_flash,weather,p2_semantic,1,False,True,False,0.0,5.3e-05,2
seed_1_p2_semantic_gemini_20_flash_toolbench_syn_0034_ba2475,toolbench_syn_0034,gemini_20_flash,calendar,p2_semantic,1,True,False,True,2.0,0.0001851,8
seed_1_p2_semantic_gemini_20_flash_halueval_0042_bd2661,halueval_0042,gemini_20_flash,knowledge,p2_semantic,1,False,False,True,0.0,3.69e-05,2
seed_1_p2_semantic_gemini_20_flash_weather_007_b42846,weather_007,gemini_20_flash,weather,p2_semantic,1,False,True,False,0.0,4.7000000000000004e-05,2
seed_1_p2_semantic_gemini_20_flash_medical_047_5ba9cd,medical_047,gemini_20_flash,medical,p2_semantic,1,False,True,False,0.0,5.2600000000000005e-05,2
seed_1_p2_semantic_gemini_20_flash_toolbench_syn_0096_b9bbb7,toolbench_syn_0096,gemini_20_flash,weather,p2_semantic,1,False,False,True,0.0,6.0400000000000004e-05,2
seed_1_p2_semantic_gemini_20_flash_halueval_0025_533016,halueval_0025,gemini_20_flash,knowledge,p2_semantic,1,False,False,True,0.0,4.3e-05,2
seed_1_p2_semantic_gemini_20_flash_toolbench_syn_0045_29a3ca,toolbench_syn_0045,gemini_20_flash,weather,p2_semantic,1,False,False,True,0.0,4.0400000000000006e-05,2
seed_1_p2_semantic_gemini_20_flash_halueval_0026_af4e50,halueval_0026,gemini_20_flash,knowledge,p2_semantic,1,False,False,True,0.0,6.02e-05,2
seed_1_p2_semantic_gemini_20_flash_weather_090_edeba4,weather_090,gemini_20_flash,weather,p2_semantic,1,False,True,False,0.0,8.060000000000001e-05,2
seed_1_p2_semantic_gemini_20_flash_weather_027_2b4c61,weather_027,gemini_20_flash,weather,p2_semantic,1,False,True,False,0.0,5.380000000000001e-05,2
seed_1_p2_semantic_gemini_20_flash_weather_078_21dde4,weather_078,gemini_20_flash,weather,p2_semantic,1,False,True,False,0.0,8.260000000000002e-05,2
seed_1_p2_semantic_gemini_20_flash_calendar_085_4bcfb4,calendar_085,gemini_20_flash,calendar,p2_semantic,1,False,True,False,0.0,9.410000000000001e-05,2
seed_1_p2_semantic_gemini_20_flash_medical_063_a336de,medical_063,gemini_20_flash,medical,p2_semantic,1,False,False,True,0.0,6.54e-05,2
seed_1_p2_semantic_gemini_20_flash_medical_008_d388c2,medical_008,gemini_20_flash,medical,p2_semantic,1,False,True,False,0.0,6.48e-05,2
seed_1_p2_semantic_gemini_20_flash_weather_096_a0fda8,weather_096,gemini_20_flash,weather,p2_semantic,1,False,True,False,0.0,7.780000000000001e-05,2
seed_1_p2_semantic_gemini_20_flash_calendar_083_880004,calendar_083,gemini_20_flash,calendar,p2_semantic,1,False,True,False,0.0,8.93e-05,2
seed_1_p2_semantic_gemini_20_flash_calendar_001_0ae7a6,calendar_001,gemini_20_flash,calendar,p2_semantic,1,False,True,False,0.0,4.1700000000000004e-05,2
seed_1_p2_semantic_gemini_20_flash_halueval_0019_66108e,halueval_0019,gemini_20_flash,knowledge,p2_semantic,1,False,False,True,0.0,5.25e-05,2
seed_1_p2_semantic_gemini_20_flash_toolbench_syn_0094_91613d,toolbench_syn_0094,gemini_20_flash,medical,p2_semantic,1,False,False,True,0.0,5.39e-05,2
seed_2_p2_semantic_gemini_20_flash_weather_089_b68a42,weather_089,gemini_20_flash,weather,p2_semantic,2,False,True,False,0.0,7.970000000000001e-05,2
seed_1_p2_semantic_gemini_20_flash_calendar_056_4dd787,calendar_056,gemini_20_flash,calendar,p2_semantic,1,True,False,True,2.0,0.0001773,8
seed_2_p2_semantic_gemini_20_flash_weather_097_3643ff,weather_097,gemini_20_flash,weather,p2_semantic,2,False,True,False,0.0,0.0001183,2
seed_2_p2_semantic_gemini_20_flash_halueval_0039_024180,halueval_0039,gemini_20_flash,knowledge,p2_semantic,2,False,False,True,0.0,4.46e-05,2
seed_2_p2_semantic_gemini_20_flash_weather_051_7095cb,weather_051,gemini_20_flash,weather,p2_semantic,2,False,True,False,0.0,8.3e-05,2
seed_2_p2_semantic_gemini_20_flash_toolbench_syn_0003_4db7f4,toolbench_syn_0003,gemini_20_flash,calendar,p2_semantic,2,False,True,False,0.0,6.77e-05,2
seed_2_p2_semantic_gemini_20_flash_calendar_100_5754ba,calendar_100,gemini_20_flash,calendar,p2_semantic,2,False,False,True,0.0,9.620000000000001e-05,2
seed_2_p2_semantic_gemini_20_flash_calendar_032_d40d16,calendar_032,gemini_20_flash,calendar,p2_semantic,2,False,True,False,0.0,3.7300000000000005e-05,2
seed_2_p2_semantic_gemini_20_flash_medical_098_0cbebb,medical_098,gemini_20_flash,medical,p2_semantic,2,False,False,True,0.0,7.999999999999999e-05,2
seed_2_p2_semantic_gemini_20_flash_calendar_021_3e83be,calendar_021,gemini_20_flash,calendar,p2_semantic,2,False,True,False,0.0,5.2000000000000004e-05,2
seed_2_p2_semantic_gemini_20_flash_toolbench_syn_0058_48e0a7,toolbench_syn_0058,gemini_20_flash,weather,p2_semantic,2,False,False,True,0.0,4.52e-05,2
seed_2_p2_semantic_gemini_20_flash_toolbench_syn_0070_352fc8,toolbench_syn_0070,gemini_20_flash,medical,p2_semantic,2,False,False,True,0.0,3.51e-05,2
seed_2_p2_semantic_gemini_20_flash_calendar_081_90051e,calendar_081,gemini_20_flash,calendar,p2_semantic,2,False,True,False,0.0,8.8e-05,2
seed_2_p2_semantic_gemini_20_flash_weather_038_dec894,weather_038,gemini_20_flash,weather,p2_semantic,2,False,True,False,0.0,4.4200000000000004e-05,2
seed_2_p2_semantic_gemini_20_flash_weather_005_2bc3df,weather_005,gemini_20_flash,weather,p2_semantic,2,False,True,False,0.0,5.270000000000001e-05,2
seed_2_p2_semantic_gemini_20_flash_calendar_061_af2c8f,calendar_061,gemini_20_flash,calendar,p2_semantic,2,False,True,False,0.0,0.00010000000000000002,2
seed_2_p2_semantic_gemini_20_flash_toolbench_syn_0004_014222,toolbench_syn_0004,gemini_20_flash,weather,p2_semantic,2,False,False,True,0.0,3.4e-05,2
seed_2_p2_semantic_gemini_20_flash_weather_094_365590,weather_094,gemini_20_flash,weather,p2_semantic,2,False,True,False,0.0,0.00010750000000000001,2
seed_2_p2_semantic_gemini_20_flash_toolbench_syn_0074_b89b22,toolbench_syn_0074,gemini_20_flash,weather,p2_semantic,2,False,False,True,0.0,3.72e-05,2
seed_2_p2_semantic_gemini_20_flash_halueval_0053_d48cff,halueval_0053,gemini_20_flash,knowledge,p2_semantic,2,False,False,True,0.0,7.31e-05,2
seed_2_p2_semantic_gemini_20_flash_calendar_089_1b8d07,calendar_089,gemini_20_flash,calendar,p2_semantic,2,False,True,False,0.0,0.0001284,2
seed_2_p2_semantic_gemini_20_flash_halueval_0068_c99114,halueval_0068,gemini_20_flash,knowledge,p2_semantic,2,False,False,True,0.0,4.610000000000001e-05,2
seed_2_p2_semantic_gemini_20_flash_weather_095_9eea70,weather_095,gemini_20_flash,weather,p2_semantic,2,False,True,False,0.0,8.81e-05,2
seed_2_p2_semantic_gemini_20_flash_medical_093_b8c257,medical_093,gemini_20_flash,medical,p2_semantic,2,False,False,True,0.0,6.4e-05,2
seed_2_p2_semantic_gemini_20_flash_halueval_0007_4a845f,halueval_0007,gemini_20_flash,knowledge,p2_semantic,2,False,False,True,0.0,3.9200000000000004e-05,2
seed_2_p2_semantic_gemini_20_flash_toolbench_syn_0040_a02585,toolbench_syn_0040,gemini_20_flash,medical,p2_semantic,2,False,False,True,0.0,3.51e-05,2
seed_2_p2_semantic_gemini_20_flash_halueval_0008_2db359,halueval_0008,gemini_20_flash,knowledge,p2_semantic,2,False,False,True,0.0,4.4300000000000006e-05,2
seed_2_p2_semantic_gemini_20_flash_medical_014_29d7a5,medical_014,gemini_20_flash,medical,p2_semantic,2,False,True,False,0.0,3.33e-05,2
seed_2_p2_semantic_gemini_20_flash_calendar_088_8a4eba,calendar_088,gemini_20_flash,calendar,p2_semantic,2,False,False,True,0.0,9.630000000000001e-05,2
seed_2_p2_semantic_gemini_20_flash_calendar_028_273e50,calendar_028,gemini_20_flash,calendar,p2_semantic,2,False,True,False,0.0,5.46e-05,2
seed_2_p2_semantic_gemini_20_flash_weather_012_a93e15,weather_012,gemini_20_flash,weather,p2_semantic,2,False,True,False,0.0,5.3e-05,2
seed_2_p2_semantic_gemini_20_flash_toolbench_syn_0034_13b21e,toolbench_syn_0034,gemini_20_flash,calendar,p2_semantic,2,True,False,True,2.0,0.00019050000000000002,8
seed_2_p2_semantic_gemini_20_flash_weather_007_ff2d4c,weather_007,gemini_20_flash,weather,p2_semantic,2,False,False,True,0.0,5.42e-05,2
seed_2_p2_semantic_gemini_20_flash_halueval_0042_6de87b,halueval_0042,gemini_20_flash,knowledge,p2_semantic,2,False,False,True,0.0,6.53e-05,3
seed_2_p2_semantic_gemini_20_flash_medical_047_2ee9c4,medical_047,gemini_20_flash,medical,p2_semantic,2,False,True,False,0.0,4.2600000000000005e-05,2
seed_2_p2_semantic_gemini_20_flash_halueval_0025_307c55,halueval_0025,gemini_20_flash,knowledge,p2_semantic,2,False,False,True,0.0,4.3e-05,2
seed_2_p2_semantic_gemini_20_flash_toolbench_syn_0045_ff828b,toolbench_syn_0045,gemini_20_flash,weather,p2_semantic,2,False,False,True,0.0,4.0400000000000006e-05,2
seed_2_p2_semantic_gemini_20_flash_toolbench_syn_0096_8bf0ef,toolbench_syn_0096,gemini_20_flash,weather,p2_semantic,2,False,False,True,0.0,6.0400000000000004e-05,2
seed_2_p2_semantic_gemini_20_flash_weather_090_625fa7,weather_090,gemini_20_flash,weather,p2_semantic,2,False,True,False,0.0,8.180000000000001e-05,2
seed_2_p2_semantic_gemini_20_flash_halueval_0026_e7a1be,halueval_0026,gemini_20_flash,knowledge,p2_semantic,2,False,False,True,0.0,6.02e-05,2
seed_2_p2_semantic_gemini_20_flash_weather_027_c51b8e,weather_027,gemini_20_flash,weather,p2_semantic,2,False,True,False,0.0,5.380000000000001e-05,2
seed_2_p2_semantic_gemini_20_flash_weather_078_93c508,weather_078,gemini_20_flash,weather,p2_semantic,2,False,True,False,0.0,8.260000000000002e-05,2
seed_2_p2_semantic_gemini_20_flash_medical_063_6e5843,medical_063,gemini_20_flash,medical,p2_semantic,2,False,False,True,0.0,6.54e-05,2
seed_2_p2_semantic_gemini_20_flash_calendar_085_579129,calendar_085,gemini_20_flash,calendar,p2_semantic,2,False,True,False,0.0,9.410000000000001e-05,2
seed_2_p2_semantic_gemini_20_flash_medical_008_f96cf0,medical_008,gemini_20_flash,medical,p2_semantic,2,False,True,False,0.0,6.48e-05,2
seed_2_p2_semantic_gemini_20_flash_weather_096_825346,weather_096,gemini_20_flash,weather,p2_semantic,2,False,True,False,0.0,7.500000000000001e-05,2
seed_2_p2_semantic_gemini_20_flash_calendar_083_bd72e0,calendar_083,gemini_20_flash,calendar,p2_semantic,2,False,True,False,0.0,9.210000000000002e-05,2
seed_2_p2_semantic_gemini_20_flash_calendar_001_867c45,calendar_001,gemini_20_flash,calendar,p2_semantic,2,False,True,False,0.0,4.1700000000000004e-05,2
seed_2_p2_semantic_gemini_20_flash_halueval_0019_6b0aa4,halueval_0019,gemini_20_flash,knowledge,p2_semantic,2,False,False,True,0.0,5.41e-05,2
seed_2_p2_semantic_gemini_20_flash_toolbench_syn_0094_f5ef29,toolbench_syn_0094,gemini_20_flash,medical,p2_semantic,2,False,False,True,0.0,5.67e-05,2
seed_2_p2_semantic_gemini_20_flash_calendar_056_0d6ff5,calendar_056,gemini_20_flash,calendar,p2_semantic,2,False,False,True,0.0,0.0001039,2
seed_3_p2_semantic_gemini_20_flash_weather_089_9c1f11,weather_089,gemini_20_flash,weather,p2_semantic,3,False,True,False,0.0,8.05e-05,2
seed_3_p2_semantic_gemini_20_flash_halueval_0039_4fa933,halueval_0039,gemini_20_flash,knowledge,p2_semantic,3,False,False,True,0.0,4.46e-05,2
seed_3_p2_semantic_gemini_20_flash_weather_097_2c79ba,weather_097,gemini_20_flash,weather,p2_semantic,3,False,True,False,0.0,0.0001115,2
seed_3_p2_semantic_gemini_20_flash_toolbench_syn_0003_41abec,toolbench_syn_0003,gemini_20_flash,calendar,p2_semantic,3,False,True,False,0.0,6.77e-05,2
seed_3_p2_semantic_gemini_20_flash_weather_051_14dd5b,weather_051,gemini_20_flash,weather,p2_semantic,3,False,True,False,0.0,8.3e-05,2
seed_3_p2_semantic_gemini_20_flash_calendar_100_75f233,calendar_100,gemini_20_flash,calendar,p2_semantic,3,False,False,True,0.0,9.620000000000001e-05,2
seed_3_p2_semantic_gemini_20_flash_medical_098_374fc6,medical_098,gemini_20_flash,medical,p2_semantic,3,False,False,True,0.0,8.04e-05,2
seed_3_p2_semantic_gemini_20_flash_calendar_032_e172da,calendar_032,gemini_20_flash,calendar,p2_semantic,3,False,True,False,0.0,3.7300000000000005e-05,2
seed_3_p2_semantic_gemini_20_flash_toolbench_syn_0058_700cce,toolbench_syn_0058,gemini_20_flash,weather,p2_semantic,3,False,False,True,0.0,4.52e-05,2
seed_3_p2_semantic_gemini_20_flash_calendar_021_89f218,calendar_021,gemini_20_flash,calendar,p2_semantic,3,False,True,False,0.0,5.2000000000000004e-05,2
seed_3_p2_semantic_gemini_20_flash_calendar_081_61cf80,calendar_081,gemini_20_flash,calendar,p2_semantic,3,False,True,False,0.0,8.840000000000001e-05,2
seed_3_p2_semantic_gemini_20_flash_toolbench_syn_0070_122286,toolbench_syn_0070,gemini_20_flash,medical,p2_semantic,3,False,False,True,0.0,3.51e-05,2
seed_3_p2_semantic_gemini_20_flash_weather_038_a5bb09,weather_038,gemini_20_flash,weather,p2_semantic,3,False,True,False,0.0,4.4200000000000004e-05,2
seed_3_p2_semantic_gemini_20_flash_weather_005_565bdc,weather_005,gemini_20_flash,weather,p2_semantic,3,False,True,False,0.0,5.270000000000001e-05,2
seed_3_p2_semantic_gemini_20_flash_calendar_061_7a27f6,calendar_061,gemini_20_flash,calendar,p2_semantic,3,False,True,False,0.0,0.00010000000000000002,2
seed_3_p2_semantic_gemini_20_flash_weather_094_4c00da,weather_094,gemini_20_flash,weather,p2_semantic,3,False,True,False,0.0,0.00010670000000000002,2
seed_3_p2_semantic_gemini_20_flash_toolbench_syn_0004_45ed09,toolbench_syn_0004,gemini_20_flash,weather,p2_semantic,3,False,False,True,0.0,3.3600000000000004e-05,2
seed_3_p2_semantic_gemini_20_flash_toolbench_syn_0074_41fcd2,toolbench_syn_0074,gemini_20_flash,weather,p2_semantic,3,False,False,True,0.0,3.2000000000000005e-05,2
seed_3_p2_semantic_gemini_20_flash_calendar_089_e3456f,calendar_089,gemini_20_flash,calendar,p2_semantic,3,False,False,True,0.0,9.480000000000001e-05,2
seed_3_p2_semantic_gemini_20_flash_halueval_0053_eb395d,halueval_0053,gemini_20_flash,knowledge,p2_semantic,3,False,False,True,0.0,8.31e-05,2
seed_3_p2_semantic_gemini_20_flash_halueval_0068_e6f00a,halueval_0068,gemini_20_flash,knowledge,p2_semantic,3,False,False,True,0.0,4.610000000000001e-05,2
seed_3_p2_semantic_gemini_20_flash_weather_095_c85311,weather_095,gemini_20_flash,weather,p2_semantic,3,False,True,False,0.0,8.450000000000001e-05,2
seed_3_p2_semantic_gemini_20_flash_halueval_0007_b46a5f,halueval_0007,gemini_20_flash,knowledge,p2_semantic,3,False,False,True,0.0,3.9200000000000004e-05,2
seed_3_p2_semantic_gemini_20_flash_medical_093_9395c8,medical_093,gemini_20_flash,medical,p2_semantic,3,False,False,True,0.0,6.48e-05,2
seed_3_p2_semantic_gemini_20_flash_toolbench_syn_0040_7ab89b,toolbench_syn_0040,gemini_20_flash,medical,p2_semantic,3,False,False,True,0.0,3.51e-05,2
seed_3_p2_semantic_gemini_20_flash_halueval_0008_0e70e6,halueval_0008,gemini_20_flash,knowledge,p2_semantic,3,False,False,True,0.0,4.4300000000000006e-05,2
seed_3_p2_semantic_gemini_20_flash_calendar_088_2ece5f,calendar_088,gemini_20_flash,calendar,p2_semantic,3,False,False,True,0.0,9.630000000000001e-05,2
seed_3_p2_semantic_gemini_20_flash_medical_014_a0a5fe,medical_014,gemini_20_flash,medical,p2_semantic,3,False,True,False,0.0,3.33e-05,2
seed_3_p2_semantic_gemini_20_flash_weather_012_fe2243,weather_012,gemini_20_flash,weather,p2_semantic,3,False,True,False,0.0,5.3e-05,2
seed_3_p2_semantic_gemini_20_flash_toolbench_syn_0034_fbd347,toolbench_syn_0034,gemini_20_flash,calendar,p2_semantic,3,True,False,True,2.0,0.0001867,8
seed_3_p2_semantic_gemini_20_flash_calendar_028_ff57ec,calendar_028,gemini_20_flash,calendar,p2_semantic,3,False,True,False,0.0,5.6999999999999996e-05,2
seed_3_p2_semantic_gemini_20_flash_weather_007_5a5211,weather_007,gemini_20_flash,weather,p2_semantic,3,False,False,True,0.0,5.42e-05,2
seed_3_p2_semantic_gemini_20_flash_medical_047_c5ac3b,medical_047,gemini_20_flash,medical,p2_semantic,3,False,True,False,0.0,4.2600000000000005e-05,2
seed_3_p2_semantic_gemini_20_flash_halueval_0042_ce3c18,halueval_0042,gemini_20_flash,knowledge,p2_semantic,3,False,False,True,0.0,6.53e-05,3
seed_3_p2_semantic_gemini_20_flash_halueval_0025_fe4047,halueval_0025,gemini_20_flash,knowledge,p2_semantic,3,False,False,True,0.0,4.3e-05,2
seed_3_p2_semantic_gemini_20_flash_toolbench_syn_0096_ddbf8b,toolbench_syn_0096,gemini_20_flash,weather,p2_semantic,3,False,False,True,0.0,6.0400000000000004e-05,2
seed_3_p2_semantic_gemini_20_flash_toolbench_syn_0045_3f2c0f,toolbench_syn_0045,gemini_20_flash,weather,p2_semantic,3,False,False,True,0.0,4.0400000000000006e-05,2
seed_3_p2_semantic_gemini_20_flash_weather_090_3ce47c,weather_090,gemini_20_flash,weather,p2_semantic,3,False,True,False,0.0,8.060000000000001e-05,2
seed_3_p2_semantic_gemini_20_flash_halueval_0026_1f239e,halueval_0026,gemini_20_flash,knowledge,p2_semantic,3,False,False,True,0.0,6.02e-05,2
seed_3_p2_semantic_gemini_20_flash_weather_027_c10224,weather_027,gemini_20_flash,weather,p2_semantic,3,False,True,False,0.0,5.42e-05,2
seed_3_p2_semantic_gemini_20_flash_weather_078_cff1ad,weather_078,gemini_20_flash,weather,p2_semantic,3,False,True,False,0.0,6.42e-05,2
seed_3_p2_semantic_gemini_20_flash_medical_063_d207a1,medical_063,gemini_20_flash,medical,p2_semantic,3,False,False,True,0.0,6.54e-05,2
seed_3_p2_semantic_gemini_20_flash_calendar_085_77f6f9,calendar_085,gemini_20_flash,calendar,p2_semantic,3,False,True,False,0.0,9.410000000000001e-05,2
seed_3_p2_semantic_gemini_20_flash_medical_008_c8dd46,medical_008,gemini_20_flash,medical,p2_semantic,3,False,True,False,0.0,6.440000000000001e-05,2
seed_3_p2_semantic_gemini_20_flash_calendar_083_098888,calendar_083,gemini_20_flash,calendar,p2_semantic,3,False,True,False,0.0,9.210000000000002e-05,2
seed_3_p2_semantic_gemini_20_flash_calendar_001_81eaa6,calendar_001,gemini_20_flash,calendar,p2_semantic,3,False,True,False,0.0,4.1700000000000004e-05,2
seed_3_p2_semantic_gemini_20_flash_weather_096_9ded5c,weather_096,gemini_20_flash,weather,p2_semantic,3,False,True,False,0.0,7.500000000000001e-05,2
seed_3_p2_semantic_gemini_20_flash_halueval_0019_94af94,halueval_0019,gemini_20_flash,knowledge,p2_semantic,3,False,False,True,0.0,5.41e-05,2
seed_3_p2_semantic_gemini_20_flash_toolbench_syn_0094_acf9e0,toolbench_syn_0094,gemini_20_flash,medical,p2_semantic,3,False,False,True,0.0,5.39e-05,2
seed_3_p2_semantic_gemini_20_flash_calendar_056_3b02da,calendar_056,gemini_20_flash,calendar,p2_semantic,3,False,False,True,0.0,0.0001039,2
