session_id,task_id,model,domain,difficulty,source,error_type,tool_selected,tool_correct,final_correct,eps,weps,reached_output,cascade_count,cost
p2_semantic_wrong_gpt4o_mini_ecommerce_s1_0033_98cc38,ecommerce_s1_0033,gpt4o_mini,ecommerce,easy,synthetic,semantic_wrong,,False,True,0,0.0,False,0,4.71e-05
p2_semantic_wrong_gpt4o_mini_ecommerce_s1_0032_3457cc,ecommerce_s1_0032,gpt4o_mini,ecommerce,easy,synthetic,semantic_wrong,,False,True,0,0.0,False,0,4.695e-05
p2_semantic_wrong_gpt4o_mini_ecommerce_s1_0031_84087d,ecommerce_s1_0031,gpt4o_mini,ecommerce,easy,synthetic,semantic_wrong,,False,True,0,0.0,False,0,7.185e-05
p2_semantic_wrong_gpt4o_mini_ecommerce_s1_0036_64124c,ecommerce_s1_0036,gpt4o_mini,ecommerce,easy,synthetic,semantic_wrong,,False,False,0,0.0,False,0,5.264999999999999e-05
p2_semantic_wrong_gpt4o_mini_ecommerce_s1_0034_3c6061,ecommerce_s1_0034,gpt4o_mini,ecommerce,easy,synthetic,semantic_wrong,,False,True,0,0.0,False,0,7.305e-05
p2_semantic_wrong_gpt4o_mini_ecommerce_s1_0038_477e75,ecommerce_s1_0038,gpt4o_mini,ecommerce,easy,synthetic,semantic_wrong,,False,True,0,0.0,False,0,4.71e-05
p2_semantic_wrong_gpt4o_mini_ecommerce_s1_0037_0c6c36,ecommerce_s1_0037,gpt4o_mini,ecommerce,easy,synthetic,semantic_wrong,,False,True,0,0.0,False,0,4.695e-05
p2_semantic_wrong_gpt4o_mini_ecommerce_s1_0039_34e665,ecommerce_s1_0039,gpt4o_mini,ecommerce,easy,synthetic,semantic_wrong,,False,True,0,0.0,False,0,7.74e-05
p2_semantic_wrong_gpt4o_mini_ecommerce_s1_0030_ebfe83,ecommerce_s1_0030,gpt4o_mini,ecommerce,easy,synthetic,semantic_wrong,search_products,True,False,2,1.2,True,0,0.00071505
p2_semantic_wrong_gpt4o_mini_ecommerce_s1_0042_714352,ecommerce_s1_0042,gpt4o_mini,ecommerce,easy,synthetic,semantic_wrong,get_product,True,True,0,0.0,False,1,0.00012119999999999999
p2_semantic_wrong_gpt4o_mini_ecommerce_s1_0041_480db8,ecommerce_s1_0041,gpt4o_mini,ecommerce,easy,synthetic,semantic_wrong,search_products,True,True,1,0.6,False,1,0.00019695
p2_semantic_wrong_gpt4o_mini_ecommerce_s1_0040_27fe65,ecommerce_s1_0040,gpt4o_mini,ecommerce,easy,synthetic,semantic_wrong,search_products,True,False,2,1.2,True,0,0.0007261500000000001
p2_semantic_wrong_gpt4o_mini_ecommerce_s1_0044_e7151f,ecommerce_s1_0044,gpt4o_mini,ecommerce,easy,synthetic,semantic_wrong,get_product,False,True,0,0.0,False,0,0.00013095
p2_semantic_wrong_gpt4o_mini_ecommerce_s1_0043_6cc877,ecommerce_s1_0043,gpt4o_mini,ecommerce,easy,synthetic,semantic_wrong,get_product,True,True,0,0.0,False,1,0.0001209
p2_semantic_wrong_gpt4o_mini_ecommerce_s1_0035_0a45a1,ecommerce_s1_0035,gpt4o_mini,ecommerce,easy,synthetic,semantic_wrong,search_products,True,False,2,1.2,True,1,0.00023354999999999998
p2_semantic_wrong_gpt4o_mini_ecommerce_s1_0046_e20602,ecommerce_s1_0046,gpt4o_mini,ecommerce,easy,synthetic,semantic_wrong,,False,False,0,0.0,False,0,5.565e-05
p2_semantic_wrong_gpt4o_mini_ecommerce_s1_0045_cea6a5,ecommerce_s1_0045,gpt4o_mini,ecommerce,easy,synthetic,semantic_wrong,search_products,True,False,2,1.2,True,1,0.00023055
p2_semantic_wrong_gpt4o_mini_ecommerce_s1_0047_f63d4a,ecommerce_s1_0047,gpt4o_mini,ecommerce,easy,synthetic,semantic_wrong,get_product,True,True,0,0.0,False,1,0.0001203
p2_semantic_wrong_gpt4o_mini_ecommerce_s1_0048_e18b72,ecommerce_s1_0048,gpt4o_mini,ecommerce,easy,synthetic,semantic_wrong,get_product,True,True,0,0.0,False,1,0.0001191
p2_semantic_wrong_gpt4o_mini_ecommerce_s1_0052_880985,ecommerce_s1_0052,gpt4o_mini,ecommerce,medium,synthetic,semantic_wrong,,False,False,0,0.0,False,0,0.0001002
p2_semantic_wrong_gpt4o_mini_ecommerce_s1_0051_3483e3,ecommerce_s1_0051,gpt4o_mini,ecommerce,medium,synthetic,semantic_wrong,get_product,True,False,2,1.2,True,0,0.0003405
p2_semantic_wrong_gpt4o_mini_ecommerce_s1_0049_5ef46d,ecommerce_s1_0049,gpt4o_mini,ecommerce,easy,synthetic,semantic_wrong,get_product,False,True,1,0.6,False,1,0.00036615
p2_semantic_wrong_gpt4o_mini_ecommerce_s1_0050_ffa5d5,ecommerce_s1_0050,gpt4o_mini,ecommerce,medium,synthetic,semantic_wrong,search_products,True,False,2,1.2,True,1,0.00038205
p2_semantic_wrong_gpt4o_mini_ecommerce_s1_0053_d36a1b,ecommerce_s1_0053,gpt4o_mini,ecommerce,medium,synthetic,semantic_wrong,search_products,True,True,1,0.6,False,0,0.0003888
p2_semantic_wrong_gpt4o_mini_ecommerce_s1_0054_96475c,ecommerce_s1_0054,gpt4o_mini,ecommerce,medium,synthetic,semantic_wrong,get_product,True,False,1,1.0,True,1,0.0002451
p2_semantic_wrong_gpt4o_mini_ecommerce_s1_0055_a1418f,ecommerce_s1_0055,gpt4o_mini,ecommerce,medium,synthetic,semantic_wrong,search_products,True,False,2,1.2,True,1,0.0003861
p2_semantic_wrong_gpt4o_mini_ecommerce_s1_0058_93d362,ecommerce_s1_0058,gpt4o_mini,ecommerce,medium,synthetic,semantic_wrong,,False,False,0,0.0,False,0,7.2e-05
p2_semantic_wrong_gpt4o_mini_ecommerce_s1_0059_005f80,ecommerce_s1_0059,gpt4o_mini,ecommerce,medium,synthetic,semantic_wrong,,False,False,0,0.0,False,0,5.82e-05
p2_semantic_wrong_gpt4o_mini_ecommerce_s1_0056_e1cd98,ecommerce_s1_0056,gpt4o_mini,ecommerce,medium,synthetic,semantic_wrong,search_products,True,False,2,1.2,True,0,0.0004221
p2_semantic_wrong_gpt4o_mini_ecommerce_s1_0061_523296,ecommerce_s1_0061,gpt4o_mini,ecommerce,medium,synthetic,semantic_wrong,,False,False,0,0.0,False,0,6.84e-05
p2_semantic_wrong_gpt4o_mini_ecommerce_s1_0057_096aa5,ecommerce_s1_0057,gpt4o_mini,ecommerce,medium,synthetic,semantic_wrong,get_product,True,False,1,1.0,True,1,0.000243
p2_semantic_wrong_gpt4o_mini_ecommerce_s1_0060_2cbe1b,ecommerce_s1_0060,gpt4o_mini,ecommerce,medium,synthetic,semantic_wrong,get_product,True,False,1,1.0,True,1,0.00024255
p2_semantic_wrong_gpt4o_mini_ecommerce_s1_0063_e22624,ecommerce_s1_0063,gpt4o_mini,ecommerce,medium,synthetic,semantic_wrong,get_product,True,False,1,1.0,True,1,0.00023715
p2_semantic_wrong_gpt4o_mini_ecommerce_s1_0062_2afe0a,ecommerce_s1_0062,gpt4o_mini,ecommerce,medium,synthetic,semantic_wrong,search_products,True,False,2,1.2,True,0,0.0005091
p2_semantic_wrong_gpt4o_mini_ecommerce_s1_0065_14635d,ecommerce_s1_0065,gpt4o_mini,ecommerce,medium,synthetic,semantic_wrong,search_products,True,False,2,1.2,True,0,0.00047985
p2_semantic_wrong_gpt4o_mini_ecommerce_s1_0066_937080,ecommerce_s1_0066,gpt4o_mini,ecommerce,medium,synthetic,semantic_wrong,get_product,True,False,1,1.0,True,0,0.0002475
p2_semantic_wrong_gpt4o_mini_ecommerce_s1_0064_59c74b,ecommerce_s1_0064,gpt4o_mini,ecommerce,medium,synthetic,semantic_wrong,search_products,True,False,2,1.2,True,1,0.00038685
p2_semantic_wrong_gpt4o_mini_ecommerce_s1_0069_617261,ecommerce_s1_0069,gpt4o_mini,ecommerce,medium,synthetic,semantic_wrong,get_product,True,True,0,0.0,False,0,0.00012735
p2_semantic_wrong_gpt4o_mini_ecommerce_s1_0070_f7fd4f,ecommerce_s1_0070,gpt4o_mini,ecommerce,medium,synthetic,semantic_wrong,,False,False,0,0.0,False,0,0.00010035
p2_semantic_wrong_gpt4o_mini_ecommerce_s1_0067_7ed716,ecommerce_s1_0067,gpt4o_mini,ecommerce,medium,synthetic,semantic_wrong,search_products,True,False,2,1.2,True,1,0.0005785499999999999
p2_semantic_wrong_gpt4o_mini_ecommerce_s1_0068_db74b6,ecommerce_s1_0068,gpt4o_mini,ecommerce,medium,synthetic,semantic_wrong,search_products,True,False,2,1.2,True,1,0.0003627
p2_semantic_wrong_gpt4o_mini_ecommerce_s1_0071_44723f,ecommerce_s1_0071,gpt4o_mini,ecommerce,medium,synthetic,semantic_wrong,search_products,True,False,2,1.2,True,1,0.00039914999999999997
p2_semantic_wrong_gpt4o_mini_ecommerce_s1_0072_f5e60f,ecommerce_s1_0072,gpt4o_mini,ecommerce,medium,synthetic,semantic_wrong,get_product,True,False,2,1.2,True,1,0.00034125
p2_semantic_wrong_gpt4o_mini_ecommerce_s1_0074_aa7794,ecommerce_s1_0074,gpt4o_mini,ecommerce,medium,synthetic,semantic_wrong,search_products,True,True,1,0.6,False,1,0.00037275000000000003
p2_semantic_wrong_gpt4o_mini_ecommerce_s1_0076_640132,ecommerce_s1_0076,gpt4o_mini,ecommerce,medium,synthetic,semantic_wrong,,False,False,0,0.0,False,0,5.9399999999999994e-05
p2_semantic_wrong_gpt4o_mini_ecommerce_s1_0075_533dbb,ecommerce_s1_0075,gpt4o_mini,ecommerce,medium,synthetic,semantic_wrong,get_product,True,False,1,1.0,True,1,0.00023925000000000001
p2_semantic_wrong_gpt4o_mini_ecommerce_s1_0073_896e69,ecommerce_s1_0073,gpt4o_mini,ecommerce,medium,synthetic,semantic_wrong,search_products,True,False,2,1.2,True,1,0.00056145
p2_semantic_wrong_gpt4o_mini_ecommerce_s1_0078_a21a2a,ecommerce_s1_0078,gpt4o_mini,ecommerce,medium,synthetic,semantic_wrong,get_product,True,False,1,1.0,True,1,0.00023265
p2_semantic_wrong_gpt4o_mini_ecommerce_s1_0079_6f36d3,ecommerce_s1_0079,gpt4o_mini,ecommerce,medium,synthetic,semantic_wrong,search_products,True,False,2,1.2,True,1,0.00040199999999999996
p2_semantic_wrong_gpt4o_mini_ecommerce_s1_0080_6782c5,ecommerce_s1_0080,gpt4o_mini,ecommerce,medium,synthetic,semantic_wrong,search_products,True,True,1,0.6,False,1,0.00037635
p2_semantic_wrong_gpt4o_mini_ecommerce_s1_0081_305212,ecommerce_s1_0081,gpt4o_mini,ecommerce,medium,synthetic,semantic_wrong,get_product,True,False,1,1.0,True,1,0.00024375
p2_semantic_wrong_gpt4o_mini_ecommerce_s1_0082_a7005a,ecommerce_s1_0082,gpt4o_mini,ecommerce,medium,synthetic,semantic_wrong,,False,False,0,0.0,False,0,7.455e-05
p2_semantic_wrong_gpt4o_mini_ecommerce_s1_0077_16285f,ecommerce_s1_0077,gpt4o_mini,ecommerce,medium,synthetic,semantic_wrong,search_products,True,False,2,1.2,True,0,0.0005652
p2_semantic_wrong_gpt4o_mini_ecommerce_s1_0084_cf7317,ecommerce_s1_0084,gpt4o_mini,ecommerce,medium,synthetic,semantic_wrong,get_product,True,True,0,0.0,False,0,0.00012255
p2_semantic_wrong_gpt4o_mini_ecommerce_s1_0085_5825c9,ecommerce_s1_0085,gpt4o_mini,ecommerce,medium,synthetic,semantic_wrong,,False,False,0,0.0,False,0,0.000102
p2_semantic_wrong_gpt4o_mini_ecommerce_s1_0088_064d8c,ecommerce_s1_0088,gpt4o_mini,ecommerce,medium,synthetic,semantic_wrong,,False,False,0,0.0,False,0,7.575e-05
p2_semantic_wrong_gpt4o_mini_ecommerce_s1_0083_fa7d09,ecommerce_s1_0083,gpt4o_mini,ecommerce,medium,synthetic,semantic_wrong,search_products,True,False,2,1.2,True,0,0.0005139
p2_semantic_wrong_gpt4o_mini_ecommerce_s1_0087_eb480e,ecommerce_s1_0087,gpt4o_mini,ecommerce,medium,synthetic,semantic_wrong,get_product,True,False,1,1.0,True,1,0.00023429999999999998
p2_semantic_wrong_gpt4o_mini_ecommerce_s1_0086_982129,ecommerce_s1_0086,gpt4o_mini,ecommerce,medium,synthetic,semantic_wrong,search_products,True,False,2,1.2,True,1,0.00037620000000000004
p2_semantic_wrong_gpt4o_mini_ecommerce_s1_0089_2c6654,ecommerce_s1_0089,gpt4o_mini,ecommerce,medium,synthetic,semantic_wrong,search_products,True,False,2,1.2,True,1,0.00034635000000000004
p2_semantic_wrong_gpt4o_mini_ecommerce_s1_0091_8cdcff,ecommerce_s1_0091,gpt4o_mini,ecommerce,medium,synthetic,semantic_wrong,search_products,True,False,2,1.2,True,1,0.0004986
p2_semantic_wrong_gpt4o_mini_ecommerce_s1_0094_fe5d6d,ecommerce_s1_0094,gpt4o_mini,ecommerce,medium,synthetic,semantic_wrong,,False,False,0,0.0,False,0,7.379999999999999e-05
p2_semantic_wrong_gpt4o_mini_ecommerce_s1_0090_fe60ae,ecommerce_s1_0090,gpt4o_mini,ecommerce,medium,synthetic,semantic_wrong,get_product,True,False,2,1.2,True,1,0.00033539999999999997
p2_semantic_wrong_gpt4o_mini_ecommerce_s1_0093_3d849c,ecommerce_s1_0093,gpt4o_mini,ecommerce,medium,synthetic,semantic_wrong,get_product,True,False,1,1.0,True,1,0.000246
p2_semantic_wrong_gpt4o_mini_ecommerce_s1_0092_c48061,ecommerce_s1_0092,gpt4o_mini,ecommerce,medium,synthetic,semantic_wrong,search_products,True,False,2,1.2,True,0,0.00038745
p2_semantic_wrong_gpt4o_mini_ecommerce_s1_0096_b6fdfe,ecommerce_s1_0096,gpt4o_mini,ecommerce,medium,synthetic,semantic_wrong,get_product,True,False,1,1.0,True,1,0.0002511
p2_semantic_wrong_gpt4o_mini_ecommerce_s1_0095_54e43f,ecommerce_s1_0095,gpt4o_mini,ecommerce,medium,synthetic,semantic_wrong,search_products,True,False,2,1.2,True,1,0.00036945
p2_semantic_wrong_gpt4o_mini_ecommerce_s1_0098_f04ea3,ecommerce_s1_0098,gpt4o_mini,ecommerce,medium,synthetic,semantic_wrong,search_products,True,True,1,0.6,False,1,0.00036495
p2_semantic_wrong_gpt4o_mini_ecommerce_s1_0097_7e645a,ecommerce_s1_0097,gpt4o_mini,ecommerce,medium,synthetic,semantic_wrong,search_products,True,False,2,1.2,True,0,0.00055965
p2_semantic_wrong_gpt4o_mini_ecommerce_s1_0099_5102cc,ecommerce_s1_0099,gpt4o_mini,ecommerce,medium,synthetic,semantic_wrong,get_product,True,False,2,1.2,True,1,0.00035114999999999994
p2_semantic_wrong_gpt4o_mini_ecommerce_s1_0100_3aad90,ecommerce_s1_0100,gpt4o_mini,ecommerce,hard,synthetic,semantic_wrong,search_products,True,True,1,0.6,False,0,0.0004167
p2_semantic_wrong_gpt4o_mini_ecommerce_s1_0101_8755fe,ecommerce_s1_0101,gpt4o_mini,ecommerce,hard,synthetic,semantic_wrong,get_product,True,False,1,1.0,True,1,0.00042495
p2_semantic_wrong_gpt4o_mini_ecommerce_s1_0105_999bae,ecommerce_s1_0105,gpt4o_mini,ecommerce,hard,synthetic,semantic_wrong,,False,True,0,0.0,False,0,9.359999999999998e-05
p2_semantic_wrong_gpt4o_mini_ecommerce_s1_0102_e45651,ecommerce_s1_0102,gpt4o_mini,ecommerce,hard,synthetic,semantic_wrong,search_products,True,True,1,0.6,False,1,0.0004431
p2_semantic_wrong_gpt4o_mini_ecommerce_s1_0104_cae6d1,ecommerce_s1_0104,gpt4o_mini,ecommerce,hard,synthetic,semantic_wrong,get_product,True,False,1,1.0,True,1,0.00043139999999999997
p2_semantic_wrong_gpt4o_mini_ecommerce_s1_0103_321ad9,ecommerce_s1_0103,gpt4o_mini,ecommerce,hard,synthetic,semantic_wrong,search_products,True,False,2,1.2,True,0,0.000618
p2_semantic_wrong_gpt4o_mini_ecommerce_s1_0108_384e7e,ecommerce_s1_0108,gpt4o_mini,ecommerce,hard,synthetic,semantic_wrong,,False,False,0,0.0,False,0,0.00010155
p2_semantic_wrong_gpt4o_mini_ecommerce_s1_0106_d885df,ecommerce_s1_0106,gpt4o_mini,ecommerce,hard,synthetic,semantic_wrong,search_products,True,True,1,0.6,False,0,0.0004347
p2_semantic_wrong_gpt4o_mini_ecommerce_s1_0107_e63c72,ecommerce_s1_0107,gpt4o_mini,ecommerce,hard,synthetic,semantic_wrong,get_product,True,False,1,1.0,True,1,0.00042270000000000003
p2_semantic_wrong_gpt4o_mini_ecommerce_s1_0110_f6168c,ecommerce_s1_0110,gpt4o_mini,ecommerce,hard,synthetic,semantic_wrong,get_product,True,False,1,1.0,True,1,0.00042359999999999994
p2_semantic_wrong_gpt4o_mini_ecommerce_s1_0109_4de393,ecommerce_s1_0109,gpt4o_mini,ecommerce,hard,synthetic,semantic_wrong,search_products,True,False,2,1.2,True,0,0.0006651000000000001
p2_semantic_wrong_gpt4o_mini_ecommerce_s1_0112_b543b1,ecommerce_s1_0112,gpt4o_mini,ecommerce,hard,synthetic,semantic_wrong,search_products,True,True,1,0.6,False,1,0.00042165000000000003
p2_semantic_wrong_gpt4o_mini_ecommerce_s1_0111_fa1934,ecommerce_s1_0111,gpt4o_mini,ecommerce,hard,synthetic,semantic_wrong,search_products,True,True,1,0.6,False,1,0.00040395000000000003
p2_semantic_wrong_gpt4o_mini_ecommerce_s1_0113_5101ea,ecommerce_s1_0113,gpt4o_mini,ecommerce,hard,synthetic,semantic_wrong,get_product,True,False,1,1.0,True,1,0.00042254999999999994
p2_semantic_wrong_gpt4o_mini_ecommerce_s1_0115_088ffa,ecommerce_s1_0115,gpt4o_mini,ecommerce,hard,synthetic,semantic_wrong,search_products,True,True,1,0.6,False,0,0.00043559999999999996
p2_semantic_wrong_gpt4o_mini_ecommerce_s1_0114_b7ebbd,ecommerce_s1_0114,gpt4o_mini,ecommerce,hard,synthetic,semantic_wrong,search_products,True,True,1,0.6,False,1,0.00037695000000000003
p2_semantic_wrong_gpt4o_mini_ecommerce_s1_0116_4f3ebd,ecommerce_s1_0116,gpt4o_mini,ecommerce,hard,synthetic,semantic_wrong,get_product,True,False,1,1.0,True,1,0.000426
p2_semantic_wrong_gpt4o_mini_ecommerce_s1_0118_b95c3f,ecommerce_s1_0118,gpt4o_mini,ecommerce,hard,synthetic,semantic_wrong,search_products,True,True,1,0.6,False,1,0.00041789999999999997
p2_semantic_wrong_gpt4o_mini_ecommerce_s1_0117_619d37,ecommerce_s1_0117,gpt4o_mini,ecommerce,hard,synthetic,semantic_wrong,search_products,True,False,2,1.2,True,0,0.0006785999999999999
p2_semantic_wrong_gpt4o_mini_ecommerce_s1_0119_3d5fc2,ecommerce_s1_0119,gpt4o_mini,ecommerce,hard,synthetic,semantic_wrong,get_product,True,False,1,1.0,True,1,0.00042239999999999997
p2_semantic_wrong_gpt4o_mini_ecommerce_s1_0120_78bae7,ecommerce_s1_0120,gpt4o_mini,ecommerce,hard,synthetic,semantic_wrong,search_products,True,True,1,0.6,False,1,0.0004056
p2_semantic_wrong_gpt4o_mini_ecommerce_s1_0122_443f0e,ecommerce_s1_0122,gpt4o_mini,ecommerce,hard,synthetic,semantic_wrong,get_product,True,False,1,1.0,True,1,0.00042375
p2_semantic_wrong_gpt4o_mini_ecommerce_s1_0121_fa6c58,ecommerce_s1_0121,gpt4o_mini,ecommerce,hard,synthetic,semantic_wrong,search_products,True,False,2,1.2,True,0,0.00064215
p2_semantic_wrong_gpt4o_mini_ecommerce_s1_0123_e42a7c,ecommerce_s1_0123,gpt4o_mini,ecommerce,hard,synthetic,semantic_wrong,search_products,True,True,1,0.6,False,1,0.0006000000000000001
p2_semantic_wrong_gpt4o_mini_ecommerce_s1_0124_746825,ecommerce_s1_0124,gpt4o_mini,ecommerce,hard,synthetic,semantic_wrong,search_products,True,False,2,1.2,True,0,0.0005991
p2_semantic_wrong_gpt4o_mini_ecommerce_s1_0125_d40d1a,ecommerce_s1_0125,gpt4o_mini,ecommerce,hard,synthetic,semantic_wrong,get_product,True,False,1,1.0,True,1,0.0004184999999999999
p2_semantic_wrong_gpt4o_mini_ecommerce_s1_0127_0aceec,ecommerce_s1_0127,gpt4o_mini,ecommerce,hard,synthetic,semantic_wrong,search_products,True,False,2,1.2,True,0,0.0006236999999999999
p2_semantic_wrong_gpt4o_mini_ecommerce_s1_0126_e57b1e,ecommerce_s1_0126,gpt4o_mini,ecommerce,hard,synthetic,semantic_wrong,search_products,True,True,1,0.6,False,1,0.00064275
p2_semantic_wrong_gpt4o_mini_ecommerce_s1_0128_5b12e9,ecommerce_s1_0128,gpt4o_mini,ecommerce,hard,synthetic,semantic_wrong,get_product,True,False,1,1.0,True,1,0.0004254
p2_semantic_wrong_gpt4o_mini_ecommerce_s1_0129_d66147,ecommerce_s1_0129,gpt4o_mini,ecommerce,hard,synthetic,semantic_wrong,search_products,True,True,1,0.6,False,1,0.00075555
p2_semantic_wrong_deepseek_v3_ecommerce_s1_0030_6eb589,ecommerce_s1_0030,deepseek_v3,ecommerce,easy,synthetic,semantic_wrong,search_products,True,False,2,1.2,True,0,0.00037220000000000005
p2_semantic_wrong_deepseek_v3_ecommerce_s1_0031_b0fe13,ecommerce_s1_0031,deepseek_v3,ecommerce,easy,synthetic,semantic_wrong,search_products,True,True,1,0.6,False,1,0.00043177000000000005
p2_semantic_wrong_deepseek_v3_ecommerce_s1_0032_8327f6,ecommerce_s1_0032,deepseek_v3,ecommerce,easy,synthetic,semantic_wrong,get_product,True,True,1,0.6,False,1,0.0008108400000000002
p2_semantic_wrong_deepseek_v3_ecommerce_s1_0033_53201f,ecommerce_s1_0033,deepseek_v3,ecommerce,easy,synthetic,semantic_wrong,get_product,True,True,0,0.0,False,1,0.00042336
p2_semantic_wrong_deepseek_v3_ecommerce_s1_0034_f51f3e,ecommerce_s1_0034,deepseek_v3,ecommerce,easy,synthetic,semantic_wrong,place_order,True,True,0,0.0,False,0,0.00051672
p2_semantic_wrong_deepseek_v3_ecommerce_s1_0036_d11eb5,ecommerce_s1_0036,deepseek_v3,ecommerce,easy,synthetic,semantic_wrong,search_products,True,True,1,0.6,False,1,0.0007708700000000001
p2_semantic_wrong_deepseek_v3_ecommerce_s1_0037_460f8b,ecommerce_s1_0037,deepseek_v3,ecommerce,easy,synthetic,semantic_wrong,get_product,True,True,0,0.0,False,1,0.00032195
p2_semantic_wrong_deepseek_v3_ecommerce_s1_0038_9240d4,ecommerce_s1_0038,deepseek_v3,ecommerce,easy,synthetic,semantic_wrong,get_product,True,True,0,0.0,False,1,0.00021718000000000003
p2_semantic_wrong_deepseek_v3_ecommerce_s1_0035_ec52fb,ecommerce_s1_0035,deepseek_v3,ecommerce,easy,synthetic,semantic_wrong,search_products,True,False,2,1.2,True,0,0.0011329500000000002
p2_semantic_wrong_deepseek_v3_ecommerce_s1_0040_6fc386,ecommerce_s1_0040,deepseek_v3,ecommerce,easy,synthetic,semantic_wrong,search_products,True,True,1,0.6,False,1,0.00072295
p2_semantic_wrong_deepseek_v3_ecommerce_s1_0039_5998b1,ecommerce_s1_0039,deepseek_v3,ecommerce,easy,synthetic,semantic_wrong,get_product,False,True,0,0.0,False,1,0.00103498
p2_semantic_wrong_deepseek_v3_ecommerce_s1_0042_441b67,ecommerce_s1_0042,deepseek_v3,ecommerce,easy,synthetic,semantic_wrong,get_product,True,True,1,0.6,False,0,0.00074255
p2_semantic_wrong_deepseek_v3_ecommerce_s1_0041_ab7c73,ecommerce_s1_0041,deepseek_v3,ecommerce,easy,synthetic,semantic_wrong,search_products,True,True,1,0.6,False,1,0.0006999300000000001
p2_semantic_wrong_deepseek_v3_ecommerce_s1_0044_e40e24,ecommerce_s1_0044,deepseek_v3,ecommerce,easy,synthetic,semantic_wrong,get_product,False,False,1,1.0,True,0,0.00024996
p2_semantic_wrong_deepseek_v3_ecommerce_s1_0043_e2ede3,ecommerce_s1_0043,deepseek_v3,ecommerce,easy,synthetic,semantic_wrong,get_product,True,True,1,0.6,False,0,0.0006434000000000001
p2_semantic_wrong_deepseek_v3_ecommerce_s1_0047_9cd082,ecommerce_s1_0047,deepseek_v3,ecommerce,easy,synthetic,semantic_wrong,get_product,True,True,0,0.0,False,1,0.00025211000000000005
p2_semantic_wrong_deepseek_v3_ecommerce_s1_0045_487b70,ecommerce_s1_0045,deepseek_v3,ecommerce,easy,synthetic,semantic_wrong,search_products,True,False,2,1.2,True,1,0.00036265000000000006
p2_semantic_wrong_deepseek_v3_ecommerce_s1_0048_896be4,ecommerce_s1_0048,deepseek_v3,ecommerce,easy,synthetic,semantic_wrong,get_product,True,True,0,0.0,False,1,0.00044511
p2_semantic_wrong_deepseek_v3_ecommerce_s1_0049_c524f0,ecommerce_s1_0049,deepseek_v3,ecommerce,easy,synthetic,semantic_wrong,place_order,True,True,0,0.0,False,1,0.00033512000000000006
p2_semantic_wrong_deepseek_v3_ecommerce_s1_0046_ae5fca,ecommerce_s1_0046,deepseek_v3,ecommerce,easy,synthetic,semantic_wrong,search_products,True,False,2,1.2,True,1,0.00036324
p2_semantic_wrong_deepseek_v3_ecommerce_s1_0052_7ee09f,ecommerce_s1_0052,deepseek_v3,ecommerce,medium,synthetic,semantic_wrong,,False,False,0,0.0,False,0,0.00022758
p2_semantic_wrong_deepseek_v3_ecommerce_s1_0051_d59ed3,ecommerce_s1_0051,deepseek_v3,ecommerce,medium,synthetic,semantic_wrong,get_product,True,False,1,1.0,True,0,0.00026304
p2_semantic_wrong_deepseek_v3_ecommerce_s1_0050_a5aed9,ecommerce_s1_0050,deepseek_v3,ecommerce,medium,synthetic,semantic_wrong,search_products,True,False,2,1.2,True,0,0.0010272600000000001
p2_semantic_wrong_deepseek_v3_ecommerce_s1_0055_e8994d,ecommerce_s1_0055,deepseek_v3,ecommerce,medium,synthetic,semantic_wrong,,False,False,0,0.0,False,0,0.00025865
p2_semantic_wrong_deepseek_v3_ecommerce_s1_0053_39b9b5,ecommerce_s1_0053,deepseek_v3,ecommerce,medium,synthetic,semantic_wrong,search_products,True,False,2,1.2,True,0,0.0010333200000000001
p2_semantic_wrong_deepseek_v3_ecommerce_s1_0057_69f7c2,ecommerce_s1_0057,deepseek_v3,ecommerce,medium,synthetic,semantic_wrong,get_product,True,False,1,1.0,True,1,0.00042146
p2_semantic_wrong_deepseek_v3_ecommerce_s1_0058_0d634d,ecommerce_s1_0058,deepseek_v3,ecommerce,medium,synthetic,semantic_wrong,,False,False,0,0.0,False,0,0.00026498
p2_semantic_wrong_deepseek_v3_ecommerce_s1_0056_4a50d7,ecommerce_s1_0056,deepseek_v3,ecommerce,medium,synthetic,semantic_wrong,search_products,True,False,2,1.2,True,0,0.00075244
p2_semantic_wrong_deepseek_v3_ecommerce_s1_0054_0d6873,ecommerce_s1_0054,deepseek_v3,ecommerce,medium,synthetic,semantic_wrong,get_product,True,False,2,1.2,True,0,0.00070968
p2_semantic_wrong_deepseek_v3_ecommerce_s1_0060_fb96a3,ecommerce_s1_0060,deepseek_v3,ecommerce,medium,synthetic,semantic_wrong,,False,False,0,0.0,False,0,0.00038928000000000004
p2_semantic_wrong_deepseek_v3_ecommerce_s1_0061_de5aaf,ecommerce_s1_0061,deepseek_v3,ecommerce,medium,synthetic,semantic_wrong,search_products,True,False,2,1.2,True,1,0.0007233000000000001
p2_semantic_wrong_deepseek_v3_ecommerce_s1_0059_eab3c7,ecommerce_s1_0059,deepseek_v3,ecommerce,medium,synthetic,semantic_wrong,search_products,True,False,2,1.2,True,0,0.0011492000000000002
p2_semantic_wrong_deepseek_v3_ecommerce_s1_0063_e62b63,ecommerce_s1_0063,deepseek_v3,ecommerce,medium,synthetic,semantic_wrong,get_product,True,False,1,1.0,True,1,0.00032738000000000005
p2_semantic_wrong_deepseek_v3_ecommerce_s1_0062_8bbd9e,ecommerce_s1_0062,deepseek_v3,ecommerce,medium,synthetic,semantic_wrong,search_products,True,False,2,1.2,True,0,0.0009748500000000001
p2_semantic_wrong_deepseek_v3_ecommerce_s1_0066_2ce056,ecommerce_s1_0066,deepseek_v3,ecommerce,medium,synthetic,semantic_wrong,get_product,True,False,1,1.0,True,1,0.00041056
p2_semantic_wrong_deepseek_v3_ecommerce_s1_0068_dd2272,ecommerce_s1_0068,deepseek_v3,ecommerce,medium,synthetic,semantic_wrong,,False,True,0,0.0,False,0,0.00017513
p2_semantic_wrong_deepseek_v3_ecommerce_s1_0064_2f1e1c,ecommerce_s1_0064,deepseek_v3,ecommerce,medium,synthetic,semantic_wrong,search_products,True,False,2,1.2,True,1,0.00108572
p2_semantic_wrong_deepseek_v3_ecommerce_s1_0067_6b9e8f,ecommerce_s1_0067,deepseek_v3,ecommerce,medium,synthetic,semantic_wrong,search_products,True,False,2,1.2,True,1,0.0004645800000000001
p2_semantic_wrong_deepseek_v3_ecommerce_s1_0071_979052,ecommerce_s1_0071,deepseek_v3,ecommerce,medium,synthetic,semantic_wrong,search_products,True,True,1,0.6,False,0,0.00030364
p2_semantic_wrong_deepseek_v3_ecommerce_s1_0069_a2e887,ecommerce_s1_0069,deepseek_v3,ecommerce,medium,synthetic,semantic_wrong,get_product,True,True,0,0.0,False,0,0.00024270000000000002
p2_semantic_wrong_deepseek_v3_ecommerce_s1_0065_05a4ab,ecommerce_s1_0065,deepseek_v3,ecommerce,medium,synthetic,semantic_wrong,search_products,True,False,2,1.2,True,0,0.0009801900000000001
p2_semantic_wrong_deepseek_v3_ecommerce_s1_0073_538ffd,ecommerce_s1_0073,deepseek_v3,ecommerce,medium,synthetic,semantic_wrong,,False,False,0,0.0,False,0,0.00022235
p2_semantic_wrong_deepseek_v3_ecommerce_s1_0074_ed55b0,ecommerce_s1_0074,deepseek_v3,ecommerce,medium,synthetic,semantic_wrong,,False,True,0,0.0,False,0,0.00016606000000000002
p2_semantic_wrong_deepseek_v3_ecommerce_s1_0075_400c72,ecommerce_s1_0075,deepseek_v3,ecommerce,medium,synthetic,semantic_wrong,,False,False,0,0.0,False,0,0.00020971000000000002
p2_semantic_wrong_deepseek_v3_ecommerce_s1_0072_32d817,ecommerce_s1_0072,deepseek_v3,ecommerce,medium,synthetic,semantic_wrong,get_product,True,False,1,1.0,True,1,0.00073842
p2_semantic_wrong_deepseek_v3_ecommerce_s1_0070_65853e,ecommerce_s1_0070,deepseek_v3,ecommerce,medium,synthetic,semantic_wrong,search_products,True,False,2,1.2,True,1,0.00072942
p2_semantic_wrong_deepseek_v3_ecommerce_s1_0076_8ec944,ecommerce_s1_0076,deepseek_v3,ecommerce,medium,synthetic,semantic_wrong,search_products,True,False,2,1.2,True,0,0.00074858
p2_semantic_wrong_deepseek_v3_ecommerce_s1_0078_61ab9f,ecommerce_s1_0078,deepseek_v3,ecommerce,medium,synthetic,semantic_wrong,get_product,True,False,1,1.0,True,1,0.0006115000000000001
p2_semantic_wrong_deepseek_v3_ecommerce_s1_0081_912fd3,ecommerce_s1_0081,deepseek_v3,ecommerce,medium,synthetic,semantic_wrong,,False,False,0,0.0,False,0,0.00022538000000000001
p2_semantic_wrong_deepseek_v3_ecommerce_s1_0079_ffe61a,ecommerce_s1_0079,deepseek_v3,ecommerce,medium,synthetic,semantic_wrong,search_products,True,False,2,1.2,True,1,0.0013901900000000001
p2_semantic_wrong_deepseek_v3_ecommerce_s1_0080_0a8db8,ecommerce_s1_0080,deepseek_v3,ecommerce,medium,synthetic,semantic_wrong,search_products,True,False,2,1.2,True,0,0.0007214500000000001
p2_semantic_wrong_deepseek_v3_ecommerce_s1_0084_37b2dc,ecommerce_s1_0084,deepseek_v3,ecommerce,medium,synthetic,semantic_wrong,get_product,True,True,0,0.0,False,1,0.00022738
p2_semantic_wrong_deepseek_v3_ecommerce_s1_0077_03f8ce,ecommerce_s1_0077,deepseek_v3,ecommerce,medium,synthetic,semantic_wrong,search_products,True,False,2,1.2,True,1,0.0013593000000000001
p2_semantic_wrong_deepseek_v3_ecommerce_s1_0085_fae37d,ecommerce_s1_0085,deepseek_v3,ecommerce,medium,synthetic,semantic_wrong,,False,False,0,0.0,False,0,0.00023445000000000003
p2_semantic_wrong_deepseek_v3_ecommerce_s1_0086_3c5ac1,ecommerce_s1_0086,deepseek_v3,ecommerce,medium,synthetic,semantic_wrong,search_products,True,False,2,1.2,True,0,0.0010469799999999999
p2_semantic_wrong_deepseek_v3_ecommerce_s1_0082_564ba4,ecommerce_s1_0082,deepseek_v3,ecommerce,medium,synthetic,semantic_wrong,search_products,True,False,2,1.2,True,1,0.00106123
p2_semantic_wrong_deepseek_v3_ecommerce_s1_0083_454d1d,ecommerce_s1_0083,deepseek_v3,ecommerce,medium,synthetic,semantic_wrong,search_products,True,False,2,1.2,True,0,0.00098729
p2_semantic_wrong_deepseek_v3_ecommerce_s1_0087_377265,ecommerce_s1_0087,deepseek_v3,ecommerce,medium,synthetic,semantic_wrong,get_product,True,False,1,1.0,True,1,0.00068789
p2_semantic_wrong_deepseek_v3_ecommerce_s1_0088_90a829,ecommerce_s1_0088,deepseek_v3,ecommerce,medium,synthetic,semantic_wrong,search_products,True,False,2,1.2,True,0,0.00085023
p2_semantic_wrong_deepseek_v3_ecommerce_s1_0090_9ed8ba,ecommerce_s1_0090,deepseek_v3,ecommerce,medium,synthetic,semantic_wrong,get_product,True,False,1,1.0,True,1,0.00048103
p2_semantic_wrong_deepseek_v3_ecommerce_s1_0089_2087b0,ecommerce_s1_0089,deepseek_v3,ecommerce,medium,synthetic,semantic_wrong,search_products,True,False,2,1.2,True,0,0.00116939
p2_semantic_wrong_deepseek_v3_ecommerce_s1_0092_88f86a,ecommerce_s1_0092,deepseek_v3,ecommerce,medium,synthetic,semantic_wrong,search_products,True,False,2,1.2,True,0,0.00067238
p2_semantic_wrong_deepseek_v3_ecommerce_s1_0093_2c3033,ecommerce_s1_0093,deepseek_v3,ecommerce,medium,synthetic,semantic_wrong,get_product,True,False,1,1.0,True,1,0.00042893
p2_semantic_wrong_deepseek_v3_ecommerce_s1_0091_bcb00d,ecommerce_s1_0091,deepseek_v3,ecommerce,medium,synthetic,semantic_wrong,search_products,True,False,2,1.2,True,0,0.0007544
p2_semantic_wrong_deepseek_v3_ecommerce_s1_0096_9f4822,ecommerce_s1_0096,deepseek_v3,ecommerce,medium,synthetic,semantic_wrong,,False,False,0,0.0,False,0,0.00021438000000000002
p2_semantic_wrong_deepseek_v3_ecommerce_s1_0097_0135f8,ecommerce_s1_0097,deepseek_v3,ecommerce,medium,synthetic,semantic_wrong,,False,False,0,0.0,False,0,0.00021795
p2_semantic_wrong_deepseek_v3_ecommerce_s1_0094_a0c50c,ecommerce_s1_0094,deepseek_v3,ecommerce,medium,synthetic,semantic_wrong,search_products,True,False,2,1.2,True,0,0.00076986
p2_semantic_wrong_deepseek_v3_ecommerce_s1_0095_17a786,ecommerce_s1_0095,deepseek_v3,ecommerce,medium,synthetic,semantic_wrong,search_products,True,False,2,1.2,True,0,0.0011770500000000002
p2_semantic_wrong_deepseek_v3_ecommerce_s1_0100_8bde46,ecommerce_s1_0100,deepseek_v3,ecommerce,hard,synthetic,semantic_wrong,,False,True,0,0.0,False,0,0.0002863
p2_semantic_wrong_deepseek_v3_ecommerce_s1_0099_e96224,ecommerce_s1_0099,deepseek_v3,ecommerce,medium,synthetic,semantic_wrong,get_product,True,False,1,1.0,True,1,0.00068418
p2_semantic_wrong_deepseek_v3_ecommerce_s1_0098_58a94f,ecommerce_s1_0098,deepseek_v3,ecommerce,medium,synthetic,semantic_wrong,search_products,True,True,1,0.6,False,0,0.00091392
p2_semantic_wrong_deepseek_v3_ecommerce_s1_0101_a8a48e,ecommerce_s1_0101,deepseek_v3,ecommerce,hard,synthetic,semantic_wrong,get_product,True,False,1,1.0,True,1,0.0008311000000000001
p2_semantic_wrong_deepseek_v3_ecommerce_s1_0103_8fdd46,ecommerce_s1_0103,deepseek_v3,ecommerce,hard,synthetic,semantic_wrong,search_products,True,True,1,0.6,False,1,0.0005081700000000001
p2_semantic_wrong_deepseek_v3_ecommerce_s1_0105_e21e2b,ecommerce_s1_0105,deepseek_v3,ecommerce,hard,synthetic,semantic_wrong,,False,True,0,0.0,False,0,0.00035954000000000004
p2_semantic_wrong_deepseek_v3_ecommerce_s1_0106_5a78a5,ecommerce_s1_0106,deepseek_v3,ecommerce,hard,synthetic,semantic_wrong,,False,True,0,0.0,False,0,0.00029454000000000004
p2_semantic_wrong_deepseek_v3_ecommerce_s1_0107_903fc8,ecommerce_s1_0107,deepseek_v3,ecommerce,hard,synthetic,semantic_wrong,,False,True,0,0.0,False,0,0.00025616
p2_semantic_wrong_deepseek_v3_ecommerce_s1_0109_5a173d,ecommerce_s1_0109,deepseek_v3,ecommerce,hard,synthetic,semantic_wrong,,False,False,0,0.0,False,0,0.0003017
p2_semantic_wrong_deepseek_v3_ecommerce_s1_0104_0ff798,ecommerce_s1_0104,deepseek_v3,ecommerce,hard,synthetic,semantic_wrong,get_product,True,False,1,1.0,True,1,0.0009870900000000001
p2_semantic_wrong_deepseek_v3_ecommerce_s1_0102_b56c43,ecommerce_s1_0102,deepseek_v3,ecommerce,hard,synthetic,semantic_wrong,search_products,True,True,1,0.6,False,1,0.00133894
p2_semantic_wrong_deepseek_v3_ecommerce_s1_0108_43945a,ecommerce_s1_0108,deepseek_v3,ecommerce,hard,synthetic,semantic_wrong,,False,False,0,0.0,False,0,0.0003158100000000001
p2_semantic_wrong_deepseek_v3_ecommerce_s1_0112_694e67,ecommerce_s1_0112,deepseek_v3,ecommerce,hard,synthetic,semantic_wrong,,False,True,0,0.0,False,0,0.00036247
p2_semantic_wrong_deepseek_v3_ecommerce_s1_0110_878105,ecommerce_s1_0110,deepseek_v3,ecommerce,hard,synthetic,semantic_wrong,get_product,True,False,1,1.0,True,1,0.0007844500000000001
p2_semantic_wrong_deepseek_v3_ecommerce_s1_0113_a2bd15,ecommerce_s1_0113,deepseek_v3,ecommerce,hard,synthetic,semantic_wrong,,False,False,0,0.0,False,0,0.00025589
p2_semantic_wrong_deepseek_v3_ecommerce_s1_0114_c2ed1f,ecommerce_s1_0114,deepseek_v3,ecommerce,hard,synthetic,semantic_wrong,,False,True,0,0.0,False,0,0.00027181000000000004
p2_semantic_wrong_deepseek_v3_ecommerce_s1_0116_3ddbb3,ecommerce_s1_0116,deepseek_v3,ecommerce,hard,synthetic,semantic_wrong,,False,True,0,0.0,False,0,0.00025479
p2_semantic_wrong_deepseek_v3_ecommerce_s1_0115_bf23f0,ecommerce_s1_0115,deepseek_v3,ecommerce,hard,synthetic,semantic_wrong,,False,True,0,0.0,False,0,0.0002929
p2_semantic_wrong_deepseek_v3_ecommerce_s1_0118_2728d2,ecommerce_s1_0118,deepseek_v3,ecommerce,hard,synthetic,semantic_wrong,,False,True,0,0.0,False,0,0.00027393000000000003
p2_semantic_wrong_deepseek_v3_ecommerce_s1_0111_a5bc2d,ecommerce_s1_0111,deepseek_v3,ecommerce,hard,synthetic,semantic_wrong,,False,True,0,0.0,False,0,0.0004904400000000001
p2_semantic_wrong_deepseek_v3_ecommerce_s1_0120_e682b7,ecommerce_s1_0120,deepseek_v3,ecommerce,hard,synthetic,semantic_wrong,,False,True,0,0.0,False,0,0.00028364
p2_semantic_wrong_deepseek_v3_ecommerce_s1_0117_7e35a9,ecommerce_s1_0117,deepseek_v3,ecommerce,hard,synthetic,semantic_wrong,,False,True,0,0.0,False,0,0.00045744000000000004
p2_semantic_wrong_deepseek_v3_ecommerce_s1_0119_586478,ecommerce_s1_0119,deepseek_v3,ecommerce,hard,synthetic,semantic_wrong,get_product,True,True,0,0.0,False,1,0.00101255
p2_semantic_wrong_deepseek_v3_ecommerce_s1_0121_cd277c,ecommerce_s1_0121,deepseek_v3,ecommerce,hard,synthetic,semantic_wrong,search_products,True,True,1,0.6,False,0,0.0009531800000000001
p2_semantic_wrong_deepseek_v3_ecommerce_s1_0123_0f6256,ecommerce_s1_0123,deepseek_v3,ecommerce,hard,synthetic,semantic_wrong,,False,True,0,0.0,False,0,0.00027318
p2_semantic_wrong_deepseek_v3_ecommerce_s1_0122_3ca010,ecommerce_s1_0122,deepseek_v3,ecommerce,hard,synthetic,semantic_wrong,,False,False,0,0.0,False,0,0.00030429
p2_semantic_wrong_deepseek_v3_ecommerce_s1_0124_91b057,ecommerce_s1_0124,deepseek_v3,ecommerce,hard,synthetic,semantic_wrong,search_products,True,True,1,0.6,False,1,0.0005598300000000001
p2_semantic_wrong_deepseek_v3_ecommerce_s1_0127_b4de9e,ecommerce_s1_0127,deepseek_v3,ecommerce,hard,synthetic,semantic_wrong,,False,True,0,0.0,False,0,0.00026980000000000005
p2_semantic_wrong_deepseek_v3_ecommerce_s1_0128_3fe5ce,ecommerce_s1_0128,deepseek_v3,ecommerce,hard,synthetic,semantic_wrong,,False,True,0,0.0,False,0,0.00023636000000000002
p2_semantic_wrong_gemini_20_flash_ecommerce_s1_0030_75755f,ecommerce_s1_0030,gemini_20_flash,ecommerce,easy,synthetic,semantic_wrong,,False,True,0,0.0,False,0,3.0400000000000004e-05
p2_semantic_wrong_gemini_20_flash_ecommerce_s1_0031_504650,ecommerce_s1_0031,gemini_20_flash,ecommerce,easy,synthetic,semantic_wrong,,False,False,0,0.0,False,0,4.8200000000000006e-05
p2_semantic_wrong_gemini_20_flash_ecommerce_s1_0032_cde3d1,ecommerce_s1_0032,gemini_20_flash,ecommerce,easy,synthetic,semantic_wrong,,False,True,0,0.0,False,0,4.16e-05
p2_semantic_wrong_deepseek_v3_ecommerce_s1_0125_39e179,ecommerce_s1_0125,deepseek_v3,ecommerce,hard,synthetic,semantic_wrong,get_product,True,False,1,1.0,True,1,0.0008147600000000001
p2_semantic_wrong_gemini_20_flash_ecommerce_s1_0033_341689,ecommerce_s1_0033,gemini_20_flash,ecommerce,easy,synthetic,semantic_wrong,,False,True,0,0.0,False,0,3.8100000000000005e-05
p2_semantic_wrong_gemini_20_flash_ecommerce_s1_0034_2f96e9,ecommerce_s1_0034,gemini_20_flash,ecommerce,easy,synthetic,semantic_wrong,,False,True,0,0.0,False,0,4.910000000000001e-05
p2_semantic_wrong_gemini_20_flash_ecommerce_s1_0035_964e21,ecommerce_s1_0035,gemini_20_flash,ecommerce,easy,synthetic,semantic_wrong,,False,True,0,0.0,False,0,3.0400000000000004e-05
p2_semantic_wrong_gemini_20_flash_ecommerce_s1_0036_6aa5a5,ecommerce_s1_0036,gemini_20_flash,ecommerce,easy,synthetic,semantic_wrong,,False,True,0,0.0,False,0,4.9e-05
p2_semantic_wrong_gemini_20_flash_ecommerce_s1_0037_68eab7,ecommerce_s1_0037,gemini_20_flash,ecommerce,easy,synthetic,semantic_wrong,,False,True,0,0.0,False,0,8.12e-05
p2_semantic_wrong_gemini_20_flash_ecommerce_s1_0038_ed6c8d,ecommerce_s1_0038,gemini_20_flash,ecommerce,easy,synthetic,semantic_wrong,,False,True,0,0.0,False,0,8.05e-05
p2_semantic_wrong_gemini_20_flash_ecommerce_s1_0039_f82ad7,ecommerce_s1_0039,gemini_20_flash,ecommerce,easy,synthetic,semantic_wrong,,False,True,0,0.0,False,0,5.000000000000001e-05
p2_semantic_wrong_gemini_20_flash_ecommerce_s1_0040_99d11c,ecommerce_s1_0040,gemini_20_flash,ecommerce,easy,synthetic,semantic_wrong,,False,True,0,0.0,False,0,2.8800000000000002e-05
p2_semantic_wrong_gemini_20_flash_ecommerce_s1_0041_1aebfa,ecommerce_s1_0041,gemini_20_flash,ecommerce,easy,synthetic,semantic_wrong,,False,False,0,0.0,False,0,3.86e-05
p2_semantic_wrong_gemini_20_flash_ecommerce_s1_0043_621974,ecommerce_s1_0043,gemini_20_flash,ecommerce,easy,synthetic,semantic_wrong,,False,True,0,0.0,False,0,7.690000000000001e-05
p2_semantic_wrong_gemini_20_flash_ecommerce_s1_0042_6ee96b,ecommerce_s1_0042,gemini_20_flash,ecommerce,easy,synthetic,semantic_wrong,,False,True,0,0.0,False,0,0.00010240000000000001
p2_semantic_wrong_gemini_20_flash_ecommerce_s1_0045_7152fc,ecommerce_s1_0045,gemini_20_flash,ecommerce,easy,synthetic,semantic_wrong,,False,True,0,0.0,False,0,3e-05
p2_semantic_wrong_gemini_20_flash_ecommerce_s1_0044_fe73ef,ecommerce_s1_0044,gemini_20_flash,ecommerce,easy,synthetic,semantic_wrong,,False,True,0,0.0,False,0,4.910000000000001e-05
p2_semantic_wrong_gemini_20_flash_ecommerce_s1_0046_c93001,ecommerce_s1_0046,gemini_20_flash,ecommerce,easy,synthetic,semantic_wrong,,False,False,0,0.0,False,0,4.66e-05
p2_semantic_wrong_gemini_20_flash_ecommerce_s1_0047_3d1aac,ecommerce_s1_0047,gemini_20_flash,ecommerce,easy,synthetic,semantic_wrong,,False,True,0,0.0,False,0,0.00010400000000000001
p2_semantic_wrong_gemini_20_flash_ecommerce_s1_0048_4e6fce,ecommerce_s1_0048,gemini_20_flash,ecommerce,easy,synthetic,semantic_wrong,,False,True,0,0.0,False,0,8.690000000000001e-05
p2_semantic_wrong_gemini_20_flash_ecommerce_s1_0049_e3deab,ecommerce_s1_0049,gemini_20_flash,ecommerce,easy,synthetic,semantic_wrong,,False,True,0,0.0,False,0,4.9500000000000004e-05
p2_semantic_wrong_gemini_20_flash_ecommerce_s1_0051_9ad61c,ecommerce_s1_0051,gemini_20_flash,ecommerce,medium,synthetic,semantic_wrong,,False,False,0,0.0,False,0,7.510000000000001e-05
p2_semantic_wrong_gemini_20_flash_ecommerce_s1_0050_f8fa19,ecommerce_s1_0050,gemini_20_flash,ecommerce,medium,synthetic,semantic_wrong,,False,False,0,0.0,False,0,8.530000000000001e-05
p2_semantic_wrong_gemini_20_flash_ecommerce_s1_0053_e238f1,ecommerce_s1_0053,gemini_20_flash,ecommerce,medium,synthetic,semantic_wrong,,False,False,0,0.0,False,0,6.81e-05
p2_semantic_wrong_gemini_20_flash_ecommerce_s1_0052_adb4fc,ecommerce_s1_0052,gemini_20_flash,ecommerce,medium,synthetic,semantic_wrong,,False,False,0,0.0,False,0,8.16e-05
p2_semantic_wrong_gemini_20_flash_ecommerce_s1_0054_1213e6,ecommerce_s1_0054,gemini_20_flash,ecommerce,medium,synthetic,semantic_wrong,,False,False,0,0.0,False,0,7.91e-05
p2_semantic_wrong_gemini_20_flash_ecommerce_s1_0055_4bbd70,ecommerce_s1_0055,gemini_20_flash,ecommerce,medium,synthetic,semantic_wrong,,False,False,0,0.0,False,0,7.48e-05
p2_semantic_wrong_gemini_20_flash_ecommerce_s1_0057_fe1220,ecommerce_s1_0057,gemini_20_flash,ecommerce,medium,synthetic,semantic_wrong,,False,False,0,0.0,False,0,7.63e-05
p2_semantic_wrong_deepseek_v3_ecommerce_s1_0129_86345c,ecommerce_s1_0129,deepseek_v3,ecommerce,hard,synthetic,semantic_wrong,search_products,True,True,1,0.6,False,1,0.00138411
p2_semantic_wrong_gemini_20_flash_ecommerce_s1_0058_4c78aa,ecommerce_s1_0058,gemini_20_flash,ecommerce,medium,synthetic,semantic_wrong,,False,False,0,0.0,False,0,7.16e-05
p2_semantic_wrong_gemini_20_flash_ecommerce_s1_0056_ae2155,ecommerce_s1_0056,gemini_20_flash,ecommerce,medium,synthetic,semantic_wrong,search_products,True,False,2,1.2,True,0,0.00028060000000000004
p2_semantic_wrong_gemini_20_flash_ecommerce_s1_0059_a38fd6,ecommerce_s1_0059,gemini_20_flash,ecommerce,medium,synthetic,semantic_wrong,,False,False,0,0.0,False,0,8.450000000000001e-05
p2_semantic_wrong_gemini_20_flash_ecommerce_s1_0060_e93f8a,ecommerce_s1_0060,gemini_20_flash,ecommerce,medium,synthetic,semantic_wrong,,False,False,0,0.0,False,0,8.120000000000001e-05
p2_semantic_wrong_gemini_20_flash_ecommerce_s1_0061_077832,ecommerce_s1_0061,gemini_20_flash,ecommerce,medium,synthetic,semantic_wrong,,False,False,0,0.0,False,0,8.32e-05
p2_semantic_wrong_gemini_20_flash_ecommerce_s1_0063_42e732,ecommerce_s1_0063,gemini_20_flash,ecommerce,medium,synthetic,semantic_wrong,,False,False,0,0.0,False,0,7.510000000000001e-05
p2_semantic_wrong_gemini_20_flash_ecommerce_s1_0064_bcfd41,ecommerce_s1_0064,gemini_20_flash,ecommerce,medium,synthetic,semantic_wrong,,False,False,0,0.0,False,0,0.00010480000000000001
p2_semantic_wrong_gemini_20_flash_ecommerce_s1_0065_bd2f2a,ecommerce_s1_0065,gemini_20_flash,ecommerce,medium,synthetic,semantic_wrong,,False,False,0,0.0,False,0,7.13e-05
p2_semantic_wrong_deepseek_v3_ecommerce_s1_0126_bf4e2e,ecommerce_s1_0126,deepseek_v3,ecommerce,hard,synthetic,semantic_wrong,,False,True,0,0.0,False,0,0.00052371
p2_semantic_wrong_gemini_20_flash_ecommerce_s1_0062_116b6f,ecommerce_s1_0062,gemini_20_flash,ecommerce,medium,synthetic,semantic_wrong,search_products,True,False,2,1.2,True,0,0.00032780000000000005
p2_semantic_wrong_gemini_20_flash_ecommerce_s1_0066_d80a6e,ecommerce_s1_0066,gemini_20_flash,ecommerce,medium,synthetic,semantic_wrong,,False,False,0,0.0,False,0,7.670000000000001e-05
p2_semantic_wrong_gemini_20_flash_ecommerce_s1_0067_bcbf92,ecommerce_s1_0067,gemini_20_flash,ecommerce,medium,synthetic,semantic_wrong,,False,False,0,0.0,False,0,8.480000000000001e-05
p2_semantic_wrong_gemini_20_flash_ecommerce_s1_0068_a66a26,ecommerce_s1_0068,gemini_20_flash,ecommerce,medium,synthetic,semantic_wrong,search_products,True,False,2,1.2,True,1,3.09e-05
p2_semantic_wrong_gemini_20_flash_ecommerce_s1_0070_b519b2,ecommerce_s1_0070,gemini_20_flash,ecommerce,medium,synthetic,semantic_wrong,,False,False,0,0.0,False,0,7.52e-05
p2_semantic_wrong_gemini_20_flash_ecommerce_s1_0069_a9cf40,ecommerce_s1_0069,gemini_20_flash,ecommerce,medium,synthetic,semantic_wrong,,False,False,0,0.0,False,0,7.510000000000001e-05
p2_semantic_wrong_gemini_20_flash_ecommerce_s1_0072_80fbd0,ecommerce_s1_0072,gemini_20_flash,ecommerce,medium,synthetic,semantic_wrong,,False,False,0,0.0,False,0,7.070000000000001e-05
p2_semantic_wrong_gemini_20_flash_ecommerce_s1_0073_7fef08,ecommerce_s1_0073,gemini_20_flash,ecommerce,medium,synthetic,semantic_wrong,,False,False,0,0.0,False,0,9.480000000000001e-05
p2_semantic_wrong_gemini_20_flash_ecommerce_s1_0075_f51238,ecommerce_s1_0075,gemini_20_flash,ecommerce,medium,synthetic,semantic_wrong,,False,False,0,0.0,False,0,7.510000000000001e-05
p2_semantic_wrong_gemini_20_flash_ecommerce_s1_0076_ebe08f,ecommerce_s1_0076,gemini_20_flash,ecommerce,medium,synthetic,semantic_wrong,,False,False,0,0.0,False,0,8.480000000000001e-05
p2_semantic_wrong_gemini_20_flash_ecommerce_s1_0071_9ee8a4,ecommerce_s1_0071,gemini_20_flash,ecommerce,medium,synthetic,semantic_wrong,search_products,True,False,2,1.2,True,1,0.000268
p2_semantic_wrong_gemini_20_flash_ecommerce_s1_0077_1232dd,ecommerce_s1_0077,gemini_20_flash,ecommerce,medium,synthetic,semantic_wrong,,False,False,0,0.0,False,0,4.8500000000000007e-05
p2_semantic_wrong_gemini_20_flash_ecommerce_s1_0078_d77214,ecommerce_s1_0078,gemini_20_flash,ecommerce,medium,synthetic,semantic_wrong,,False,False,0,0.0,False,0,7.92e-05
p2_semantic_wrong_gemini_20_flash_ecommerce_s1_0079_80f904,ecommerce_s1_0079,gemini_20_flash,ecommerce,medium,synthetic,semantic_wrong,,False,False,0,0.0,False,0,7.49e-05
p2_semantic_wrong_gemini_20_flash_ecommerce_s1_0074_ac3c8f,ecommerce_s1_0074,gemini_20_flash,ecommerce,medium,synthetic,semantic_wrong,search_products,True,False,2,1.2,True,0,0.00030960000000000004
p2_semantic_wrong_gemini_20_flash_ecommerce_s1_0081_767a64,ecommerce_s1_0081,gemini_20_flash,ecommerce,medium,synthetic,semantic_wrong,,False,False,0,0.0,False,0,7.92e-05
p2_semantic_wrong_gemini_20_flash_ecommerce_s1_0083_c0530a,ecommerce_s1_0083,gemini_20_flash,ecommerce,medium,synthetic,semantic_wrong,,False,False,0,0.0,False,0,6.85e-05
p2_semantic_wrong_gemini_20_flash_ecommerce_s1_0082_e2a98e,ecommerce_s1_0082,gemini_20_flash,ecommerce,medium,synthetic,semantic_wrong,,False,False,0,0.0,False,0,0.0001212
p2_semantic_wrong_gemini_20_flash_ecommerce_s1_0084_7c797e,ecommerce_s1_0084,gemini_20_flash,ecommerce,medium,synthetic,semantic_wrong,,False,False,0,0.0,False,0,7.52e-05
p2_semantic_wrong_gemini_20_flash_ecommerce_s1_0080_e32771,ecommerce_s1_0080,gemini_20_flash,ecommerce,medium,synthetic,semantic_wrong,search_products,True,False,2,1.2,True,1,0.00026720000000000004
p2_semantic_wrong_gemini_20_flash_ecommerce_s1_0085_c90338,ecommerce_s1_0085,gemini_20_flash,ecommerce,medium,synthetic,semantic_wrong,,False,False,0,0.0,False,0,8.680000000000001e-05
p2_semantic_wrong_gemini_20_flash_ecommerce_s1_0086_1fe2c7,ecommerce_s1_0086,gemini_20_flash,ecommerce,medium,synthetic,semantic_wrong,,False,False,0,0.0,False,0,7.890000000000001e-05
p2_semantic_wrong_gemini_20_flash_ecommerce_s1_0087_445885,ecommerce_s1_0087,gemini_20_flash,ecommerce,medium,synthetic,semantic_wrong,,False,False,0,0.0,False,0,7.47e-05
p2_semantic_wrong_gemini_20_flash_ecommerce_s1_0088_829105,ecommerce_s1_0088,gemini_20_flash,ecommerce,medium,synthetic,semantic_wrong,,False,False,0,0.0,False,0,0.00010360000000000001
p2_semantic_wrong_gemini_20_flash_ecommerce_s1_0091_42a382,ecommerce_s1_0091,gemini_20_flash,ecommerce,medium,synthetic,semantic_wrong,,False,False,0,0.0,False,0,6.52e-05
p2_semantic_wrong_gemini_20_flash_ecommerce_s1_0090_d62e4b,ecommerce_s1_0090,gemini_20_flash,ecommerce,medium,synthetic,semantic_wrong,,False,False,0,0.0,False,0,7.670000000000001e-05
p2_semantic_wrong_gemini_20_flash_ecommerce_s1_0092_5865a7,ecommerce_s1_0092,gemini_20_flash,ecommerce,medium,synthetic,semantic_wrong,,False,False,0,0.0,False,0,6.69e-05
p2_semantic_wrong_gemini_20_flash_ecommerce_s1_0094_1ec8ba,ecommerce_s1_0094,gemini_20_flash,ecommerce,medium,synthetic,semantic_wrong,,False,False,0,0.0,False,0,8.32e-05
p2_semantic_wrong_gemini_20_flash_ecommerce_s1_0093_92c361,ecommerce_s1_0093,gemini_20_flash,ecommerce,medium,synthetic,semantic_wrong,,False,False,0,0.0,False,0,7.800000000000001e-05
p2_semantic_wrong_gemini_20_flash_ecommerce_s1_0089_78f0d1,ecommerce_s1_0089,gemini_20_flash,ecommerce,medium,synthetic,semantic_wrong,search_products,True,False,2,1.2,True,0,0.00046100000000000004
p2_semantic_wrong_gemini_20_flash_ecommerce_s1_0097_411e9d,ecommerce_s1_0097,gemini_20_flash,ecommerce,medium,synthetic,semantic_wrong,,False,False,0,0.0,False,0,7.760000000000002e-05
p2_semantic_wrong_gemini_20_flash_ecommerce_s1_0096_d84ee0,ecommerce_s1_0096,gemini_20_flash,ecommerce,medium,synthetic,semantic_wrong,,False,False,0,0.0,False,0,7.72e-05
p2_semantic_wrong_gemini_20_flash_ecommerce_s1_0095_d6c324,ecommerce_s1_0095,gemini_20_flash,ecommerce,medium,synthetic,semantic_wrong,,False,False,0,0.0,False,0,8.450000000000001e-05
p2_semantic_wrong_gemini_20_flash_ecommerce_s1_0099_050b16,ecommerce_s1_0099,gemini_20_flash,ecommerce,medium,synthetic,semantic_wrong,,False,False,0,0.0,False,0,7.59e-05
p2_semantic_wrong_gemini_20_flash_ecommerce_s1_0101_ecc564,ecommerce_s1_0101,gemini_20_flash,ecommerce,hard,synthetic,semantic_wrong,,False,False,0,0.0,False,0,0.00010410000000000001
p2_semantic_wrong_gemini_20_flash_ecommerce_s1_0100_7c53e2,ecommerce_s1_0100,gemini_20_flash,ecommerce,hard,synthetic,semantic_wrong,,False,False,0,0.0,False,0,0.0001479
p2_semantic_wrong_gemini_20_flash_ecommerce_s1_0102_1db9ee,ecommerce_s1_0102,gemini_20_flash,ecommerce,hard,synthetic,semantic_wrong,,False,False,0,0.0,False,0,0.0001179
p2_semantic_wrong_gemini_20_flash_ecommerce_s1_0098_5b1ea8,ecommerce_s1_0098,gemini_20_flash,ecommerce,medium,synthetic,semantic_wrong,search_products,True,False,2,1.2,True,0,0.00041550000000000007
p2_semantic_wrong_gemini_20_flash_ecommerce_s1_0103_466eaa,ecommerce_s1_0103,gemini_20_flash,ecommerce,hard,synthetic,semantic_wrong,,False,False,0,0.0,False,0,0.0001159
p2_semantic_wrong_gemini_20_flash_ecommerce_s1_0104_bec383,ecommerce_s1_0104,gemini_20_flash,ecommerce,hard,synthetic,semantic_wrong,,False,False,0,0.0,False,0,0.00010410000000000001
p2_semantic_wrong_gemini_20_flash_ecommerce_s1_0106_72235c,ecommerce_s1_0106,gemini_20_flash,ecommerce,hard,synthetic,semantic_wrong,,False,False,0,0.0,False,0,0.00011520000000000001
p2_semantic_wrong_gemini_20_flash_ecommerce_s1_0108_1bdde7,ecommerce_s1_0108,gemini_20_flash,ecommerce,hard,synthetic,semantic_wrong,,False,False,0,0.0,False,0,0.00010390000000000002
p2_semantic_wrong_gemini_20_flash_ecommerce_s1_0107_036f81,ecommerce_s1_0107,gemini_20_flash,ecommerce,hard,synthetic,semantic_wrong,,False,False,0,0.0,False,0,0.00010410000000000001
p2_semantic_wrong_gemini_20_flash_ecommerce_s1_0110_12fd21,ecommerce_s1_0110,gemini_20_flash,ecommerce,hard,synthetic,semantic_wrong,,False,False,0,0.0,False,0,0.00010410000000000001
p2_semantic_wrong_gemini_20_flash_ecommerce_s1_0111_4a3ca8,ecommerce_s1_0111,gemini_20_flash,ecommerce,hard,synthetic,semantic_wrong,,False,False,0,0.0,False,0,0.0001083
p2_semantic_wrong_gemini_20_flash_ecommerce_s1_0109_f2c195,ecommerce_s1_0109,gemini_20_flash,ecommerce,hard,synthetic,semantic_wrong,,False,False,0,0.0,False,0,0.0001339
p2_semantic_wrong_gemini_20_flash_ecommerce_s1_0112_634812,ecommerce_s1_0112,gemini_20_flash,ecommerce,hard,synthetic,semantic_wrong,,False,False,0,0.0,False,0,0.000116
p2_semantic_wrong_gemini_20_flash_ecommerce_s1_0114_dbbfde,ecommerce_s1_0114,gemini_20_flash,ecommerce,hard,synthetic,semantic_wrong,,False,False,0,0.0,False,0,0.00011270000000000002
p2_semantic_wrong_gemini_20_flash_ecommerce_s1_0113_9047a4,ecommerce_s1_0113,gemini_20_flash,ecommerce,hard,synthetic,semantic_wrong,,False,False,0,0.0,False,0,0.0001317
p2_semantic_wrong_gemini_20_flash_ecommerce_s1_0115_6a82e4,ecommerce_s1_0115,gemini_20_flash,ecommerce,hard,synthetic,semantic_wrong,,False,False,0,0.0,False,0,0.00011670000000000002
p2_semantic_wrong_gemini_20_flash_ecommerce_s1_0116_37d144,ecommerce_s1_0116,gemini_20_flash,ecommerce,hard,synthetic,semantic_wrong,,False,False,0,0.0,False,0,9.89e-05
p2_semantic_wrong_gemini_20_flash_ecommerce_s1_0117_37e9f9,ecommerce_s1_0117,gemini_20_flash,ecommerce,hard,synthetic,semantic_wrong,,False,False,0,0.0,False,0,0.00010390000000000002
p2_semantic_wrong_gemini_20_flash_ecommerce_s1_0118_7022d6,ecommerce_s1_0118,gemini_20_flash,ecommerce,hard,synthetic,semantic_wrong,,False,False,0,0.0,False,0,0.0001139
p2_semantic_wrong_gemini_20_flash_ecommerce_s1_0120_d2d31d,ecommerce_s1_0120,gemini_20_flash,ecommerce,hard,synthetic,semantic_wrong,,False,False,0,0.0,False,0,0.00010510000000000002
p2_semantic_wrong_gemini_20_flash_ecommerce_s1_0119_2e0e0d,ecommerce_s1_0119,gemini_20_flash,ecommerce,hard,synthetic,semantic_wrong,,False,False,0,0.0,False,0,0.0001409
p2_semantic_wrong_gemini_20_flash_ecommerce_s1_0123_d05216,ecommerce_s1_0123,gemini_20_flash,ecommerce,hard,synthetic,semantic_wrong,,False,False,0,0.0,False,0,0.00010510000000000002
p2_semantic_wrong_gemini_20_flash_ecommerce_s1_0121_f58ec6,ecommerce_s1_0121,gemini_20_flash,ecommerce,hard,synthetic,semantic_wrong,,False,False,0,0.0,False,0,0.00011750000000000001
p2_semantic_wrong_gemini_20_flash_ecommerce_s1_0122_b19e35,ecommerce_s1_0122,gemini_20_flash,ecommerce,hard,synthetic,semantic_wrong,,False,False,0,0.0,False,0,0.0001357
p2_semantic_wrong_gemini_20_flash_ecommerce_s1_0124_cb7541,ecommerce_s1_0124,gemini_20_flash,ecommerce,hard,synthetic,semantic_wrong,,False,False,0,0.0,False,0,0.0001247
p2_semantic_wrong_gemini_20_flash_ecommerce_s1_0125_8cb03c,ecommerce_s1_0125,gemini_20_flash,ecommerce,hard,synthetic,semantic_wrong,,False,False,0,0.0,False,0,0.00013769999999999999
p2_semantic_wrong_gemini_20_flash_ecommerce_s1_0126_7ce84c,ecommerce_s1_0126,gemini_20_flash,ecommerce,hard,synthetic,semantic_wrong,,False,False,0,0.0,False,0,0.00010510000000000002
p2_semantic_wrong_gemini_20_flash_ecommerce_s1_0128_239cca,ecommerce_s1_0128,gemini_20_flash,ecommerce,hard,synthetic,semantic_wrong,,False,False,0,0.0,False,0,0.00010650000000000001
p2_semantic_wrong_gemini_20_flash_ecommerce_s1_0127_806bfc,ecommerce_s1_0127,gemini_20_flash,ecommerce,hard,synthetic,semantic_wrong,,False,False,0,0.0,False,0,0.0001139
p2_semantic_wrong_gemini_20_flash_ecommerce_s1_0129_367de0,ecommerce_s1_0129,gemini_20_flash,ecommerce,hard,synthetic,semantic_wrong,,False,False,0,0.0,False,0,0.0001067
p2_semantic_wrong_gemini_20_flash_ecommerce_s1_0105_54f109,ecommerce_s1_0105,gemini_20_flash,ecommerce,hard,synthetic,semantic_wrong,search_products,True,False,2,1.2,True,0,0.0004821
