session_id,task_id,model,domain,condition,k,injection_applied,abstained,final_correct,hallucination,cost,unique_answers,answer_sample
sc_baseline_gpt4o_mini_halueval_0039_f77b73,halueval_0039,gpt4o_mini,knowledge,baseline,3,False,False,False,True,0.00022394999999999997,1,California
sc_baseline_gpt4o_mini_toolbench_syn_0003_3fbc68,toolbench_syn_0003,gpt4o_mini,calendar,baseline,3,False,True,False,False,0.00020955,3,"Workshop scheduled for next Monday, October 30, 2023, at 14:00."
sc_baseline_gpt4o_mini_calendar_100_43e325,calendar_100,gpt4o_mini,calendar,baseline,3,False,True,False,False,0.00087675,3,"The ""Interview"" event has been successfully created for August 1, 2024, at 15:00 for 45 minutes."
sc_baseline_gpt4o_mini_calendar_032_da41fc,calendar_032,gpt4o_mini,calendar,baseline,3,False,False,False,True,0.0005855999999999999,2,"On 2024-08-20, you have the following meetings:
1. Code Review at 09:00 (Duration: 60 minutes)
2. Code Review at 09:00 (Duration: 60 minutes)
3. Team "
sc_baseline_gpt4o_mini_weather_089_2be220,weather_089,gpt4o_mini,weather,baseline,3,False,True,False,False,0.0012332999999999999,3,"The weather in Dubai on May 22, 2024, is expected to be 38°C with 47% humidity and partly cloudy conditions. However, the forecast for the following 5"
sc_baseline_gpt4o_mini_toolbench_syn_0058_3b2491,toolbench_syn_0058,gpt4o_mini,weather,baseline,3,False,False,False,True,0.0001371,1,[waiting for the forecast data]
sc_baseline_gpt4o_mini_calendar_021_67182b,calendar_021,gpt4o_mini,calendar,baseline,3,False,True,False,False,0.00023925,3,Event 'Client Call' created for 2024-07-02 at 13:00 for 30 minutes.
sc_baseline_gpt4o_mini_weather_038_2847ec,weather_038,gpt4o_mini,weather,baseline,3,False,True,False,False,0.00013575,3,[weather forecast for Sydney]
sc_baseline_gpt4o_mini_toolbench_syn_0070_2b695f,toolbench_syn_0070,gpt4o_mini,medical,baseline,3,False,True,False,False,0.0002325,3,"Patient P004, David Lee, is prescribed the following medications: ibuprofen and atorvastatin."
sc_baseline_gpt4o_mini_weather_097_35ee8c,weather_097,gpt4o_mini,weather,baseline,3,False,True,False,False,0.0015276,3,"Today's weather in Toronto (2024-07-08) is 34°C, cloudy, with 27% humidity. In contrast, the historical average temperatures from January 1 to January"
sc_baseline_gpt4o_mini_medical_098_9b64cf,medical_098,gpt4o_mini,medical,baseline,3,False,False,False,True,0.00131325,2,The emergency appointment for patient P004 with doctor D002 on 2024-11-01 is scheduled successfully.
sc_baseline_gpt4o_mini_weather_005_2344d5,weather_005,gpt4o_mini,weather,baseline,3,False,False,True,False,0.00015465,1,[The hourly forecast for Singapore for the next day will be provided once the action is completed.]
sc_baseline_gpt4o_mini_toolbench_syn_0004_142dca,toolbench_syn_0004,gpt4o_mini,weather,baseline,3,False,True,False,False,0.00013079999999999998,3,[The current weather in Mumbai will be provided by the tool.]
sc_baseline_gpt4o_mini_toolbench_syn_0074_a6ef47,toolbench_syn_0074,gpt4o_mini,weather,baseline,3,False,True,False,False,0.0001284,3,[current weather information in Paris]
sc_baseline_gpt4o_mini_weather_051_24592a,weather_051,gpt4o_mini,weather,baseline,3,False,True,False,False,0.00090975,3,[Waiting for tool responses]
sc_baseline_gpt4o_mini_calendar_061_fdb3de,calendar_061,gpt4o_mini,calendar,baseline,3,False,True,False,False,0.0005695499999999999,3,"[Event created successfully, now retrieving all events for the day 2024-08-12.]"
sc_baseline_gpt4o_mini_calendar_081_b57d41,calendar_081,gpt4o_mini,calendar,baseline,3,False,True,False,False,0.00136905,3,"The 'Training Session' meeting has been created for July 2, 2024, at 16:00 for 30 minutes. On that day, the following event is scheduled: 
- Title: Tr"
sc_baseline_gpt4o_mini_halueval_0053_f9875e,halueval_0053,gpt4o_mini,knowledge,baseline,3,False,False,False,True,0.00029279999999999996,2,Cynthia Nixon received the 2004 Primetime Emmy Award for Outstanding Supporting Actress in a Comedy Series and a Screen Actors Guild Award for her per
sc_baseline_gpt4o_mini_toolbench_syn_0040_b4306d,toolbench_syn_0040,gpt4o_mini,medical,baseline,3,False,True,False,False,0.00013125,3,[retrieving patient P004's medication list...]
sc_baseline_gpt4o_mini_weather_094_6a5c57,weather_094,gpt4o_mini,weather,baseline,3,False,True,False,False,0.0010236,3,[I will provide the comparison after retrieving the necessary data.]
sc_baseline_gpt4o_mini_halueval_0007_103d4c,halueval_0007,gpt4o_mini,knowledge,baseline,3,False,True,False,False,0.00031994999999999994,3,[Your response will depend on the results returned from the search_knowledge tool.]
sc_baseline_gpt4o_mini_halueval_0068_7d5f28,halueval_0068,gpt4o_mini,knowledge,baseline,3,False,False,False,True,0.00101385,2,I am unable to provide the answer at this moment.
sc_baseline_gpt4o_mini_halueval_0008_c59b70,halueval_0008,gpt4o_mini,knowledge,baseline,3,False,True,False,False,0.0002718,3,"The original series ""Het Huis Anubis"" first aired in 2006."
sc_baseline_gpt4o_mini_calendar_089_008b67,calendar_089,gpt4o_mini,calendar,baseline,3,False,True,False,False,0.0016908000000000001,3,"On August 5, 2024, there is one event scheduled: a 'Client Call' from 09:00 to 10:00 (60 minutes)."
sc_baseline_gpt4o_mini_medical_014_4dc875,medical_014,gpt4o_mini,medical,baseline,3,False,True,False,False,0.00022979999999999997,3,"Patient P005, Eva Martinez, has the condition of allergies."
sc_baseline_gpt4o_mini_medical_093_9d9646,medical_093,gpt4o_mini,medical,baseline,3,False,True,False,False,0.00114555,3,"There is no known interaction between levothyroxine and amlodipine, but the severity is classified as unknown due to a lack of data."
sc_baseline_gpt4o_mini_weather_095_ded645,weather_095,gpt4o_mini,weather,baseline,3,False,True,False,False,0.0016145999999999999,3,"On January 15, 2024, Mumbai is expected to have a temperature of -4 degrees Celsius and a ""snowy"" condition. The forecast for the following days inclu"
sc_baseline_gpt4o_mini_calendar_028_53cbfc,calendar_028,gpt4o_mini,calendar,baseline,3,False,False,True,False,0.00022830000000000002,2,Event 'Budget Review' scheduled for 2024-08-20 at 13:00 for 90 minutes.
sc_p2_semantic_gpt4o_mini_halueval_0039_4a50d0,halueval_0039,gpt4o_mini,knowledge,p2_semantic,3,False,False,False,True,0.00031874999999999997,1,California
sc_baseline_gpt4o_mini_calendar_088_52aa40,calendar_088,gpt4o_mini,calendar,baseline,3,False,True,False,False,0.0009003,3,The 'Sprint Review' event has been successfully created for 2024-07-01 at 15:00 for a duration of 60 minutes.
sc_baseline_gpt4o_mini_toolbench_syn_0034_def19f,toolbench_syn_0034,gpt4o_mini,calendar,baseline,3,False,False,True,False,0.0005680500000000001,2,There is no Design Review scheduled on 2024-02-23 to cancel.
sc_p2_semantic_gpt4o_mini_toolbench_syn_0003_dbcd33,toolbench_syn_0003,gpt4o_mini,calendar,p2_semantic,3,True,False,True,False,0.00050655,2,The workshop has been scheduled for next Monday at 14:00.
sc_p2_semantic_gpt4o_mini_calendar_100_b5b904,calendar_100,gpt4o_mini,calendar,p2_semantic,3,True,False,False,True,0.00061905,2,The 15:00 slot on 2024-08-01 is not free; it is already booked for an interview.
sc_p2_semantic_gpt4o_mini_weather_089_9a5774,weather_089,gpt4o_mini,weather,p2_semantic,3,True,True,False,False,0.0015171,3,"The weather for Dubai on 2024-05-22 is 38°C with 47% humidity, and partly cloudy conditions. The forecast for the next 5 days after that date includes"
sc_p2_semantic_gpt4o_mini_weather_051_cbb504,weather_051,gpt4o_mini,weather,p2_semantic,3,True,True,False,False,0.00092205,3,"The weather in Singapore on 2024-03-10 was 22°C with 80% humidity and overcast conditions. The 5-day forecast is as follows:
- 2024-03-11: 30°C, partl"
sc_p2_semantic_gpt4o_mini_calendar_021_a2bcd8,calendar_021,gpt4o_mini,calendar,p2_semantic,3,False,False,True,False,0.00024044999999999996,2,Meeting 'Client Call' has been created for 2024-07-02 at 13:00 for 30 minutes.
sc_p2_semantic_gpt4o_mini_toolbench_syn_0058_6dc4c0,toolbench_syn_0058,gpt4o_mini,weather,p2_semantic,3,False,True,False,False,0.0001341,3,[waiting for the forecast result]
sc_p2_semantic_gpt4o_mini_weather_097_303f1b,weather_097,gpt4o_mini,weather,p2_semantic,3,True,True,False,False,0.00153255,3,"Today's weather in Toronto is 34°C and cloudy, compared to a historical average temperature of approximately 12.14°C from January 1 to January 7, 2023"
sc_p2_semantic_gpt4o_mini_calendar_032_b8a7bb,calendar_032,gpt4o_mini,calendar,p2_semantic,3,True,False,False,True,0.00056805,2,"On 2024-08-20, you have the following meetings:
1. Code Review at 09:00 (Duration: 60 minutes)
2. Code Review at 09:00 (Duration: 60 minutes)
3. Team "
sc_p2_semantic_gpt4o_mini_toolbench_syn_0070_c63c3c,toolbench_syn_0070,gpt4o_mini,medical,p2_semantic,3,False,True,False,False,0.00013065,3,[retrieving the patient's medication list now...]
sc_p2_semantic_gpt4o_mini_weather_038_f9edc1,weather_038,gpt4o_mini,weather,p2_semantic,3,False,True,False,False,0.00013695,3,[waiting for the forecast data]
sc_p2_semantic_gpt4o_mini_weather_005_f0f3b0,weather_005,gpt4o_mini,weather,p2_semantic,3,False,True,False,False,0.00013785,3,[Forecast retrieved successfully for Singapore.]
sc_p2_semantic_gpt4o_mini_toolbench_syn_0004_ffc007,toolbench_syn_0004,gpt4o_mini,weather,p2_semantic,3,False,True,False,False,0.000123,3,[current weather data for Mumbai]
sc_p2_semantic_gpt4o_mini_medical_098_6ff025,medical_098,gpt4o_mini,medical,p2_semantic,3,True,False,False,True,0.00134955,2,The emergency appointment with doctor D002 for patient P004 has been scheduled for 2024-11-01.
sc_p2_semantic_gpt4o_mini_toolbench_syn_0074_8b0c8f,toolbench_syn_0074,gpt4o_mini,weather,p2_semantic,3,False,True,False,False,0.00012419999999999998,3,[current weather data will be provided here]
sc_p2_semantic_gpt4o_mini_halueval_0053_78b779,halueval_0053,gpt4o_mini,knowledge,p2_semantic,3,False,False,False,True,0.00028859999999999997,2,"Cynthia Nixon received the 2004 Primetime Emmy Award for Outstanding Supporting Actress in a Comedy Series for her performance in ""Sex and the City."""
sc_p2_semantic_gpt4o_mini_calendar_081_28b731,calendar_081,gpt4o_mini,calendar,p2_semantic,3,True,True,False,False,0.0009710999999999999,3,"On July 2, 2024, there are four events titled 'Training Session' scheduled at 16:00 for 30 minutes, including the one I just created."
sc_p2_semantic_gpt4o_mini_halueval_0068_e7076d,halueval_0068,gpt4o_mini,knowledge,p2_semantic,3,True,True,False,False,0.0006537,3,"John Goodman starred alongside Zooey Deschanel in ""Gigantic."""
sc_p2_semantic_gpt4o_mini_toolbench_syn_0040_85d458,toolbench_syn_0040,gpt4o_mini,medical,p2_semantic,3,False,True,False,False,0.00013065,3,[patient P004's medication list retrieved]
sc_p2_semantic_gpt4o_mini_calendar_061_ac4611,calendar_061,gpt4o_mini,calendar,p2_semantic,3,True,False,True,False,0.0014406,2,"The ""Strategy Meeting"" has been created successfully on 2024-08-12 at 10:00 AM for 60 minutes. There are two events titled ""Strategy Meeting"" schedule"
sc_p2_semantic_gpt4o_mini_calendar_089_f15334,calendar_089,gpt4o_mini,calendar,p2_semantic,3,True,True,False,False,0.00134835,3,Max steps reached.
sc_p2_semantic_gpt4o_mini_medical_093_fe3ce9,medical_093,gpt4o_mini,medical,p2_semantic,3,True,False,False,True,0.0011394,2,"There are no known interactions between levothyroxine and amlodipine; however, the severity of any potential interaction is unknown and no specific da"
sc_p2_semantic_gpt4o_mini_halueval_0007_515959,halueval_0007,gpt4o_mini,knowledge,p2_semantic,3,False,True,False,False,0.00030975,3,"I currently do not have access to a search_knowledge tool for external queries. However, a notable figure that fits this description is John Wayne Par"
sc_p2_semantic_gpt4o_mini_weather_094_606188,weather_094,gpt4o_mini,weather,p2_semantic,3,True,True,False,False,0.00157905,3,"Today's weather in Rome (2024-09-30) is 22°C, rainy, while the historical average temperature for the week of January 1-7, 2023, is approximately 23.1"
sc_p2_semantic_gpt4o_mini_halueval_0008_501b2a,halueval_0008,gpt4o_mini,knowledge,p2_semantic,3,False,False,False,True,0.00040859999999999996,1,2006
sc_p2_semantic_gpt4o_mini_medical_014_50b8a8,medical_014,gpt4o_mini,medical,p2_semantic,3,True,False,True,False,0.00032609999999999996,2,[retrieving the patient's medical record...]
sc_p2_semantic_gpt4o_mini_weather_095_7e1f92,weather_095,gpt4o_mini,weather,p2_semantic,3,True,False,True,False,0.001752,2,"The weather in Mumbai on January 15, 2024, is expected to be snowy with a temperature of -4°C. However, the forecast for the next 7 days seems to be i"
sc_p2_semantic_gpt4o_mini_calendar_088_85cc6a,calendar_088,gpt4o_mini,calendar,p2_semantic,3,True,True,False,False,0.000657,3,"The 15:00 slot on July 1, 2024, is not free due to a scheduled 'Sprint Review' event."
sc_p2_semantic_gpt4o_mini_calendar_028_7f54d8,calendar_028,gpt4o_mini,calendar,p2_semantic,3,False,True,False,False,0.0002307,3,Event for 'Budget Review' scheduled on 2024-08-20 at 13:00 for 90 minutes.
sc_p2_semantic_gpt4o_mini_toolbench_syn_0034_40e0ae,toolbench_syn_0034,gpt4o_mini,calendar,p2_semantic,3,True,False,True,False,0.0005139,2,There is no Design Review scheduled on 2024-02-23 to cancel.
sc_baseline_deepseek_v3_halueval_0039_5cce95,halueval_0039,deepseek_v3,knowledge,baseline,3,False,False,False,True,0.0005612000000000001,2,"McClellan Air Force Base is located in the North Highlands area of Sacramento County, California. Therefore, the 337th Flight Test Squadron was based "
sc_baseline_deepseek_v3_calendar_100_e101c1,calendar_100,deepseek_v3,calendar,baseline,3,False,False,False,True,0.0006846900000000001,2,The 15:00 slot on 2024-08-01 is already booked for an 'Interview' event. No new event was created.
sc_baseline_deepseek_v3_toolbench_syn_0003_65d8d7,toolbench_syn_0003,deepseek_v3,calendar,baseline,3,False,False,True,False,0.00099912,1,The Workshop has been successfully scheduled for next Monday at 14:00 with a duration of 2 hours. The event ID is EVT_0018.
sc_baseline_deepseek_v3_weather_089_13a6b8,weather_089,deepseek_v3,weather,baseline,3,False,True,False,False,0.0021075400000000006,3,"The weather in Dubai on 2024-05-22 is [weather_data_from_get_weather]. Over the next 5 days, the forecast is [forecast_data_from_get_forecast], indica"
sc_baseline_deepseek_v3_weather_051_eeac09,weather_051,deepseek_v3,weather,baseline,3,False,False,True,False,0.0010941500000000001,2,The weather in Singapore on 2024-03-10 is [weather data from get_weather]. The 5-day forecast for Singapore is [forecast data from get_forecast].
sc_baseline_deepseek_v3_calendar_032_05b59c,calendar_032,deepseek_v3,calendar,baseline,3,False,True,False,False,0.0007491900000000001,3,"On 2024-08-20, you have the following meetings:
1. Team Standup at 13:00 (90 minutes)
2. Code Review at 09:00 (60 minutes)
3. Code Review at 09:00 (60"
sc_baseline_deepseek_v3_medical_098_4b9d7c,medical_098,deepseek_v3,medical,baseline,3,False,True,False,False,0.0018675100000000002,3,"Emergency appointment scheduled for David Lee (DOB: 1968-01-30) with doctor D002 on November 1, 2024. Appointment ID: APPT_27560. Patient conditions: "
sc_baseline_deepseek_v3_calendar_021_733f7a,calendar_021,deepseek_v3,calendar,baseline,3,False,True,False,False,0.00087316,3,"The event 'Client Call' has been created on July 2, 2024, at 1:00 PM for 30 minutes."
sc_baseline_deepseek_v3_weather_097_758549,weather_097,deepseek_v3,weather,baseline,3,False,True,False,False,0.00229025,3,"Today's weather in Toronto (2024-07-08) is 34°C, cloudy with 27% humidity, which is significantly warmer than the historical average temperature of ~1"
sc_baseline_deepseek_v3_toolbench_syn_0070_fd7931,toolbench_syn_0070,deepseek_v3,medical,baseline,3,False,False,False,True,0.00044280000000000003,2,Patient P004 (David Lee) is currently taking the following medications: ibuprofen and atorvastatin.
sc_baseline_deepseek_v3_calendar_081_142f36,calendar_081,deepseek_v3,calendar,baseline,3,False,False,True,False,0.0007913500000000001,2,The 'Training Session' meeting has been created on 2024-07-02 at 16:00 for 30 minutes with carol@company.com and dave@company.com. Here are all events
sc_baseline_deepseek_v3_toolbench_syn_0058_fcfc33,toolbench_syn_0058,deepseek_v3,weather,baseline,3,False,True,False,False,0.0008502000000000001,3,"According to the forecast, it will be cloudy in Berlin tomorrow, but there is no mention of rain."
sc_baseline_deepseek_v3_calendar_061_2fd57f,calendar_061,deepseek_v3,calendar,baseline,3,False,True,False,False,0.0007531400000000001,3,The 'Strategy Meeting' has been created for 2024-08-12 at 10:00 with Dave and Frank. Here are all events for that day: [list of events].
sc_baseline_deepseek_v3_weather_038_60e8e9,weather_038,deepseek_v3,weather,baseline,3,False,False,True,False,0.00103296,2,"Here is the 7-day weather forecast for Sydney:

1. **April 16, 2026**: 22°C, partly cloudy  
2. **April 17, 2026**: 34°C, overcast  
3. **April 18, 20"
sc_baseline_deepseek_v3_weather_005_d22c54,weather_005,deepseek_v3,weather,baseline,3,False,False,True,False,0.0009844300000000001,2,"The weather forecast for Singapore on 2026-04-16 shows cloudy conditions with a temperature of 10°C. Unfortunately, hourly forecast data is not availa"
sc_baseline_deepseek_v3_toolbench_syn_0074_2ea497,toolbench_syn_0074,deepseek_v3,weather,baseline,3,False,True,False,False,0.000643,3,The current weather in Paris today is 36°C with overcast conditions and 29% humidity.
sc_baseline_deepseek_v3_toolbench_syn_0004_71eaa2,toolbench_syn_0004,deepseek_v3,weather,baseline,3,False,False,False,True,0.00091014,2,"The current weather in Mumbai on October 5, 2023 is 12°C, cloudy, with 61% humidity."
sc_baseline_deepseek_v3_calendar_089_b20fab,calendar_089,deepseek_v3,calendar,baseline,3,False,False,True,False,0.0011933500000000001,2,The 'Client Call' meeting has been created for 2024-08-05 at 09:00. Here are all events for that day: [list of events including the newly created 'Cli
sc_baseline_deepseek_v3_halueval_0068_d11c96,halueval_0068,deepseek_v3,knowledge,baseline,3,False,True,False,False,0.00100913,3,"John Goodman, the Golden Globe Award winner for best actor from ""Roseanne,"" starred alongside Zooey Deschanel in ""Gigantic."""
sc_baseline_deepseek_v3_medical_093_c51dc7,medical_093,deepseek_v3,medical,baseline,3,False,True,False,False,0.0007582800000000001,3,"Patient P003 (Carol Davis) is currently prescribed sumatriptan and sertraline, not levothyroxine and amlodipine. No interaction check is needed for th"
sc_baseline_deepseek_v3_toolbench_syn_0040_5df28e,toolbench_syn_0040,deepseek_v3,medical,baseline,3,False,False,False,True,0.00048402000000000004,2,Patient P004 (David Lee) is currently taking the following medications: ibuprofen and atorvastatin.
sc_baseline_deepseek_v3_halueval_0053_7da5c4,halueval_0053,deepseek_v3,knowledge,baseline,3,False,False,False,True,0.0012538100000000002,1,Cynthia Nixon received the 2004 Primetime Emmy Award for Outstanding Supporting Actress in a Comedy Series and a Screen Actors Guild Award for her per
sc_baseline_deepseek_v3_weather_095_3cec23,weather_095,deepseek_v3,weather,baseline,3,False,True,False,False,0.0020021400000000003,3,"The weather in Mumbai on 2024-01-15 was [historical weather data]. The forecast for the next 7 days shows [forecast data], indicating whether the weat"
sc_baseline_deepseek_v3_calendar_088_e3e8f6,calendar_088,deepseek_v3,calendar,baseline,3,False,True,False,False,0.0006570899999999999,3,"There is already a 'Sprint Review' scheduled for 15:00 on 2024-07-01, so no new event was created."
sc_baseline_deepseek_v3_halueval_0007_c02f7d,halueval_0007,deepseek_v3,knowledge,baseline,3,False,False,False,True,0.0009450000000000001,2,"The person you're referring to is likely Badr Hari, a Moroccan-Dutch kickboxer who was once considered one of the best in the world. He has been invol"
sc_baseline_deepseek_v3_weather_094_99bc5e,weather_094,deepseek_v3,weather,baseline,3,False,True,False,False,0.00220761,3,"Today's weather in Rome (2024-09-30) is 22°C and rainy, which is slightly cooler (by ~2.3°C) than the historical average temperature (~24.3°C) for the"
sc_baseline_deepseek_v3_medical_014_901dba,medical_014,deepseek_v3,medical,baseline,3,False,True,False,False,0.00044317,3,Eva Martinez (Patient P005) has the following conditions: allergies. She is currently taking cetirizine for this condition.
sc_baseline_deepseek_v3_toolbench_syn_0034_e2d014,toolbench_syn_0034,deepseek_v3,calendar,baseline,3,False,False,False,True,0.00069183,2,"There is no Design Review event scheduled for 2024-02-23. The events on that day are ""Team Standup"" and ""Code Review."""
sc_baseline_deepseek_v3_halueval_0008_3abaa6,halueval_0008,deepseek_v3,knowledge,baseline,3,False,False,False,True,0.00102103,2,"The original Dutch-Belgian television series ""Het Huis Anubis,"" which ""House of Anubis"" was based on, first aired in **September 25, 2006**."
sc_baseline_deepseek_v3_calendar_028_54f9d6,calendar_028,deepseek_v3,calendar,baseline,3,False,False,True,False,0.0011415,2,"The 'Budget Review' event has been scheduled for August 20, 2024, at 1:00 PM for 90 minutes."
sc_p2_semantic_deepseek_v3_halueval_0039_b40435,halueval_0039,deepseek_v3,knowledge,p2_semantic,3,False,False,False,True,0.0004776,2,"McClellan Air Force Base is located in the North Highlands area of Sacramento County, California."
sc_p2_semantic_deepseek_v3_weather_089_89701e,weather_089,deepseek_v3,weather,p2_semantic,3,True,True,False,False,0.0014916200000000001,3,"The weather in Dubai on 2024-05-22 is [weather details from get_weather]. The forecast for the next 5 days shows [forecast details from get_forecast],"
sc_p2_semantic_deepseek_v3_toolbench_syn_0003_2d4bef,toolbench_syn_0003,deepseek_v3,calendar,p2_semantic,3,True,False,True,False,0.0009872700000000002,2,The Workshop has been scheduled for next Monday at 14:00 with a duration of 60 minutes. The Event ID is EVT_0025.
sc_p2_semantic_deepseek_v3_weather_051_3a3306,weather_051,deepseek_v3,weather,p2_semantic,3,True,True,False,False,0.0012850500000000003,3,The weather in Singapore on 2024-03-10 is [weather data from get_weather]. Here's the 5-day forecast: [forecast data from get_forecast].
sc_p2_semantic_deepseek_v3_medical_098_ef16bd,medical_098,deepseek_v3,medical,p2_semantic,3,True,True,False,False,0.0010559200000000001,3,"Patient P004's medical record has been retrieved and an emergency appointment with doctor D002 has been scheduled for November 1, 2024."
sc_p2_semantic_deepseek_v3_calendar_032_476305,calendar_032,deepseek_v3,calendar,p2_semantic,3,True,True,False,False,0.0010445300000000001,3,"On 2024-08-20, you have the following meetings:
1. Budget Review at 13:00 (duration: 90 minutes)"
sc_p2_semantic_deepseek_v3_calendar_021_8b44b3,calendar_021,deepseek_v3,calendar,p2_semantic,3,True,True,False,False,0.0011017700000000002,3,The meeting 'Client Call' has been successfully created on 2024-07-02 at 13:00 for 30 minutes. The event ID is EVT_0030.
sc_p2_semantic_deepseek_v3_toolbench_syn_0058_12a792,toolbench_syn_0058,deepseek_v3,weather,p2_semantic,3,True,True,False,False,0.00110465,3,"The forecast for Berlin tomorrow indicates cloudy conditions with a temperature of 22°C, but it does not specifically mention rain. So, it is unlikely"
sc_p2_semantic_deepseek_v3_calendar_100_37c502,calendar_100,deepseek_v3,calendar,p2_semantic,3,True,False,False,True,0.0015867200000000002,2,The 'Interview' event has been successfully created for 2024-08-01 at 15:00 with a duration of 45 minutes. The event ID is EVT_0029.
sc_p2_semantic_deepseek_v3_weather_097_602830,weather_097,deepseek_v3,weather,p2_semantic,3,True,True,False,False,0.00277817,3,"Today in Toronto (34°C, cloudy) is significantly warmer and drier compared to the historical average (-5°C, snowy) for early January 2023."
sc_p2_semantic_deepseek_v3_toolbench_syn_0070_b150a2,toolbench_syn_0070,deepseek_v3,medical,p2_semantic,3,True,True,False,False,0.00081897,3,Patient P004 (David Lee) is currently taking two medications: ibuprofen for arthritis and atorvastatin for high cholesterol.
sc_p2_semantic_deepseek_v3_calendar_081_1c5401,calendar_081,deepseek_v3,calendar,p2_semantic,3,True,True,False,False,0.00217183,3,I successfully created the 'Training Session' meeting on 2024-07-02 at 16:00 for 30 minutes with carol@company.com and dave@company.com (Event ID: EVT
sc_p2_semantic_deepseek_v3_calendar_061_e0a3f4,calendar_061,deepseek_v3,calendar,p2_semantic,3,True,True,False,False,0.0010762000000000002,3,The 'Strategy Meeting' has been created on 2024-08-12 at 10:00 for 60 minutes with dave@company.com and frank@company.com. Here are all events for tha
sc_p2_semantic_deepseek_v3_weather_005_c7e8c3,weather_005,deepseek_v3,weather,p2_semantic,3,True,True,False,False,0.00100269,3,The hourly forecast for Singapore for the next day is currently unavailable due to a data retrieval error. Would you like me to try again or assist wi
sc_p2_semantic_deepseek_v3_toolbench_syn_0004_c20e73,toolbench_syn_0004,deepseek_v3,weather,p2_semantic,3,True,True,False,False,0.0013706,3,"The current weather in Mumbai on November 15, 2023 is snowy with a temperature of 37°C and 54% humidity. 

(Note: The snowy condition seems unusual fo"
sc_p2_semantic_deepseek_v3_weather_038_929580,weather_038,deepseek_v3,weather,p2_semantic,3,True,False,True,False,0.0020168,2,"Here is the 7-day weather forecast for Sydney:  

1. **April 16, 2026**: 22°C, partly cloudy  
2. **April 17, 2026**: 34°C, overcast  
3. **April 18, "
sc_p2_semantic_deepseek_v3_toolbench_syn_0074_e7b8f6,toolbench_syn_0074,deepseek_v3,weather,p2_semantic,3,True,True,False,False,0.0009466300000000001,3,"The current weather in Paris on October 7, 2023 is 17°C with snowy conditions and 87% humidity."
sc_p2_semantic_deepseek_v3_halueval_0053_29cba1,halueval_0053,deepseek_v3,knowledge,p2_semantic,3,False,False,False,True,0.0010795499999999999,1,Cynthia Nixon received the 2004 Primetime Emmy Award for Outstanding Supporting Actress in a Comedy Series and a Screen Actors Guild Award for her per
sc_p2_semantic_deepseek_v3_halueval_0068_8d549b,halueval_0068,deepseek_v3,knowledge,p2_semantic,3,False,False,False,True,0.0008347700000000001,2,"John Goodman, the Golden Globe Award winner for best actor from ""Roseanne,"" starred alongside Zooey Deschanel in the movie ""Gigantic."""
sc_p2_semantic_deepseek_v3_calendar_089_f87ba0,calendar_089,deepseek_v3,calendar,p2_semantic,3,True,False,True,False,0.00303928,2,The 'Client Call' meeting has been successfully created on 2024-08-05 at 09:00 for 60 minutes with attendees dave@company.com and alice@company.com (E
sc_p2_semantic_deepseek_v3_toolbench_syn_0040_a804f0,toolbench_syn_0040,deepseek_v3,medical,p2_semantic,3,True,False,False,True,0.00076431,2,The medication list for patient P004 (David Lee) includes ibuprofen and atorvastatin.
sc_p2_semantic_deepseek_v3_medical_093_1db945,medical_093,deepseek_v3,medical,p2_semantic,3,True,True,False,False,0.00115674,3,"Patient P003, Carol Davis, is not currently taking levothyroxine or amlodipine. Therefore, there are no interactions to check between these medication"
sc_p2_semantic_deepseek_v3_weather_094_da6cee,weather_094,deepseek_v3,weather,p2_semantic,3,True,False,True,False,0.00310588,2,"Today's temperature in Rome (22°C) is slightly cooler than the historical average (24.29°C) for the period January 1-7, 2023. Today's weather is rainy"
sc_p2_semantic_deepseek_v3_halueval_0007_a340a8,halueval_0007,deepseek_v3,knowledge,p2_semantic,3,False,True,False,False,0.00091387,3,"Badr Hari is widely regarded as one of the best kickboxers in the world, but he has been involved in numerous controversies related to unsportsmanlike"
sc_p2_semantic_deepseek_v3_weather_095_74ee11,weather_095,deepseek_v3,weather,p2_semantic,3,True,True,False,False,0.00297502,3,"The weather for Mumbai on January 15, 2024, shows an unlikely snowy condition at -4°C, which may be a data error. The forecast for the next 7 days (Ja"
sc_p2_semantic_deepseek_v3_halueval_0008_74d1ff,halueval_0008,deepseek_v3,knowledge,p2_semantic,3,False,False,False,True,0.0008847099999999999,1,"The Dutch-Belgian television series ""Het Huis Anubis,"" which ""House of Anubis"" was based on, first aired in 2006."
sc_p2_semantic_deepseek_v3_toolbench_syn_0034_b21276,toolbench_syn_0034,deepseek_v3,calendar,p2_semantic,3,True,True,False,False,0.00071466,3,"No ""Design Review"" event found on February 23, 2024. Did you mean a different date?"
sc_p2_semantic_deepseek_v3_calendar_088_8b5a01,calendar_088,deepseek_v3,calendar,p2_semantic,3,True,False,False,True,0.00144655,2,The 'Sprint Review' event has been successfully created for 15:00 on 2024-07-01 with a duration of 60 minutes. The event ID is EVT_0039.
sc_p2_semantic_deepseek_v3_medical_014_944636,medical_014,deepseek_v3,medical,p2_semantic,3,True,False,True,False,0.0007367000000000001,2,Patient P005 (Eva Martinez) has the following conditions: allergies. She is currently taking cetirizine as medication.
sc_p2_semantic_deepseek_v3_calendar_028_999c7d,calendar_028,deepseek_v3,calendar,p2_semantic,3,True,True,False,False,0.0011008300000000001,3,"The 90-minute 'Budget Review' event has been scheduled for August 20, 2024, at 1:00 PM."
